0 verbose cli /usr/bin/node /usr/bin/npm
1 info using npm@10.9.4
2 info using node@v22.22.0
3 silly config load:file:/usr/lib/node_modules/npm/npmrc
4 silly config load:file:/home/gjugn/.local/share/trueforge/sandboxes/01m11dajmnq9tr5azwgr0za51v/01m11danr5gsawpdf8mxvwgfkp/.npmrc
5 silly config load:file:/home/gjugn/.local/share/trueforge/sandboxes/01m11dajmnq9tr5azwgr0za51v/01m11danr5gsawpdf8mxvwgfkp/.home/.npmrc
6 silly config load:file:/usr/etc/npmrc
7 verbose title npm install
8 verbose argv "install"
9 verbose logfile logs-max:10 dir:/home/gjugn/.local/share/trueforge/sandboxes/01m11dajmnq9tr5azwgr0za51v/01m11danr5gsawpdf8mxvwgfkp/.home/.npm/_logs/2026-08-27T10_49_03_910Z-
10 verbose logfile /home/gjugn/.local/share/trueforge/sandboxes/01m11dajmnq9tr5azwgr0za51v/01m11danr5gsawpdf8mxvwgfkp/.home/.npm/_logs/2026-08-27T10_49_03_910Z-debug-0.log
11 silly logfile done cleaning log files
12 silly packumentCache heap:2026110976 maxSize:506527744 maxEntrySize:253263872
13 silly idealTree buildDeps
14 silly fetch manifest eslint@^10.0.0
15 silly packumentCache full:https://registry.npmjs.org/eslint cache-miss
16 http fetch GET 200 https://registry.npmjs.org/eslint 6381ms (cache miss)
17 silly packumentCache full:https://registry.npmjs.org/eslint set size:undefined disposed:false
18 silly fetch manifest jiti@*
19 silly packumentCache full:https://registry.npmjs.org/jiti cache-miss
20 http fetch GET 200 https://registry.npmjs.org/jiti 402ms (cache miss)
21 silly packumentCache full:https://registry.npmjs.org/jiti set size:undefined disposed:false
22 warn ERESOLVE overriding peer dependency {
22 warn ERESOLVE   code: 'ERESOLVE',
22 warn ERESOLVE   edge: {
22 warn ERESOLVE     type: 'peerOptional',
22 warn ERESOLVE     name: 'eslint',
22 warn ERESOLVE     spec: '^10.0.0',
22 warn ERESOLVE     error: 'INVALID',
22 warn ERESOLVE     from: {
22 warn ERESOLVE       name: '@eslint/js',
22 warn ERESOLVE       version: '10.0.1',
22 warn ERESOLVE       location: 'node_modules/@tanstack/eslint-config/node_modules/@eslint/js',
22 warn ERESOLVE       isWorkspace: false,
22 warn ERESOLVE       dependents: [Array]
22 warn ERESOLVE     }
22 warn ERESOLVE   },
22 warn ERESOLVE   dep: {
22 warn ERESOLVE     name: 'eslint',
22 warn ERESOLVE     version: '10.9.1',
22 warn ERESOLVE     whileInstalling: {
22 warn ERESOLVE       name: '@eslint/js',
22 warn ERESOLVE       version: '10.0.1',
22 warn ERESOLVE       path: '/home/gjugn/.local/share/trueforge/sandboxes/01m11dajmnq9tr5azwgr0za51v/01m11danr5gsawpdf8mxvwgfkp/node_modules/@tanstack/eslint-config/node_modules/@eslint/js'
22 warn ERESOLVE     },
22 warn ERESOLVE     location: 'node_modules/eslint',
22 warn ERESOLVE     isWorkspace: false,
22 warn ERESOLVE     dependents: [ [Object] ]
22 warn ERESOLVE   },
22 warn ERESOLVE   force: false,
22 warn ERESOLVE   isMine: false,
22 warn ERESOLVE   strictPeerDeps: false,
22 warn ERESOLVE   current: {
22 warn ERESOLVE     name: 'eslint',
22 warn ERESOLVE     version: '9.39.5',
22 warn ERESOLVE     location: 'node_modules/eslint',
22 warn ERESOLVE     isWorkspace: false,
22 warn ERESOLVE     dependents: [
22 warn ERESOLVE       [Object], [Object],
22 warn ERESOLVE       [Object], [Object],
22 warn ERESOLVE       [Object], [Object],
22 warn ERESOLVE       [Object], [Object],
22 warn ERESOLVE       [Object], [Object],
22 warn ERESOLVE       [Object], [Object],
22 warn ERESOLVE       [Object], [Object]
22 warn ERESOLVE     ]
22 warn ERESOLVE   },
22 warn ERESOLVE   peerConflict: {
22 warn ERESOLVE     current: {
22 warn ERESOLVE       name: 'eslint',
22 warn ERESOLVE       version: '9.39.5',
22 warn ERESOLVE       location: 'node_modules/eslint',
22 warn ERESOLVE       isWorkspace: false,
22 warn ERESOLVE       dependents: [Array]
22 warn ERESOLVE     },
22 warn ERESOLVE     peer: {
22 warn ERESOLVE       name: 'eslint',
22 warn ERESOLVE       version: '10.9.1',
22 warn ERESOLVE       whileInstalling: [Object],
22 warn ERESOLVE       location: 'node_modules/eslint',
22 warn ERESOLVE       isWorkspace: false,
22 warn ERESOLVE       dependents: [Array]
22 warn ERESOLVE     }
22 warn ERESOLVE   }
22 warn ERESOLVE }
23 silly reify moves {}
24 verbose reify failed optional dependency /home/gjugn/.local/share/trueforge/sandboxes/01m11dajmnq9tr5azwgr0za51v/01m11danr5gsawpdf8mxvwgfkp/node_modules/@tailwindcss/oxide-wasm32-wasi
25 silly reify mark deleted [
25 silly reify   '/home/gjugn/.local/share/trueforge/sandboxes/01m11dajmnq9tr5azwgr0za51v/01m11danr5gsawpdf8mxvwgfkp/node_modules/@tailwindcss/oxide-wasm32-wasi'
25 silly reify ]
26 silly audit bulk request {
26 silly audit   '@acemir/cssom': [ '0.9.31' ],
26 silly audit   '@adobe/react-spectrum': [ '3.47.3' ],
26 silly audit   '@adobe/react-spectrum-ui': [ '1.2.1' ],
26 silly audit   '@adobe/react-spectrum-workflow': [ '2.3.5' ],
26 silly audit   '@apm-js-collab/code-transformer': [ '0.18.1' ],
26 silly audit   '@apm-js-collab/code-transformer-bundler-plugins': [ '0.7.4' ],
26 silly audit   '@apm-js-collab/tracing-hooks': [ '0.13.0' ],
26 silly audit   '@asamuzakjp/css-color': [ '5.1.11' ],
26 silly audit   '@asamuzakjp/dom-selector': [ '6.8.1' ],
26 silly audit   'lru-cache': [ '11.5.2', '5.1.1' ],
26 silly audit   '@asamuzakjp/generational-cache': [ '1.0.1' ],
26 silly audit   '@asamuzakjp/nwsapi': [ '2.3.9' ],
26 silly audit   '@babel/code-frame': [ '7.29.7', '7.27.1' ],
26 silly audit   '@babel/compat-data': [ '7.29.7' ],
26 silly audit   '@babel/core': [ '7.29.7' ],
26 silly audit   '@babel/generator': [ '7.29.8' ],
26 silly audit   '@babel/helper-compilation-targets': [ '7.29.7' ],
26 silly audit   '@babel/helper-globals': [ '7.29.7' ],
26 silly audit   '@babel/helper-module-imports': [ '7.29.7' ],
26 silly audit   '@babel/helper-module-transforms': [ '7.29.7' ],
26 silly audit   '@babel/helper-string-parser': [ '7.29.7' ],
26 silly audit   '@babel/helper-validator-identifier': [ '7.29.7' ],
26 silly audit   '@babel/helper-validator-option': [ '7.29.7' ],
26 silly audit   '@babel/helpers': [ '7.29.7' ],
26 silly audit   '@babel/parser': [ '7.29.8' ],
26 silly audit   '@babel/runtime': [ '7.29.7' ],
26 silly audit   '@babel/template': [ '7.29.7' ],
26 silly audit   '@babel/traverse': [ '7.29.8' ],
26 silly audit   '@babel/types': [ '7.29.8' ],
26 silly audit   '@better-auth/core': [ '1.7.1' ],
26 silly audit   '@better-auth/drizzle-adapter': [ '1.7.1' ],
26 silly audit   '@better-auth/kysely-adapter': [ '1.7.1' ],
26 silly audit   '@better-auth/memory-adapter': [ '1.7.1' ],
26 silly audit   '@better-auth/mongo-adapter': [ '1.7.1' ],
26 silly audit   '@better-auth/prisma-adapter': [ '1.7.1' ],
26 silly audit   '@better-auth/telemetry': [ '1.7.1' ],
26 silly audit   '@better-auth/utils': [ '0.4.2', '0.5.0' ],
26 silly audit   '@better-fetch/fetch': [ '1.3.1' ],
26 silly audit   '@bramus/specificity': [ '2.4.2' ],
26 silly audit   '@csstools/color-helpers': [ '6.1.1' ],
26 silly audit   '@csstools/css-calc': [ '3.3.0' ],
26 silly audit   '@csstools/css-color-parser': [ '4.2.0' ],
26 silly audit   '@csstools/css-parser-algorithms': [ '4.0.0' ],
26 silly audit   '@csstools/css-syntax-patches-for-csstree': [ '1.1.8' ],
26 silly audit   '@csstools/css-tokenizer': [ '4.0.0' ],
26 silly audit   '@electric-sql/pglite': [ '0.4.3' ],
26 silly audit   '@electric-sql/pglite-socket': [ '0.1.3' ],
26 silly audit   '@electric-sql/pglite-tools': [ '0.3.3' ],
26 silly audit   '@emnapi/core': [ '1.11.3', '1.10.0' ],
26 silly audit   '@emnapi/runtime': [ '1.11.3', '1.10.0' ],
26 silly audit   '@emnapi/wasi-threads': [ '1.2.3', '1.2.1' ],
26 silly audit   '@esbuild/aix-ppc64': [ '0.28.2' ],
26 silly audit   '@esbuild/android-arm': [ '0.28.2' ],
26 silly audit   '@esbuild/android-arm64': [ '0.28.2' ],
26 silly audit   '@esbuild/android-x64': [ '0.28.2' ],
26 silly audit   '@esbuild/darwin-arm64': [ '0.28.2' ],
26 silly audit   '@esbuild/darwin-x64': [ '0.28.2' ],
26 silly audit   '@esbuild/freebsd-arm64': [ '0.28.2' ],
26 silly audit   '@esbuild/freebsd-x64': [ '0.28.2' ],
26 silly audit   '@esbuild/linux-arm': [ '0.28.2' ],
26 silly audit   '@esbuild/linux-arm64': [ '0.28.2' ],
26 silly audit   '@esbuild/linux-ia32': [ '0.28.2' ],
26 silly audit   '@esbuild/linux-loong64': [ '0.28.2' ],
26 silly audit   '@esbuild/linux-mips64el': [ '0.28.2' ],
26 silly audit   '@esbuild/linux-ppc64': [ '0.28.2' ],
26 silly audit   '@esbuild/linux-riscv64': [ '0.28.2' ],
26 silly audit   '@esbuild/linux-s390x': [ '0.28.2' ],
26 silly audit   '@esbuild/linux-x64': [ '0.28.2' ],
26 silly audit   '@esbuild/netbsd-arm64': [ '0.28.2' ],
26 silly audit   '@esbuild/netbsd-x64': [ '0.28.2' ],
26 silly audit   '@esbuild/openbsd-arm64': [ '0.28.2' ],
26 silly audit   '@esbuild/openbsd-x64': [ '0.28.2' ],
26 silly audit   '@esbuild/openharmony-arm64': [ '0.28.2' ],
26 silly audit   '@esbuild/sunos-x64': [ '0.28.2' ],
26 silly audit   '@esbuild/win32-arm64': [ '0.28.2' ],
26 silly audit   '@esbuild/win32-ia32': [ '0.28.2' ],
26 silly audit   '@esbuild/win32-x64': [ '0.28.2' ],
26 silly audit   '@eslint-community/eslint-utils': [ '4.10.1' ],
26 silly audit   'eslint-visitor-keys': [ '3.4.3', '5.0.1', '4.2.1' ],
26 silly audit   '@eslint-community/regexpp': [ '4.12.2' ],
26 silly audit   '@eslint/config-array': [ '0.21.2' ],
26 silly audit   '@eslint/config-helpers': [ '0.4.2' ],
26 silly audit   '@eslint/core': [ '0.17.0' ],
26 silly audit   '@eslint/eslintrc': [ '3.3.6' ],
26 silly audit   globals: [ '14.0.0', '15.15.0', '17.11.0' ],
26 silly audit   '@eslint/js': [ '9.39.5', '10.0.1' ],
26 silly audit   '@eslint/object-schema': [ '2.1.7' ],
26 silly audit   '@eslint/plugin-kit': [ '0.4.1' ],
26 silly audit   '@exodus/bytes': [ '1.15.1' ],
26 silly audit   '@formatjs/ecma402-abstract': [ '2.3.6' ],
26 silly audit   '@formatjs/fast-memoize': [ '2.2.7' ],
26 silly audit   '@formatjs/icu-messageformat-parser': [ '2.11.4' ],
26 silly audit   '@formatjs/icu-skeleton-parser': [ '1.8.16' ],
26 silly audit   '@formatjs/intl-localematcher': [ '0.6.2' ],
26 silly audit   '@heroui/react': [ '3.2.4' ],
26 silly audit   '@heroui/styles': [ '3.2.4' ],
26 silly audit   '@hookform/resolvers': [ '5.4.0' ],
26 silly audit   '@humanfs/core': [ '0.19.2' ],
26 silly audit   '@humanfs/node': [ '0.16.8' ],
26 silly audit   '@humanfs/types': [ '0.15.0' ],
26 silly audit   '@humanwhocodes/module-importer': [ '1.0.1' ],
26 silly audit   '@humanwhocodes/retry': [ '0.4.3' ],
26 silly audit   '@internationalized/date': [ '3.12.3' ],
26 silly audit   '@internationalized/message': [ '3.1.10' ],
26 silly audit   '@internationalized/number': [ '3.6.7' ],
26 silly audit   '@internationalized/string': [ '3.2.10' ],
26 silly audit   '@jridgewell/gen-mapping': [ '0.3.13' ],
26 silly audit   '@jridgewell/remapping': [ '2.3.5' ],
26 silly audit   '@jridgewell/resolve-uri': [ '3.1.2' ],
26 silly audit   '@jridgewell/sourcemap-codec': [ '1.5.5' ],
26 silly audit   '@jridgewell/trace-mapping': [ '0.3.31' ],
26 silly audit   '@napi-rs/wasm-runtime': [ '1.2.3' ],
26 silly audit   '@neodrag/core': [ '3.0.0-next.11' ],
26 silly audit   '@neodrag/solid': [ '3.0.0-next.11' ],
26 silly audit   '@noble/ciphers': [ '2.3.0' ],
26 silly audit   '@noble/hashes': [ '2.3.0' ],
26 silly audit   '@oozcitak/dom': [ '2.0.2' ],
26 silly audit   '@oozcitak/infra': [ '2.0.2' ],
26 silly audit   '@oozcitak/url': [ '3.0.0' ],
26 silly audit   '@oozcitak/util': [ '10.0.0' ],
26 silly audit   '@opentelemetry/api': [ '1.9.1' ],
26 silly audit   '@opentelemetry/api-logs': [ '0.220.0' ],
26 silly audit   '@opentelemetry/core': [ '2.10.0' ],
26 silly audit   '@opentelemetry/instrumentation': [ '0.220.0' ],
26 silly audit   '@opentelemetry/resources': [ '2.10.0' ],
26 silly audit   '@opentelemetry/sdk-trace': [ '2.10.0' ],
26 silly audit   '@opentelemetry/sdk-trace-base': [ '2.10.0' ],
26 silly audit   '@opentelemetry/semantic-conventions': [ '1.43.0' ],
26 silly audit   '@orpc/client': [ '1.15.0' ],
26 silly audit   '@orpc/contract': [ '1.15.0' ],
26 silly audit   '@orpc/interop': [ '1.15.0' ],
26 silly audit   '@orpc/json-schema': [ '1.15.0' ],
26 silly audit   '@orpc/openapi': [ '1.15.0' ],
26 silly audit   '@orpc/openapi-client': [ '1.15.0' ],
26 silly audit   '@orpc/server': [ '1.15.0' ],
26 silly audit   '@orpc/shared': [ '1.15.0' ],
26 silly audit   '@orpc/standard-server': [ '1.15.0' ],
26 silly audit   '@orpc/standard-server-aws-lambda': [ '1.15.0' ],
26 silly audit   '@orpc/standard-server-fastify': [ '1.15.0' ],
26 silly audit   '@orpc/standard-server-fetch': [ '1.15.0' ],
26 silly audit   '@orpc/standard-server-node': [ '1.15.0' ],
26 silly audit   '@orpc/standard-server-peer': [ '1.15.0' ],
26 silly audit   '@orpc/tanstack-query': [ '1.15.0' ],
26 silly audit   '@orpc/zod': [ '1.15.0' ],
26 silly audit   '@oxc-parser/binding-android-arm-eabi': [ '0.120.0' ],
26 silly audit   '@oxc-parser/binding-android-arm64': [ '0.120.0' ],
26 silly audit   '@oxc-parser/binding-darwin-arm64': [ '0.120.0' ],
26 silly audit   '@oxc-parser/binding-darwin-x64': [ '0.120.0' ],
26 silly audit   '@oxc-parser/binding-freebsd-x64': [ '0.120.0' ],
26 silly audit   '@oxc-parser/binding-linux-arm-gnueabihf': [ '0.120.0' ],
26 silly audit   '@oxc-parser/binding-linux-arm-musleabihf': [ '0.120.0' ],
26 silly audit   '@oxc-parser/binding-linux-arm64-gnu': [ '0.120.0' ],
26 silly audit   '@oxc-parser/binding-linux-arm64-musl': [ '0.120.0' ],
26 silly audit   '@oxc-parser/binding-linux-ppc64-gnu': [ '0.120.0' ],
26 silly audit   '@oxc-parser/binding-linux-riscv64-gnu': [ '0.120.0' ],
26 silly audit   '@oxc-parser/binding-linux-riscv64-musl': [ '0.120.0' ],
26 silly audit   '@oxc-parser/binding-linux-s390x-gnu': [ '0.120.0' ],
26 silly audit   '@oxc-parser/binding-linux-x64-gnu': [ '0.120.0' ],
26 silly audit   '@oxc-parser/binding-linux-x64-musl': [ '0.120.0' ],
26 silly audit   '@oxc-parser/binding-openharmony-arm64': [ '0.120.0' ],
26 silly audit   '@oxc-parser/binding-wasm32-wasi': [ '0.120.0' ],
26 silly audit   '@oxc-parser/binding-win32-arm64-msvc': [ '0.120.0' ],
26 silly audit   '@oxc-parser/binding-win32-ia32-msvc': [ '0.120.0' ],
26 silly audit   '@oxc-parser/binding-win32-x64-msvc': [ '0.120.0' ],
26 silly audit   '@oxc-project/types': [ '0.120.0', '0.146.0' ],
26 silly audit   '@prisma/adapter-pg': [ '7.9.1' ],
26 silly audit   '@prisma/client': [ '7.9.1' ],
26 silly audit   '@prisma/client-runtime-utils': [ '7.9.1' ],
26 silly audit   '@prisma/config': [ '7.9.1' ],
26 silly audit   '@prisma/debug': [ '7.9.1', '7.2.0' ],
26 silly audit   '@prisma/dev': [ '0.24.17' ],
26 silly audit   '@prisma/driver-adapter-utils': [ '7.9.1' ],
26 silly audit   '@prisma/engines': [ '7.9.1' ],
26 silly audit   '@prisma/engines-version': [ '7.9.0-1.e922089b7d7502aff4249d5da3420f6fa55fc6ad' ],
26 silly audit   '@prisma/get-platform': [ '7.9.1', '7.2.0' ],
26 silly audit   '@prisma/fetch-engine': [ '7.9.1' ],
26 silly audit   '@prisma/query-plan-executor': [ '7.2.0' ],
26 silly audit   '@prisma/streams-local': [ '0.1.11' ],
26 silly audit   ajv: [ '8.20.0', '6.15.0' ],
26 silly audit   'json-schema-traverse': [ '1.0.0', '0.4.1' ],
26 silly audit   '@prisma/studio-core': [ '0.33.0' ],
26 silly audit   '@radix-ui/primitive': [ '1.1.3' ],
26 silly audit   '@radix-ui/react-avatar': [ '1.1.11' ],
26 silly audit   '@radix-ui/react-compose-refs': [ '1.1.2' ],
26 silly audit   '@radix-ui/react-context': [ '1.1.3' ],
26 silly audit   '@radix-ui/react-primitive': [ '2.1.4', '2.1.3' ],
26 silly audit   '@radix-ui/react-slot': [ '1.2.4', '1.2.3' ],
26 silly audit   '@radix-ui/react-toggle': [ '1.1.10' ],
26 silly audit   '@radix-ui/react-use-callback-ref': [ '1.1.1' ],
26 silly audit   '@radix-ui/react-use-controllable-state': [ '1.2.2' ],
26 silly audit   '@radix-ui/react-use-effect-event': [ '0.0.2' ],
26 silly audit   '@radix-ui/react-use-is-hydrated': [ '0.1.0' ],
26 silly audit   '@radix-ui/react-use-layout-effect': [ '1.1.1' ],
26 silly audit   '@react-aria/color': [ '3.2.1' ],
26 silly audit   '@react-aria/i18n': [ '3.13.1' ],
26 silly audit   '@react-aria/ssr': [ '3.10.1' ],
26 silly audit   '@react-aria/utils': [ '3.34.1' ],
26 silly audit   '@react-spectrum/color': [ '3.2.1' ],
26 silly audit   '@react-spectrum/provider': [ '3.11.1' ],
26 silly audit   '@react-stately/color': [ '3.10.1' ],
26 silly audit   '@react-stately/utils': [ '3.12.1' ],
26 silly audit   '@react-types/color': [ '3.2.0' ],
26 silly audit   '@react-types/shared': [ '3.36.1' ],
26 silly audit   '@rolldown/binding-android-arm-eabi': [ '1.2.5' ],
26 silly audit   '@rolldown/binding-android-arm64': [ '1.2.5' ],
26 silly audit   '@rolldown/binding-darwin-arm64': [ '1.2.5' ],
26 silly audit   '@rolldown/binding-darwin-x64': [ '1.2.5' ],
26 silly audit   '@rolldown/binding-freebsd-x64': [ '1.2.5' ],
26 silly audit   '@rolldown/binding-linux-arm-gnueabihf': [ '1.2.5' ],
26 silly audit   '@rolldown/binding-linux-arm64-gnu': [ '1.2.5' ],
26 silly audit   '@rolldown/binding-linux-arm64-musl': [ '1.2.5' ],
26 silly audit   '@rolldown/binding-linux-ppc64-gnu': [ '1.2.5' ],
26 silly audit   '@rolldown/binding-linux-s390x-gnu': [ '1.2.5' ],
26 silly audit   '@rolldown/binding-linux-x64-gnu': [ '1.2.5' ],
26 silly audit   '@rolldown/binding-linux-x64-musl': [ '1.2.5' ],
26 silly audit   '@rolldown/binding-openharmony-arm64': [ '1.2.5' ],
26 silly audit   '@rolldown/binding-win32-arm64-msvc': [ '1.2.5' ],
26 silly audit   '@rolldown/binding-win32-x64-msvc': [ '1.2.5' ],
26 silly audit   '@rolldown/pluginutils': [ '1.0.1' ],
26 silly audit   '@sentry/browser': [ '10.70.0' ],
26 silly audit   '@sentry/browser-utils': [ '10.70.0' ],
26 silly audit   '@sentry/bundler-plugins': [ '10.70.0' ],
26 silly audit   '@sentry/cli': [ '2.58.6' ],
26 silly audit   '@sentry/cli-darwin': [ '2.58.6' ],
26 silly audit   '@sentry/cli-linux-arm': [ '2.58.6' ],
26 silly audit   '@sentry/cli-linux-arm64': [ '2.58.6' ],
26 silly audit   '@sentry/cli-linux-i686': [ '2.58.6' ],
26 silly audit   '@sentry/cli-linux-x64': [ '2.58.6' ],
26 silly audit   '@sentry/cli-win32-arm64': [ '2.58.6' ],
26 silly audit   '@sentry/cli-win32-i686': [ '2.58.6' ],
26 silly audit   '@sentry/cli-win32-x64': [ '2.58.6' ],
26 silly audit   '@sentry/conventions': [ '0.16.0' ],
26 silly audit   '@sentry/core': [ '10.70.0' ],
26 silly audit   '@sentry/feedback': [ '10.70.0' ],
26 silly audit   '@sentry/node': [ '10.70.0' ],
26 silly audit   '@sentry/node-core': [ '10.70.0' ],
26 silly audit   '@sentry/opentelemetry': [ '10.70.0' ],
26 silly audit   '@sentry/react': [ '10.70.0' ],
26 silly audit   '@sentry/replay': [ '10.70.0' ],
26 silly audit   '@sentry/replay-canvas': [ '10.70.0' ],
26 silly audit   '@sentry/server-utils': [ '10.70.0' ],
26 silly audit   '@sentry/tanstackstart-react': [ '10.70.0' ],
26 silly audit   '@sentry/vite-plugin': [ '5.4.0' ],
26 silly audit   '@solid-primitives/event-listener': [ '2.4.6' ],
26 silly audit   '@solid-primitives/keyboard': [ '1.3.7' ],
26 silly audit   '@solid-primitives/resize-observer': [ '2.2.0' ],
26 silly audit   '@solid-primitives/rootless': [ '1.5.4' ],
26 silly audit   '@solid-primitives/static-store': [ '0.1.4' ],
26 silly audit   '@solid-primitives/utils': [ '6.4.1' ],
26 silly audit   '@spectrum-icons/ui': [ '3.7.1' ],
26 silly audit   '@spectrum-icons/workflow': [ '4.3.1' ],
26 silly audit   '@stablelib/base64': [ '1.0.1' ],
26 silly audit   '@standard-schema/spec': [ '1.1.0' ],
26 silly audit   '@standard-schema/utils': [ '0.3.0' ],
26 silly audit   '@stylistic/eslint-plugin': [ '5.10.0' ],
26 silly audit   '@swc/helpers': [ '0.5.23' ],
26 silly audit   '@t3-oss/env-core': [ '0.13.11' ],
26 silly audit   '@tailwindcss/node': [ '4.3.3' ],
26 silly audit   '@tailwindcss/oxide': [ '4.3.3' ],
26 silly audit   '@tailwindcss/oxide-android-arm64': [ '4.3.3' ],
26 silly audit   '@tailwindcss/oxide-darwin-arm64': [ '4.3.3' ],
26 silly audit   '@tailwindcss/oxide-darwin-x64': [ '4.3.3' ],
26 silly audit   '@tailwindcss/oxide-freebsd-x64': [ '4.3.3' ],
26 silly audit   '@tailwindcss/oxide-linux-arm-gnueabihf': [ '4.3.3' ],
26 silly audit   '@tailwindcss/oxide-linux-arm64-gnu': [ '4.3.3' ],
26 silly audit   '@tailwindcss/oxide-linux-arm64-musl': [ '4.3.3' ],
26 silly audit   '@tailwindcss/oxide-linux-x64-gnu': [ '4.3.3' ],
26 silly audit   '@tailwindcss/oxide-linux-x64-musl': [ '4.3.3' ],
26 silly audit   '@tailwindcss/oxide-win32-arm64-msvc': [ '4.3.3' ],
26 silly audit   '@tailwindcss/oxide-win32-x64-msvc': [ '4.3.3' ],
26 silly audit   '@tailwindcss/typography': [ '0.5.20' ],
26 silly audit   '@tailwindcss/vite': [ '4.3.3' ],
26 silly audit   '@tanstack/devtools': [ '0.14.2' ],
26 silly audit   '@tanstack/devtools-bundler-core': [ '0.1.3' ],
26 silly audit   '@tanstack/devtools-client': [ '0.0.8' ],
26 silly audit   '@tanstack/devtools-event-bus': [ '0.4.3' ],
26 silly audit   '@tanstack/devtools-event-client': [ '0.5.0' ],
26 silly audit   '@tanstack/devtools-ui': [ '0.7.1' ],
26 silly audit   '@tanstack/devtools-vite': [ '0.8.5' ],
26 silly audit   '@tanstack/eslint-config': [ '0.4.0' ],
26 silly audit   '@tanstack/history': [ '1.162.1' ],
26 silly audit   '@tanstack/query-core': [ '5.102.0' ],
26 silly audit   '@tanstack/query-devtools': [ '5.102.0' ],
26 silly audit   '@tanstack/react-devtools': [ '0.10.12' ],
26 silly audit   '@tanstack/react-query': [ '5.102.0' ],
26 silly audit   '@tanstack/react-query-devtools': [ '5.102.0' ],
26 silly audit   '@tanstack/react-router': [ '1.170.31' ],
26 silly audit   '@tanstack/react-router-devtools': [ '1.167.1' ],
26 silly audit   '@tanstack/react-router-ssr-query': [ '1.167.1' ],
26 silly audit   '@tanstack/react-start': [ '1.168.48' ],
26 silly audit   '@tanstack/react-start-client': [ '1.168.29' ],
26 silly audit   '@tanstack/react-start-rsc': [ '0.1.47' ],
26 silly audit   '@tanstack/react-start-server': [ '1.167.36' ],
26 silly audit   '@tanstack/react-store': [ '0.9.3' ],
26 silly audit   '@tanstack/router-cli': [ '1.167.32' ],
26 silly audit   '@tanstack/router-core': [ '1.171.26' ],
26 silly audit   '@tanstack/router-devtools-core': [ '1.168.1' ],
26 silly audit   '@tanstack/router-generator': [ '1.167.32' ],
26 silly audit   '@tanstack/router-plugin': [ '1.168.34' ],
26 silly audit   '@tanstack/router-ssr-query-core': [ '1.169.1' ],
26 silly audit   '@tanstack/router-utils': [ '1.162.2' ],
26 silly audit   '@tanstack/start-client-core': [ '1.170.26' ],
26 silly audit   '@tanstack/start-fn-stubs': [ '1.162.0' ],
26 silly audit   '@tanstack/start-plugin-core': [ '1.171.38' ],
26 silly audit   'source-map': [ '0.7.6', '0.6.1' ],
26 silly audit   '@tanstack/start-server-core': [ '1.169.30' ],
26 silly audit   '@tanstack/start-storage-context': [ '1.167.28' ],
26 silly audit   '@tanstack/store': [ '0.9.3' ],
26 silly audit   '@tanstack/virtual-file-routes': [ '1.162.0' ],
26 silly audit   '@testing-library/dom': [ '10.4.1' ],
26 silly audit   '@testing-library/react': [ '16.3.2' ],
26 silly audit   '@tybys/wasm-util': [ '0.10.3' ],
26 silly audit   '@types/aria-query': [ '5.0.4' ],
26 silly audit   '@types/chai': [ '5.2.3' ],
26 silly audit   '@types/d3-array': [ '3.0.3' ],
26 silly audit   '@types/d3-color': [ '3.1.0' ],
26 silly audit   '@types/d3-delaunay': [ '6.0.1' ],
26 silly audit   '@types/d3-format': [ '3.0.1' ],
26 silly audit   '@types/d3-geo': [ '3.1.0' ],
26 silly audit   '@types/d3-interpolate': [ '3.0.1' ],
26 silly audit   '@types/d3-path': [ '3.1.1' ],
26 silly audit   '@types/d3-scale': [ '4.0.2' ],
26 silly audit   '@types/d3-shape': [ '3.1.7' ],
26 silly audit   '@types/d3-time': [ '3.0.0' ],
26 silly audit   '@types/d3-time-format': [ '2.1.0' ],
26 silly audit   '@types/deep-eql': [ '4.0.2' ],
26 silly audit   '@types/estree': [ '1.0.9' ],
26 silly audit   '@types/geojson': [ '7946.0.16' ],
26 silly audit   '@types/json-schema': [ '7.0.15' ],
26 silly audit   '@types/lodash': [ '4.17.25' ],
26 silly audit   '@types/node': [ '22.20.1' ],
26 silly audit   '@types/pg': [ '8.23.1' ],
26 silly audit   '@types/react': [ '19.2.18' ],
26 silly audit   '@types/react-dom': [ '19.2.4' ],
26 silly audit   '@typescript-eslint/eslint-plugin': [ '8.67.0' ],
26 silly audit   ignore: [ '7.0.6', '5.3.2' ],
26 silly audit   '@typescript-eslint/parser': [ '8.67.0' ],
26 silly audit   '@typescript-eslint/project-service': [ '8.67.0' ],
26 silly audit   '@typescript-eslint/scope-manager': [ '8.67.0' ],
26 silly audit   '@typescript-eslint/tsconfig-utils': [ '8.67.0' ],
26 silly audit   '@typescript-eslint/type-utils': [ '8.67.0' ],
26 silly audit   '@typescript-eslint/types': [ '8.67.0' ],
26 silly audit   '@typescript-eslint/typescript-estree': [ '8.67.0' ],
26 silly audit   'balanced-match': [ '4.0.4', '1.0.2' ],
26 silly audit   'brace-expansion': [ '5.0.9', '1.1.18' ],
26 silly audit   minimatch: [ '10.2.6', '3.1.5' ],
26 silly audit   semver: [ '7.8.5', '6.3.1' ],
26 silly audit   '@typescript-eslint/utils': [ '8.67.0' ],
26 silly audit   '@typescript-eslint/visitor-keys': [ '8.67.0' ],
26 silly audit   '@unrs/resolver-binding-android-arm-eabi': [ '1.12.2' ],
26 silly audit   '@unrs/resolver-binding-android-arm64': [ '1.12.2' ],
26 silly audit   '@unrs/resolver-binding-darwin-arm64': [ '1.12.2' ],
26 silly audit   '@unrs/resolver-binding-darwin-x64': [ '1.12.2' ],
26 silly audit   '@unrs/resolver-binding-freebsd-x64': [ '1.12.2' ],
26 silly audit   '@unrs/resolver-binding-linux-arm-gnueabihf': [ '1.12.2' ],
26 silly audit   '@unrs/resolver-binding-linux-arm-musleabihf': [ '1.12.2' ],
26 silly audit   '@unrs/resolver-binding-linux-arm64-gnu': [ '1.12.2' ],
26 silly audit   '@unrs/resolver-binding-linux-arm64-musl': [ '1.12.2' ],
26 silly audit   '@unrs/resolver-binding-linux-loong64-gnu': [ '1.12.2' ],
26 silly audit   '@unrs/resolver-binding-linux-loong64-musl': [ '1.12.2' ],
26 silly audit   '@unrs/resolver-binding-linux-ppc64-gnu': [ '1.12.2' ],
26 silly audit   '@unrs/resolver-binding-linux-riscv64-gnu': [ '1.12.2' ],
26 silly audit   '@unrs/resolver-binding-linux-riscv64-musl': [ '1.12.2' ],
26 silly audit   '@unrs/resolver-binding-linux-s390x-gnu': [ '1.12.2' ],
26 silly audit   '@unrs/resolver-binding-linux-x64-gnu': [ '1.12.2' ],
26 silly audit   '@unrs/resolver-binding-linux-x64-musl': [ '1.12.2' ],
26 silly audit   '@unrs/resolver-binding-openharmony-arm64': [ '1.12.2' ],
26 silly audit   '@unrs/resolver-binding-wasm32-wasi': [ '1.12.2' ],
26 silly audit   '@unrs/resolver-binding-win32-arm64-msvc': [ '1.12.2' ],
26 silly audit   '@unrs/resolver-binding-win32-ia32-msvc': [ '1.12.2' ],
26 silly audit   '@unrs/resolver-binding-win32-x64-msvc': [ '1.12.2' ],
26 silly audit   '@visx/curve': [ '4.0.1-alpha.0' ],
26 silly audit   '@visx/event': [ '4.0.1-alpha.0' ],
26 silly audit   '@visx/grid': [ '4.0.1-alpha.0' ],
26 silly audit   '@visx/group': [ '4.0.1-alpha.0' ],
26 silly audit   '@visx/point': [ '4.0.1-alpha.0' ],
26 silly audit   '@visx/responsive': [ '4.0.1-alpha.0' ],
26 silly audit   '@visx/scale': [ '4.0.1-alpha.0' ],
26 silly audit   '@visx/shape': [ '4.0.1-alpha.0' ],
26 silly audit   '@visx/vendor': [ '4.0.0-alpha.0' ],
26 silly audit   'd3-array': [ '3.2.1', '3.2.4' ],
26 silly audit   '@vitejs/plugin-react': [ '6.1.0' ],
26 silly audit   '@vitest/expect': [ '4.1.11' ],
26 silly audit   '@vitest/mocker': [ '4.1.11' ],
26 silly audit   '@vitest/pretty-format': [ '4.1.11' ],
26 silly audit   '@vitest/runner': [ '4.1.11' ],
26 silly audit   '@vitest/snapshot': [ '4.1.11' ],
26 silly audit   '@vitest/spy': [ '4.1.11' ],
26 silly audit   '@vitest/utils': [ '4.1.11' ],
26 silly audit   acorn: [ '8.18.0' ],
26 silly audit   'acorn-jsx': [ '5.3.2' ],
26 silly audit   'agent-base': [ '6.0.2', '7.1.4' ],
26 silly audit   'ansi-regex': [ '5.0.1' ],
26 silly audit   'ansi-styles': [ '5.2.0', '4.3.0' ],
26 silly audit   ansis: [ '4.3.1' ],
26 silly audit   argparse: [ '2.0.1' ],
26 silly audit   'aria-hidden': [ '1.2.6' ],
26 silly audit   'aria-query': [ '5.3.0' ],
26 silly audit   'assertion-error': [ '2.0.1' ],
26 silly audit   astring: [ '1.9.0' ],
26 silly audit   'aws-ssl-profiles': [ '1.1.2' ],
26 silly audit   'babel-dead-code-elimination': [ '1.0.12' ],
26 silly audit   'baseline-browser-mapping': [ '2.11.18' ],
26 silly audit   'better-auth': [ '1.7.1' ],
26 silly audit   'better-call': [ '1.4.0' ],
26 silly audit   rou3: [ '0.9.2', '0.8.1', '0.7.12' ],
26 silly audit   'better-result': [ '2.10.0' ],
26 silly audit   'bidi-js': [ '1.0.3' ],
26 silly audit   browserslist: [ '4.28.8' ],
26 silly audit   c12: [ '3.3.4' ],
26 silly audit   callsites: [ '3.1.0' ],
26 silly audit   'caniuse-lite': [ '1.0.30001809' ],
26 silly audit   chai: [ '6.2.2' ],
26 silly audit   chalk: [ '5.6.2', '4.1.2' ],
26 silly audit   chokidar: [ '5.0.0' ],
26 silly audit   'cjs-module-lexer': [ '2.2.1' ],
26 silly audit   classnames: [ '2.5.1' ],
26 silly audit   'client-only': [ '0.0.1' ],
26 silly audit   cliui: [ '8.0.1' ],
26 silly audit   clsx: [ '2.1.1' ],
26 silly audit   'color-convert': [ '2.0.1' ],
26 silly audit   'color-name': [ '1.1.4' ],
26 silly audit   'comment-parser': [ '1.4.8' ],
26 silly audit   'concat-map': [ '0.0.1' ],
26 silly audit   confbox: [ '0.2.4' ],
26 silly audit   'convert-source-map': [ '2.0.0' ],
26 silly audit   cookie: [ '1.1.1' ],
26 silly audit   'cookie-es': [ '3.1.1' ],
26 silly audit   'cross-spawn': [ '7.0.6' ],
26 silly audit   'css-tree': [ '3.2.1' ],
26 silly audit   cssesc: [ '3.0.0' ],
26 silly audit   cssstyle: [ '6.2.0' ],
26 silly audit   csstype: [ '3.2.3' ],
26 silly audit   'd3-color': [ '3.1.0' ],
26 silly audit   'd3-delaunay': [ '6.0.2' ],
26 silly audit   'd3-format': [ '3.1.0' ],
26 silly audit   'd3-geo': [ '3.1.0' ],
26 silly audit   'd3-interpolate': [ '3.0.1' ],
26 silly audit   'd3-path': [ '3.1.0' ],
26 silly audit   'd3-scale': [ '4.0.2' ],
26 silly audit   'd3-shape': [ '3.2.0' ],
26 silly audit   'd3-time': [ '3.1.0' ],
26 silly audit   'd3-time-format': [ '4.1.0' ],
26 silly audit   'data-urls': [ '7.0.0' ],
26 silly audit   dayjs: [ '1.11.23' ],
26 silly audit   debug: [ '4.4.3' ],
26 silly audit   'decimal.js': [ '10.6.0' ],
26 silly audit   'deep-is': [ '0.1.4' ],
26 silly audit   'deepmerge-ts': [ '7.1.5' ],
26 silly audit   defu: [ '6.1.7' ],
26 silly audit   delaunator: [ '5.1.0' ],
26 silly audit   denque: [ '2.1.0' ],
26 silly audit   dequal: [ '2.0.3' ],
26 silly audit   destr: [ '2.0.5' ],
26 silly audit   'detect-libc': [ '2.1.2' ],
26 silly audit   diff: [ '8.0.4' ],
26 silly audit   dodopayments: [ '2.44.0' ],
26 silly audit   'dom-accessibility-api': [ '0.5.16' ],
26 silly audit   'dom-helpers': [ '5.2.1' ],
26 silly audit   dotenv: [ '17.4.2', '16.6.1' ],
26 silly audit   'dotenv-cli': [ '11.0.0' ],
26 silly audit   'dotenv-expand': [ '12.0.3' ],
26 silly audit   effect: [ '3.20.0' ],
26 silly audit   'electron-to-chromium': [ '1.5.412' ],
26 silly audit   elkjs: [ '0.11.1' ],
26 silly audit   'emoji-regex': [ '8.0.0' ],
26 silly audit   empathic: [ '2.0.0' ],
26 silly audit   'enhanced-resolve': [ '5.24.5' ],
26 silly audit   entities: [ '8.0.0' ],
26 silly audit   'env-paths': [ '3.0.0' ],
26 silly audit   'es-module-lexer': [ '2.3.2' ],
26 silly audit   esbuild: [ '0.28.2' ],
26 silly audit   escalade: [ '3.2.0' ],
26 silly audit   'escape-string-regexp': [ '5.0.0', '4.0.0' ],
26 silly audit   eslint: [ '9.39.5' ],
26 silly audit   'eslint-compat-utils': [ '0.5.1' ],
26 silly audit   'eslint-import-context': [ '0.1.9' ],
26 silly audit   'eslint-plugin-es-x': [ '7.8.0' ],
26 silly audit   'eslint-plugin-import-x': [ '4.17.1' ],
26 silly audit   'eslint-plugin-n': [ '17.24.0' ],
26 silly audit   'eslint-scope': [ '8.4.0' ],
26 silly audit   espree: [ '10.4.0' ],
26 silly audit   esquery: [ '1.7.0' ],
26 silly audit   esrecurse: [ '4.3.0' ],
26 silly audit   estraverse: [ '5.3.0' ],
26 silly audit   'estree-walker': [ '3.0.3' ],
26 silly audit   esutils: [ '2.0.3' ],
26 silly audit   'expect-type': [ '1.4.0' ],
26 silly audit   exsolve: [ '1.1.1' ],
26 silly audit   'fast-check': [ '3.23.2' ],
26 silly audit   'fast-decode-uri-component': [ '1.0.1' ],
26 silly audit   'fast-deep-equal': [ '3.1.3' ],
26 silly audit   'fast-json-stable-stringify': [ '2.1.0' ],
26 silly audit   'fast-levenshtein': [ '2.0.6' ],
26 silly audit   'fast-querystring': [ '1.1.2' ],
26 silly audit   'fast-sha256': [ '1.3.0' ],
26 silly audit   'fast-uri': [ '3.1.5' ],
26 silly audit   fdir: [ '6.5.0' ],
26 silly audit   fetchdts: [ '0.1.7' ],
26 silly audit   'file-entry-cache': [ '8.0.0' ],
26 silly audit   'find-my-way': [ '9.7.0' ],
26 silly audit   'find-up': [ '5.0.0' ],
26 silly audit   'flat-cache': [ '4.0.1' ],
26 silly audit   flatted: [ '3.4.4' ],
26 silly audit   'foreground-child': [ '3.3.1' ],
26 silly audit   fsevents: [ '2.3.3' ],
26 silly audit   'generate-function': [ '2.3.1' ],
26 silly audit   gensync: [ '1.0.0-beta.2' ],
26 silly audit   'get-caller-file': [ '2.0.5' ],
26 silly audit   'get-port-please': [ '3.2.0' ],
26 silly audit   'get-tsconfig': [ '4.14.3' ],
26 silly audit   giget: [ '3.3.1' ],
26 silly audit   glob: [ '13.0.6' ],
26 silly audit   'glob-parent': [ '6.0.2' ],
26 silly audit   globrex: [ '0.1.2' ],
26 silly audit   goober: [ '2.1.19' ],
26 silly audit   'graceful-fs': [ '4.2.11' ],
26 silly audit   grammex: [ '3.1.13' ],
26 silly audit   graphmatch: [ '1.1.1' ],
26 silly audit   h3: [ '2.0.1-rc.20' ],
26 silly audit   'has-flag': [ '4.0.0' ],
26 silly audit   'html-encoding-sniffer': [ '6.0.0' ],
26 silly audit   'http-proxy-agent': [ '7.0.2' ],
26 silly audit   'https-proxy-agent': [ '5.0.1', '7.0.6' ],
26 silly audit   'iconv-lite': [ '0.7.3' ],
26 silly audit   'import-fresh': [ '3.3.1' ],
26 silly audit   'import-in-the-middle': [ '3.3.3' ],
26 silly audit   imurmurhash: [ '0.1.4' ],
26 silly audit   'input-otp': [ '1.4.2' ],
26 silly audit   internmap: [ '2.0.3' ],
26 silly audit   'intl-messageformat': [ '10.7.18' ],
26 silly audit   'is-extglob': [ '2.1.1' ],
26 silly audit   'is-fullwidth-code-point': [ '3.0.0' ],
26 silly audit   'is-glob': [ '4.0.3' ],
26 silly audit   'is-potential-custom-element-name': [ '1.0.1' ],
26 silly audit   'is-property': [ '1.0.2' ],
26 silly audit   isbot: [ '5.2.1' ],
26 silly audit   isexe: [ '2.0.0' ],
26 silly audit   jiti: [ '2.7.0' ],
26 silly audit   jose: [ '6.2.10' ],
26 silly audit   'js-tokens': [ '4.0.0' ],
26 silly audit   'js-yaml': [ '4.3.1' ],
26 silly audit   jsdom: [ '28.1.0' ],
26 silly audit   jsesc: [ '3.1.0' ],
26 silly audit   'json-buffer': [ '3.0.1' ],
26 silly audit   'json-schema-typed': [ '8.0.2' ],
26 silly audit   'json-stable-stringify-without-jsonify': [ '1.0.1' ],
26 silly audit   json5: [ '2.2.3' ],
26 silly audit   keyv: [ '4.5.4' ],
26 silly audit   kysely: [ '0.29.5' ],
26 silly audit   'launch-editor': [ '2.14.1' ],
26 silly audit   levn: [ '0.4.1' ],
26 silly audit   lightningcss: [ '1.32.0', '1.33.0' ],
26 silly audit   'lightningcss-android-arm64': [ '1.32.0', '1.33.0' ],
26 silly audit   'lightningcss-darwin-arm64': [ '1.32.0', '1.33.0' ],
26 silly audit   'lightningcss-darwin-x64': [ '1.32.0', '1.33.0' ],
26 silly audit   'lightningcss-freebsd-x64': [ '1.32.0', '1.33.0' ],
26 silly audit   'lightningcss-linux-arm-gnueabihf': [ '1.32.0', '1.33.0' ],
26 silly audit   'lightningcss-linux-arm64-gnu': [ '1.32.0', '1.33.0' ],
26 silly audit   'lightningcss-linux-arm64-musl': [ '1.32.0', '1.33.0' ],
26 silly audit   'lightningcss-linux-x64-gnu': [ '1.32.0', '1.33.0' ],
26 silly audit   'lightningcss-linux-x64-musl': [ '1.32.0', '1.33.0' ],
26 silly audit   'lightningcss-win32-arm64-msvc': [ '1.32.0', '1.33.0' ],
26 silly audit   'lightningcss-win32-x64-msvc': [ '1.32.0', '1.33.0' ],
26 silly audit   'locate-path': [ '6.0.0' ],
26 silly audit   lodash: [ '4.18.1' ],
26 silly audit   'lodash.merge': [ '4.6.2' ],
26 silly audit   long: [ '5.3.2' ],
26 silly audit   'loose-envify': [ '1.4.0' ],
26 silly audit   'lru.min': [ '1.1.4' ],
26 silly audit   'lucide-react': [ '0.545.0' ],
26 silly audit   'lz-string': [ '1.5.0' ],
26 silly audit   'magic-string': [ '0.30.21' ],
26 silly audit   'mdn-data': [ '2.27.1' ],
26 silly audit   meriyah: [ '6.1.4' ],
26 silly audit   minimist: [ '1.2.8' ],
26 silly audit   minipass: [ '7.1.3' ],
26 silly audit   'module-details-from-path': [ '1.0.4' ],
26 silly audit   ms: [ '2.1.3' ],
26 silly audit   mysql2: [ '3.15.3' ],
26 silly audit   'named-placeholders': [ '1.1.6' ],
26 silly audit   nanoid: [ '3.3.18' ],
26 silly audit   nanostores: [ '1.5.2' ],
26 silly audit   'napi-postinstall': [ '0.3.4' ],
26 silly audit   'natural-compare': [ '1.4.0' ],
26 silly audit   'node-fetch': [ '2.7.0' ],
26 silly audit   tr46: [ '0.0.3', '6.0.0' ],
26 silly audit   'webidl-conversions': [ '3.0.1', '8.0.1' ],
26 silly audit   'whatwg-url': [ '5.0.0', '16.0.1' ],
26 silly audit   'node-releases': [ '2.0.53' ],
26 silly audit   'object-assign': [ '4.1.1' ],
26 silly audit   obug: [ '2.1.4' ],
26 silly audit   ohash: [ '2.0.12' ],
26 silly audit   'openapi-types': [ '12.1.3' ],
26 silly audit   optionator: [ '0.9.4' ],
26 silly audit   'oxc-parser': [ '0.120.0' ],
26 silly audit   'p-limit': [ '3.1.0' ],
26 silly audit   'p-locate': [ '5.0.0' ],
26 silly audit   'parent-module': [ '1.0.1' ],
26 silly audit   parse5: [ '8.0.1' ],
26 silly audit   'path-exists': [ '4.0.0' ],
26 silly audit   'path-key': [ '3.1.1' ],
26 silly audit   'path-scurry': [ '2.0.2' ],
26 silly audit   pathe: [ '2.0.3' ],
26 silly audit   'perfect-debounce': [ '2.1.0' ],
26 silly audit   pg: [ '8.23.0' ],
26 silly audit   'pg-cloudflare': [ '1.4.0' ],
26 silly audit   'pg-connection-string': [ '2.14.0' ],
26 silly audit   'pg-int8': [ '1.0.1' ],
26 silly audit   'pg-pool': [ '3.14.0' ],
26 silly audit   'pg-protocol': [ '1.16.0' ],
26 silly audit   'pg-types': [ '2.2.0' ],
26 silly audit   'postgres-array': [ '2.0.0', '3.0.4' ],
26 silly audit   pgpass: [ '1.0.5' ],
26 silly audit   picocolors: [ '1.1.1' ],
26 silly audit   picomatch: [ '4.0.5' ],
26 silly audit   'pkg-types': [ '2.3.1' ],
26 silly audit   'postal-mime': [ '2.7.4' ],
26 silly audit   postcss: [ '8.5.26' ],
26 silly audit   'postcss-selector-parser': [ '6.0.10' ],
26 silly audit   postgres: [ '3.4.7' ],
26 silly audit   'postgres-bytea': [ '1.0.1' ],
26 silly audit   'postgres-date': [ '1.0.7' ],
26 silly audit   'postgres-interval': [ '1.2.0' ],
26 silly audit   'prelude-ls': [ '1.2.1' ],
26 silly audit   prettier: [ '3.9.6' ],
26 silly audit   'pretty-format': [ '27.5.1' ],
26 silly audit   prisma: [ '7.9.1' ],
26 silly audit   progress: [ '2.0.3' ],
26 silly audit   'prop-types': [ '15.8.1' ],
26 silly audit   'react-is': [ '16.13.1', '17.0.2' ],
26 silly audit   'proper-lockfile': [ '4.1.2' ],
26 silly audit   'signal-exit': [ '3.0.7', '4.1.0' ],
26 silly audit   'proxy-from-env': [ '1.1.0' ],
26 silly audit   punycode: [ '2.3.1' ],
26 silly audit   'pure-rand': [ '6.1.0' ],
26 silly audit   radash: [ '12.1.1' ],
26 silly audit   rc9: [ '3.0.1' ],
26 silly audit   react: [ '19.2.8' ],
26 silly audit   'react-aria': [ '3.51.0' ],
26 silly audit   'react-aria-components': [ '1.20.0' ],
26 silly audit   'react-dom': [ '19.2.8' ],
26 silly audit   'react-hook-form': [ '7.79.0' ],
26 silly audit   'react-icons': [ '5.6.0' ],
26 silly audit   'react-stately': [ '3.49.0' ],
26 silly audit   'react-transition-group': [ '4.4.5' ],
26 silly audit   readdirp: [ '5.1.1' ],
26 silly audit   remeda: [ '2.33.4' ],
26 silly audit   'require-directory': [ '2.1.1' ],
26 silly audit   'require-from-string': [ '2.0.2' ],
26 silly audit   'require-in-the-middle': [ '8.0.1' ],
26 silly audit   resend: [ '6.13.0' ],
26 silly audit   'resolve-from': [ '4.0.0' ],
26 silly audit   'resolve-pkg-maps': [ '1.0.0' ],
26 silly audit   ret: [ '0.5.0' ],
26 silly audit   retry: [ '0.12.0' ],
26 silly audit   'robust-predicates': [ '3.0.3' ],
26 silly audit   rolldown: [ '1.2.5' ],
26 silly audit   'safe-regex2': [ '5.1.1' ],
26 silly audit   'safer-buffer': [ '2.1.2' ],
26 silly audit   saxes: [ '6.0.0' ],
26 silly audit   scheduler: [ '0.27.0' ],
26 silly audit   semifies: [ '1.0.0' ],
26 silly audit   'seq-queue': [ '0.0.5' ],
26 silly audit   seroval: [ '1.6.3', '1.5.6' ],
26 silly audit   'seroval-plugins': [ '1.6.3', '1.5.6' ],
26 silly audit   'set-cookie-parser': [ '3.1.2' ],
26 silly audit   'shebang-command': [ '2.0.0' ],
26 silly audit   'shebang-regex': [ '3.0.0' ],
26 silly audit   'shell-quote': [ '1.10.0' ],
26 silly audit   siginfo: [ '2.0.0' ],
26 silly audit   'solid-js': [ '1.9.15' ],
26 silly audit   'source-map-js': [ '1.2.1' ],
26 silly audit   split2: [ '4.2.0' ],
26 silly audit   sqlstring: [ '2.3.3' ],
26 silly audit   srvx: [ '0.11.22' ],
26 silly audit   'stable-hash-x': [ '0.2.0' ],
26 silly audit   stackback: [ '0.0.2' ],
26 silly audit   standardwebhooks: [ '1.0.0' ],
26 silly audit   'std-env': [ '3.10.0', '4.2.0' ],
26 silly audit   'string-width': [ '4.2.3' ],
26 silly audit   'strip-ansi': [ '6.0.1' ],
26 silly audit   'strip-json-comments': [ '3.1.1' ],
26 silly audit   'supports-color': [ '7.2.0' ],
26 silly audit   'symbol-tree': [ '3.2.4' ],
26 silly audit   'tagged-tag': [ '1.0.0' ],
26 silly audit   'tailwind-merge': [ '3.4.0' ],
26 silly audit   'tailwind-variants': [ '3.3.1' ],
26 silly audit   tailwindcss: [ '4.3.3' ],
26 silly audit   tapable: [ '2.3.3' ],
26 silly audit   tinybench: [ '2.9.0' ],
26 silly audit   tinyexec: [ '1.3.0' ],
26 silly audit   tinyglobby: [ '0.2.17' ],
26 silly audit   tinyrainbow: [ '3.1.1' ],
26 silly audit   tldts: [ '7.4.10' ],
26 silly audit   'tldts-core': [ '7.4.10' ],
26 silly audit   'tough-cookie': [ '6.0.2' ],
26 silly audit   'ts-api-utils': [ '2.5.0' ],
26 silly audit   'ts-declaration-location': [ '1.0.7' ],
26 silly audit   tslib: [ '2.8.1' ],
26 silly audit   tsx: [ '4.23.12' ],
26 silly audit   'tw-animate-css': [ '1.4.0' ],
26 silly audit   'type-check': [ '0.4.0' ],
26 silly audit   'type-fest': [ '5.8.0' ],
26 silly audit   typescript: [ '6.0.3' ],
26 silly audit   'typescript-eslint': [ '8.67.0' ],
26 silly audit   ufo: [ '1.6.4' ],
26 silly audit   undici: [ '7.29.0' ],
26 silly audit   'undici-types': [ '6.21.0' ],
26 silly audit   unplugin: [ '3.3.0' ],
26 silly audit   'unrs-resolver': [ '1.12.2' ],
26 silly audit   'update-browserslist-db': [ '1.3.1' ],
26 silly audit   'uri-js': [ '4.4.1' ],
26 silly audit   'use-sync-external-store': [ '1.6.0' ],
26 silly audit   'util-deprecate': [ '1.0.2' ],
26 silly audit   valibot: [ '1.4.2' ],
26 silly audit   vite: [ '8.2.2' ],
26 silly audit   vitefu: [ '1.1.3' ],
26 silly audit   vitest: [ '4.1.11' ],
26 silly audit   'vue-eslint-parser': [ '10.4.1' ],
26 silly audit   'w3c-xmlserializer': [ '5.0.0' ],
26 silly audit   'webpack-virtual-modules': [ '0.6.2' ],
26 silly audit   'whatwg-mimetype': [ '5.0.0' ],
26 silly audit   which: [ '2.0.2' ],
26 silly audit   'why-is-node-running': [ '2.3.0' ],
26 silly audit   'wildcard-match': [ '5.1.4' ],
26 silly audit   'word-wrap': [ '1.2.5' ],
26 silly audit   'wrap-ansi': [ '7.0.0' ],
26 silly audit   ws: [ '8.21.3' ],
26 silly audit   'xml-name-validator': [ '5.0.0' ],
26 silly audit   xmlbuilder2: [ '4.0.3' ],
26 silly audit   xmlchars: [ '2.2.0' ],
26 silly audit   xtend: [ '4.0.2' ],
26 silly audit   y18n: [ '5.0.8' ],
26 silly audit   yallist: [ '3.1.1' ],
26 silly audit   yargs: [ '17.7.3' ],
26 silly audit   'yargs-parser': [ '21.1.1' ],
26 silly audit   'yocto-queue': [ '0.1.0' ],
26 silly audit   zeptomatch: [ '2.1.0' ],
26 silly audit   zod: [ '4.4.3' ],
26 silly audit   '@tailwindcss/oxide-wasm32-wasi': [ '4.3.3' ]
26 silly audit }
27 verbose reify failed optional dependency /home/gjugn/.local/share/trueforge/sandboxes/01m11dajmnq9tr5azwgr0za51v/01m11danr5gsawpdf8mxvwgfkp/node_modules/vite/node_modules/lightningcss-win32-x64-msvc
28 silly reify mark deleted [
28 silly reify   '/home/gjugn/.local/share/trueforge/sandboxes/01m11dajmnq9tr5azwgr0za51v/01m11danr5gsawpdf8mxvwgfkp/node_modules/vite/node_modules/lightningcss-win32-x64-msvc'
28 silly reify ]
29 verbose reify failed optional dependency /home/gjugn/.local/share/trueforge/sandboxes/01m11dajmnq9tr5azwgr0za51v/01m11danr5gsawpdf8mxvwgfkp/node_modules/vite/node_modules/lightningcss-win32-arm64-msvc
30 silly reify mark deleted [
30 silly reify   '/home/gjugn/.local/share/trueforge/sandboxes/01m11dajmnq9tr5azwgr0za51v/01m11danr5gsawpdf8mxvwgfkp/node_modules/vite/node_modules/lightningcss-win32-arm64-msvc'
30 silly reify ]
31 verbose reify failed optional dependency /home/gjugn/.local/share/trueforge/sandboxes/01m11dajmnq9tr5azwgr0za51v/01m11danr5gsawpdf8mxvwgfkp/node_modules/vite/node_modules/lightningcss-linux-x64-musl
32 silly reify mark deleted [
32 silly reify   '/home/gjugn/.local/share/trueforge/sandboxes/01m11dajmnq9tr5azwgr0za51v/01m11danr5gsawpdf8mxvwgfkp/node_modules/vite/node_modules/lightningcss-linux-x64-musl'
32 silly reify ]
33 verbose reify failed optional dependency /home/gjugn/.local/share/trueforge/sandboxes/01m11dajmnq9tr5azwgr0za51v/01m11danr5gsawpdf8mxvwgfkp/node_modules/vite/node_modules/lightningcss-linux-arm64-musl
34 silly reify mark deleted [
34 silly reify   '/home/gjugn/.local/share/trueforge/sandboxes/01m11dajmnq9tr5azwgr0za51v/01m11danr5gsawpdf8mxvwgfkp/node_modules/vite/node_modules/lightningcss-linux-arm64-musl'
34 silly reify ]
35 verbose reify failed optional dependency /home/gjugn/.local/share/trueforge/sandboxes/01m11dajmnq9tr5azwgr0za51v/01m11danr5gsawpdf8mxvwgfkp/node_modules/vite/node_modules/lightningcss-linux-arm64-gnu
36 silly reify mark deleted [
36 silly reify   '/home/gjugn/.local/share/trueforge/sandboxes/01m11dajmnq9tr5azwgr0za51v/01m11danr5gsawpdf8mxvwgfkp/node_modules/vite/node_modules/lightningcss-linux-arm64-gnu'
36 silly reify ]
37 verbose reify failed optional dependency /home/gjugn/.local/share/trueforge/sandboxes/01m11dajmnq9tr5azwgr0za51v/01m11danr5gsawpdf8mxvwgfkp/node_modules/vite/node_modules/lightningcss-linux-arm-gnueabihf
38 silly reify mark deleted [
38 silly reify   '/home/gjugn/.local/share/trueforge/sandboxes/01m11dajmnq9tr5azwgr0za51v/01m11danr5gsawpdf8mxvwgfkp/node_modules/vite/node_modules/lightningcss-linux-arm-gnueabihf'
38 silly reify ]
39 verbose reify failed optional dependency /home/gjugn/.local/share/trueforge/sandboxes/01m11dajmnq9tr5azwgr0za51v/01m11danr5gsawpdf8mxvwgfkp/node_modules/vite/node_modules/lightningcss-freebsd-x64
40 silly reify mark deleted [
40 silly reify   '/home/gjugn/.local/share/trueforge/sandboxes/01m11dajmnq9tr5azwgr0za51v/01m11danr5gsawpdf8mxvwgfkp/node_modules/vite/node_modules/lightningcss-freebsd-x64'
40 silly reify ]
41 verbose reify failed optional dependency /home/gjugn/.local/share/trueforge/sandboxes/01m11dajmnq9tr5azwgr0za51v/01m11danr5gsawpdf8mxvwgfkp/node_modules/vite/node_modules/lightningcss-darwin-x64
42 silly reify mark deleted [
42 silly reify   '/home/gjugn/.local/share/trueforge/sandboxes/01m11dajmnq9tr5azwgr0za51v/01m11danr5gsawpdf8mxvwgfkp/node_modules/vite/node_modules/lightningcss-darwin-x64'
42 silly reify ]
43 verbose reify failed optional dependency /home/gjugn/.local/share/trueforge/sandboxes/01m11dajmnq9tr5azwgr0za51v/01m11danr5gsawpdf8mxvwgfkp/node_modules/vite/node_modules/lightningcss-darwin-arm64
44 silly reify mark deleted [
44 silly reify   '/home/gjugn/.local/share/trueforge/sandboxes/01m11dajmnq9tr5azwgr0za51v/01m11danr5gsawpdf8mxvwgfkp/node_modules/vite/node_modules/lightningcss-darwin-arm64'
44 silly reify ]
45 verbose reify failed optional dependency /home/gjugn/.local/share/trueforge/sandboxes/01m11dajmnq9tr5azwgr0za51v/01m11danr5gsawpdf8mxvwgfkp/node_modules/vite/node_modules/lightningcss-android-arm64
46 silly reify mark deleted [
46 silly reify   '/home/gjugn/.local/share/trueforge/sandboxes/01m11dajmnq9tr5azwgr0za51v/01m11danr5gsawpdf8mxvwgfkp/node_modules/vite/node_modules/lightningcss-android-arm64'
46 silly reify ]
47 verbose reify failed optional dependency /home/gjugn/.local/share/trueforge/sandboxes/01m11dajmnq9tr5azwgr0za51v/01m11danr5gsawpdf8mxvwgfkp/node_modules/lightningcss-win32-x64-msvc
48 silly reify mark deleted [
48 silly reify   '/home/gjugn/.local/share/trueforge/sandboxes/01m11dajmnq9tr5azwgr0za51v/01m11danr5gsawpdf8mxvwgfkp/node_modules/lightningcss-win32-x64-msvc'
48 silly reify ]
49 verbose reify failed optional dependency /home/gjugn/.local/share/trueforge/sandboxes/01m11dajmnq9tr5azwgr0za51v/01m11danr5gsawpdf8mxvwgfkp/node_modules/lightningcss-win32-arm64-msvc
50 silly reify mark deleted [
50 silly reify   '/home/gjugn/.local/share/trueforge/sandboxes/01m11dajmnq9tr5azwgr0za51v/01m11danr5gsawpdf8mxvwgfkp/node_modules/lightningcss-win32-arm64-msvc'
50 silly reify ]
51 verbose reify failed optional dependency /home/gjugn/.local/share/trueforge/sandboxes/01m11dajmnq9tr5azwgr0za51v/01m11danr5gsawpdf8mxvwgfkp/node_modules/lightningcss-linux-x64-musl
52 silly reify mark deleted [
52 silly reify   '/home/gjugn/.local/share/trueforge/sandboxes/01m11dajmnq9tr5azwgr0za51v/01m11danr5gsawpdf8mxvwgfkp/node_modules/lightningcss-linux-x64-musl'
52 silly reify ]
53 verbose reify failed optional dependency /home/gjugn/.local/share/trueforge/sandboxes/01m11dajmnq9tr5azwgr0za51v/01m11danr5gsawpdf8mxvwgfkp/node_modules/lightningcss-linux-arm64-musl
54 silly reify mark deleted [
54 silly reify   '/home/gjugn/.local/share/trueforge/sandboxes/01m11dajmnq9tr5azwgr0za51v/01m11danr5gsawpdf8mxvwgfkp/node_modules/lightningcss-linux-arm64-musl'
54 silly reify ]
55 verbose reify failed optional dependency /home/gjugn/.local/share/trueforge/sandboxes/01m11dajmnq9tr5azwgr0za51v/01m11danr5gsawpdf8mxvwgfkp/node_modules/lightningcss-linux-arm64-gnu
56 silly reify mark deleted [
56 silly reify   '/home/gjugn/.local/share/trueforge/sandboxes/01m11dajmnq9tr5azwgr0za51v/01m11danr5gsawpdf8mxvwgfkp/node_modules/lightningcss-linux-arm64-gnu'
56 silly reify ]
57 verbose reify failed optional dependency /home/gjugn/.local/share/trueforge/sandboxes/01m11dajmnq9tr5azwgr0za51v/01m11danr5gsawpdf8mxvwgfkp/node_modules/lightningcss-linux-arm-gnueabihf
58 silly reify mark deleted [
58 silly reify   '/home/gjugn/.local/share/trueforge/sandboxes/01m11dajmnq9tr5azwgr0za51v/01m11danr5gsawpdf8mxvwgfkp/node_modules/lightningcss-linux-arm-gnueabihf'
58 silly reify ]
59 verbose reify failed optional dependency /home/gjugn/.local/share/trueforge/sandboxes/01m11dajmnq9tr5azwgr0za51v/01m11danr5gsawpdf8mxvwgfkp/node_modules/lightningcss-freebsd-x64
60 silly reify mark deleted [
60 silly reify   '/home/gjugn/.local/share/trueforge/sandboxes/01m11dajmnq9tr5azwgr0za51v/01m11danr5gsawpdf8mxvwgfkp/node_modules/lightningcss-freebsd-x64'
60 silly reify ]
61 verbose reify failed optional dependency /home/gjugn/.local/share/trueforge/sandboxes/01m11dajmnq9tr5azwgr0za51v/01m11danr5gsawpdf8mxvwgfkp/node_modules/lightningcss-darwin-x64
62 silly reify mark deleted [
62 silly reify   '/home/gjugn/.local/share/trueforge/sandboxes/01m11dajmnq9tr5azwgr0za51v/01m11danr5gsawpdf8mxvwgfkp/node_modules/lightningcss-darwin-x64'
62 silly reify ]
63 verbose reify failed optional dependency /home/gjugn/.local/share/trueforge/sandboxes/01m11dajmnq9tr5azwgr0za51v/01m11danr5gsawpdf8mxvwgfkp/node_modules/lightningcss-darwin-arm64
64 silly reify mark deleted [
64 silly reify   '/home/gjugn/.local/share/trueforge/sandboxes/01m11dajmnq9tr5azwgr0za51v/01m11danr5gsawpdf8mxvwgfkp/node_modules/lightningcss-darwin-arm64'
64 silly reify ]
65 verbose reify failed optional dependency /home/gjugn/.local/share/trueforge/sandboxes/01m11dajmnq9tr5azwgr0za51v/01m11danr5gsawpdf8mxvwgfkp/node_modules/lightningcss-android-arm64
66 silly reify mark deleted [
66 silly reify   '/home/gjugn/.local/share/trueforge/sandboxes/01m11dajmnq9tr5azwgr0za51v/01m11danr5gsawpdf8mxvwgfkp/node_modules/lightningcss-android-arm64'
66 silly reify ]
67 verbose reify failed optional dependency /home/gjugn/.local/share/trueforge/sandboxes/01m11dajmnq9tr5azwgr0za51v/01m11danr5gsawpdf8mxvwgfkp/node_modules/fsevents
68 silly reify mark deleted [
68 silly reify   '/home/gjugn/.local/share/trueforge/sandboxes/01m11dajmnq9tr5azwgr0za51v/01m11danr5gsawpdf8mxvwgfkp/node_modules/fsevents'
68 silly reify ]
69 verbose reify failed optional dependency /home/gjugn/.local/share/trueforge/sandboxes/01m11dajmnq9tr5azwgr0za51v/01m11danr5gsawpdf8mxvwgfkp/node_modules/@unrs/resolver-binding-win32-x64-msvc
70 silly reify mark deleted [
70 silly reify   '/home/gjugn/.local/share/trueforge/sandboxes/01m11dajmnq9tr5azwgr0za51v/01m11danr5gsawpdf8mxvwgfkp/node_modules/@unrs/resolver-binding-win32-x64-msvc'
70 silly reify ]
71 verbose reify failed optional dependency /home/gjugn/.local/share/trueforge/sandboxes/01m11dajmnq9tr5azwgr0za51v/01m11danr5gsawpdf8mxvwgfkp/node_modules/@unrs/resolver-binding-win32-ia32-msvc
72 silly reify mark deleted [
72 silly reify   '/home/gjugn/.local/share/trueforge/sandboxes/01m11dajmnq9tr5azwgr0za51v/01m11danr5gsawpdf8mxvwgfkp/node_modules/@unrs/resolver-binding-win32-ia32-msvc'
72 silly reify ]
73 verbose reify failed optional dependency /home/gjugn/.local/share/trueforge/sandboxes/01m11dajmnq9tr5azwgr0za51v/01m11danr5gsawpdf8mxvwgfkp/node_modules/@unrs/resolver-binding-win32-arm64-msvc
74 silly reify mark deleted [
74 silly reify   '/home/gjugn/.local/share/trueforge/sandboxes/01m11dajmnq9tr5azwgr0za51v/01m11danr5gsawpdf8mxvwgfkp/node_modules/@unrs/resolver-binding-win32-arm64-msvc'
74 silly reify ]
75 verbose reify failed optional dependency /home/gjugn/.local/share/trueforge/sandboxes/01m11dajmnq9tr5azwgr0za51v/01m11danr5gsawpdf8mxvwgfkp/node_modules/@unrs/resolver-binding-wasm32-wasi
76 silly reify mark deleted [
76 silly reify   '/home/gjugn/.local/share/trueforge/sandboxes/01m11dajmnq9tr5azwgr0za51v/01m11danr5gsawpdf8mxvwgfkp/node_modules/@unrs/resolver-binding-wasm32-wasi'
76 silly reify ]
77 verbose reify failed optional dependency /home/gjugn/.local/share/trueforge/sandboxes/01m11dajmnq9tr5azwgr0za51v/01m11danr5gsawpdf8mxvwgfkp/node_modules/@unrs/resolver-binding-wasm32-wasi/node_modules/@emnapi/core
78 silly reify mark deleted [
78 silly reify   '/home/gjugn/.local/share/trueforge/sandboxes/01m11dajmnq9tr5azwgr0za51v/01m11danr5gsawpdf8mxvwgfkp/node_modules/@unrs/resolver-binding-wasm32-wasi/node_modules/@emnapi/core'
78 silly reify ]
79 verbose reify failed optional dependency /home/gjugn/.local/share/trueforge/sandboxes/01m11dajmnq9tr5azwgr0za51v/01m11danr5gsawpdf8mxvwgfkp/node_modules/@unrs/resolver-binding-wasm32-wasi/node_modules/@emnapi/runtime
80 silly reify mark deleted [
80 silly reify   '/home/gjugn/.local/share/trueforge/sandboxes/01m11dajmnq9tr5azwgr0za51v/01m11danr5gsawpdf8mxvwgfkp/node_modules/@unrs/resolver-binding-wasm32-wasi/node_modules/@emnapi/runtime'
80 silly reify ]
81 verbose reify failed optional dependency /home/gjugn/.local/share/trueforge/sandboxes/01m11dajmnq9tr5azwgr0za51v/01m11danr5gsawpdf8mxvwgfkp/node_modules/@unrs/resolver-binding-wasm32-wasi/node_modules/@emnapi/wasi-threads
82 silly reify mark deleted [
82 silly reify   '/home/gjugn/.local/share/trueforge/sandboxes/01m11dajmnq9tr5azwgr0za51v/01m11danr5gsawpdf8mxvwgfkp/node_modules/@unrs/resolver-binding-wasm32-wasi/node_modules/@emnapi/wasi-threads'
82 silly reify ]
83 verbose reify failed optional dependency /home/gjugn/.local/share/trueforge/sandboxes/01m11dajmnq9tr5azwgr0za51v/01m11danr5gsawpdf8mxvwgfkp/node_modules/@unrs/resolver-binding-openharmony-arm64
84 silly reify mark deleted [
84 silly reify   '/home/gjugn/.local/share/trueforge/sandboxes/01m11dajmnq9tr5azwgr0za51v/01m11danr5gsawpdf8mxvwgfkp/node_modules/@unrs/resolver-binding-openharmony-arm64'
84 silly reify ]
85 verbose reify failed optional dependency /home/gjugn/.local/share/trueforge/sandboxes/01m11dajmnq9tr5azwgr0za51v/01m11danr5gsawpdf8mxvwgfkp/node_modules/@unrs/resolver-binding-linux-x64-musl
86 silly reify mark deleted [
86 silly reify   '/home/gjugn/.local/share/trueforge/sandboxes/01m11dajmnq9tr5azwgr0za51v/01m11danr5gsawpdf8mxvwgfkp/node_modules/@unrs/resolver-binding-linux-x64-musl'
86 silly reify ]
87 verbose reify failed optional dependency /home/gjugn/.local/share/trueforge/sandboxes/01m11dajmnq9tr5azwgr0za51v/01m11danr5gsawpdf8mxvwgfkp/node_modules/@unrs/resolver-binding-linux-s390x-gnu
88 silly reify mark deleted [
88 silly reify   '/home/gjugn/.local/share/trueforge/sandboxes/01m11dajmnq9tr5azwgr0za51v/01m11danr5gsawpdf8mxvwgfkp/node_modules/@unrs/resolver-binding-linux-s390x-gnu'
88 silly reify ]
89 verbose reify failed optional dependency /home/gjugn/.local/share/trueforge/sandboxes/01m11dajmnq9tr5azwgr0za51v/01m11danr5gsawpdf8mxvwgfkp/node_modules/@unrs/resolver-binding-linux-riscv64-musl
90 silly reify mark deleted [
90 silly reify   '/home/gjugn/.local/share/trueforge/sandboxes/01m11dajmnq9tr5azwgr0za51v/01m11danr5gsawpdf8mxvwgfkp/node_modules/@unrs/resolver-binding-linux-riscv64-musl'
90 silly reify ]
91 verbose reify failed optional dependency /home/gjugn/.local/share/trueforge/sandboxes/01m11dajmnq9tr5azwgr0za51v/01m11danr5gsawpdf8mxvwgfkp/node_modules/@unrs/resolver-binding-linux-riscv64-gnu
92 silly reify mark deleted [
92 silly reify   '/home/gjugn/.local/share/trueforge/sandboxes/01m11dajmnq9tr5azwgr0za51v/01m11danr5gsawpdf8mxvwgfkp/node_modules/@unrs/resolver-binding-linux-riscv64-gnu'
92 silly reify ]
93 verbose reify failed optional dependency /home/gjugn/.local/share/trueforge/sandboxes/01m11dajmnq9tr5azwgr0za51v/01m11danr5gsawpdf8mxvwgfkp/node_modules/@unrs/resolver-binding-linux-ppc64-gnu
94 silly reify mark deleted [
94 silly reify   '/home/gjugn/.local/share/trueforge/sandboxes/01m11dajmnq9tr5azwgr0za51v/01m11danr5gsawpdf8mxvwgfkp/node_modules/@unrs/resolver-binding-linux-ppc64-gnu'
94 silly reify ]
95 verbose reify failed optional dependency /home/gjugn/.local/share/trueforge/sandboxes/01m11dajmnq9tr5azwgr0za51v/01m11danr5gsawpdf8mxvwgfkp/node_modules/@unrs/resolver-binding-linux-loong64-musl
96 silly reify mark deleted [
96 silly reify   '/home/gjugn/.local/share/trueforge/sandboxes/01m11dajmnq9tr5azwgr0za51v/01m11danr5gsawpdf8mxvwgfkp/node_modules/@unrs/resolver-binding-linux-loong64-musl'
96 silly reify ]
97 verbose reify failed optional dependency /home/gjugn/.local/share/trueforge/sandboxes/01m11dajmnq9tr5azwgr0za51v/01m11danr5gsawpdf8mxvwgfkp/node_modules/@unrs/resolver-binding-linux-loong64-gnu
98 silly reify mark deleted [
98 silly reify   '/home/gjugn/.local/share/trueforge/sandboxes/01m11dajmnq9tr5azwgr0za51v/01m11danr5gsawpdf8mxvwgfkp/node_modules/@unrs/resolver-binding-linux-loong64-gnu'
98 silly reify ]
99 verbose reify failed optional dependency /home/gjugn/.local/share/trueforge/sandboxes/01m11dajmnq9tr5azwgr0za51v/01m11danr5gsawpdf8mxvwgfkp/node_modules/@unrs/resolver-binding-linux-arm64-musl
100 silly reify mark deleted [
100 silly reify   '/home/gjugn/.local/share/trueforge/sandboxes/01m11dajmnq9tr5azwgr0za51v/01m11danr5gsawpdf8mxvwgfkp/node_modules/@unrs/resolver-binding-linux-arm64-musl'
100 silly reify ]
101 verbose reify failed optional dependency /home/gjugn/.local/share/trueforge/sandboxes/01m11dajmnq9tr5azwgr0za51v/01m11danr5gsawpdf8mxvwgfkp/node_modules/@unrs/resolver-binding-linux-arm64-gnu
102 silly reify mark deleted [
102 silly reify   '/home/gjugn/.local/share/trueforge/sandboxes/01m11dajmnq9tr5azwgr0za51v/01m11danr5gsawpdf8mxvwgfkp/node_modules/@unrs/resolver-binding-linux-arm64-gnu'
102 silly reify ]
103 verbose reify failed optional dependency /home/gjugn/.local/share/trueforge/sandboxes/01m11dajmnq9tr5azwgr0za51v/01m11danr5gsawpdf8mxvwgfkp/node_modules/@unrs/resolver-binding-linux-arm-musleabihf
104 silly reify mark deleted [
104 silly reify   '/home/gjugn/.local/share/trueforge/sandboxes/01m11dajmnq9tr5azwgr0za51v/01m11danr5gsawpdf8mxvwgfkp/node_modules/@unrs/resolver-binding-linux-arm-musleabihf'
104 silly reify ]
105 verbose reify failed optional dependency /home/gjugn/.local/share/trueforge/sandboxes/01m11dajmnq9tr5azwgr0za51v/01m11danr5gsawpdf8mxvwgfkp/node_modules/@unrs/resolver-binding-linux-arm-gnueabihf
106 silly reify mark deleted [
106 silly reify   '/home/gjugn/.local/share/trueforge/sandboxes/01m11dajmnq9tr5azwgr0za51v/01m11danr5gsawpdf8mxvwgfkp/node_modules/@unrs/resolver-binding-linux-arm-gnueabihf'
106 silly reify ]
107 verbose reify failed optional dependency /home/gjugn/.local/share/trueforge/sandboxes/01m11dajmnq9tr5azwgr0za51v/01m11danr5gsawpdf8mxvwgfkp/node_modules/@unrs/resolver-binding-freebsd-x64
108 silly reify mark deleted [
108 silly reify   '/home/gjugn/.local/share/trueforge/sandboxes/01m11dajmnq9tr5azwgr0za51v/01m11danr5gsawpdf8mxvwgfkp/node_modules/@unrs/resolver-binding-freebsd-x64'
108 silly reify ]
109 verbose reify failed optional dependency /home/gjugn/.local/share/trueforge/sandboxes/01m11dajmnq9tr5azwgr0za51v/01m11danr5gsawpdf8mxvwgfkp/node_modules/@unrs/resolver-binding-darwin-x64
110 silly reify mark deleted [
110 silly reify   '/home/gjugn/.local/share/trueforge/sandboxes/01m11dajmnq9tr5azwgr0za51v/01m11danr5gsawpdf8mxvwgfkp/node_modules/@unrs/resolver-binding-darwin-x64'
110 silly reify ]
111 verbose reify failed optional dependency /home/gjugn/.local/share/trueforge/sandboxes/01m11dajmnq9tr5azwgr0za51v/01m11danr5gsawpdf8mxvwgfkp/node_modules/@unrs/resolver-binding-darwin-arm64
112 silly reify mark deleted [
112 silly reify   '/home/gjugn/.local/share/trueforge/sandboxes/01m11dajmnq9tr5azwgr0za51v/01m11danr5gsawpdf8mxvwgfkp/node_modules/@unrs/resolver-binding-darwin-arm64'
112 silly reify ]
113 verbose reify failed optional dependency /home/gjugn/.local/share/trueforge/sandboxes/01m11dajmnq9tr5azwgr0za51v/01m11danr5gsawpdf8mxvwgfkp/node_modules/@unrs/resolver-binding-android-arm64
114 silly reify mark deleted [
114 silly reify   '/home/gjugn/.local/share/trueforge/sandboxes/01m11dajmnq9tr5azwgr0za51v/01m11danr5gsawpdf8mxvwgfkp/node_modules/@unrs/resolver-binding-android-arm64'
114 silly reify ]
115 verbose reify failed optional dependency /home/gjugn/.local/share/trueforge/sandboxes/01m11dajmnq9tr5azwgr0za51v/01m11danr5gsawpdf8mxvwgfkp/node_modules/@unrs/resolver-binding-android-arm-eabi
116 silly reify mark deleted [
116 silly reify   '/home/gjugn/.local/share/trueforge/sandboxes/01m11dajmnq9tr5azwgr0za51v/01m11danr5gsawpdf8mxvwgfkp/node_modules/@unrs/resolver-binding-android-arm-eabi'
116 silly reify ]
117 verbose reify failed optional dependency /home/gjugn/.local/share/trueforge/sandboxes/01m11dajmnq9tr5azwgr0za51v/01m11danr5gsawpdf8mxvwgfkp/node_modules/@tailwindcss/oxide-win32-x64-msvc
118 silly reify mark deleted [
118 silly reify   '/home/gjugn/.local/share/trueforge/sandboxes/01m11dajmnq9tr5azwgr0za51v/01m11danr5gsawpdf8mxvwgfkp/node_modules/@tailwindcss/oxide-win32-x64-msvc'
118 silly reify ]
119 verbose reify failed optional dependency /home/gjugn/.local/share/trueforge/sandboxes/01m11dajmnq9tr5azwgr0za51v/01m11danr5gsawpdf8mxvwgfkp/node_modules/@tailwindcss/oxide-win32-arm64-msvc
120 silly reify mark deleted [
120 silly reify   '/home/gjugn/.local/share/trueforge/sandboxes/01m11dajmnq9tr5azwgr0za51v/01m11danr5gsawpdf8mxvwgfkp/node_modules/@tailwindcss/oxide-win32-arm64-msvc'
120 silly reify ]
121 verbose reify failed optional dependency /home/gjugn/.local/share/trueforge/sandboxes/01m11dajmnq9tr5azwgr0za51v/01m11danr5gsawpdf8mxvwgfkp/node_modules/@tailwindcss/oxide-linux-x64-musl
122 silly reify mark deleted [
122 silly reify   '/home/gjugn/.local/share/trueforge/sandboxes/01m11dajmnq9tr5azwgr0za51v/01m11danr5gsawpdf8mxvwgfkp/node_modules/@tailwindcss/oxide-linux-x64-musl'
122 silly reify ]
123 verbose reify failed optional dependency /home/gjugn/.local/share/trueforge/sandboxes/01m11dajmnq9tr5azwgr0za51v/01m11danr5gsawpdf8mxvwgfkp/node_modules/@tailwindcss/oxide-linux-arm64-musl
124 silly reify mark deleted [
124 silly reify   '/home/gjugn/.local/share/trueforge/sandboxes/01m11dajmnq9tr5azwgr0za51v/01m11danr5gsawpdf8mxvwgfkp/node_modules/@tailwindcss/oxide-linux-arm64-musl'
124 silly reify ]
125 verbose reify failed optional dependency /home/gjugn/.local/share/trueforge/sandboxes/01m11dajmnq9tr5azwgr0za51v/01m11danr5gsawpdf8mxvwgfkp/node_modules/@tailwindcss/oxide-linux-arm64-gnu
126 silly reify mark deleted [
126 silly reify   '/home/gjugn/.local/share/trueforge/sandboxes/01m11dajmnq9tr5azwgr0za51v/01m11danr5gsawpdf8mxvwgfkp/node_modules/@tailwindcss/oxide-linux-arm64-gnu'
126 silly reify ]
127 verbose reify failed optional dependency /home/gjugn/.local/share/trueforge/sandboxes/01m11dajmnq9tr5azwgr0za51v/01m11danr5gsawpdf8mxvwgfkp/node_modules/@tailwindcss/oxide-linux-arm-gnueabihf
128 silly reify mark deleted [
128 silly reify   '/home/gjugn/.local/share/trueforge/sandboxes/01m11dajmnq9tr5azwgr0za51v/01m11danr5gsawpdf8mxvwgfkp/node_modules/@tailwindcss/oxide-linux-arm-gnueabihf'
128 silly reify ]
129 verbose reify failed optional dependency /home/gjugn/.local/share/trueforge/sandboxes/01m11dajmnq9tr5azwgr0za51v/01m11danr5gsawpdf8mxvwgfkp/node_modules/@tailwindcss/oxide-freebsd-x64
130 silly reify mark deleted [
130 silly reify   '/home/gjugn/.local/share/trueforge/sandboxes/01m11dajmnq9tr5azwgr0za51v/01m11danr5gsawpdf8mxvwgfkp/node_modules/@tailwindcss/oxide-freebsd-x64'
130 silly reify ]
131 verbose reify failed optional dependency /home/gjugn/.local/share/trueforge/sandboxes/01m11dajmnq9tr5azwgr0za51v/01m11danr5gsawpdf8mxvwgfkp/node_modules/@tailwindcss/oxide-darwin-x64
132 silly reify mark deleted [
132 silly reify   '/home/gjugn/.local/share/trueforge/sandboxes/01m11dajmnq9tr5azwgr0za51v/01m11danr5gsawpdf8mxvwgfkp/node_modules/@tailwindcss/oxide-darwin-x64'
132 silly reify ]
133 verbose reify failed optional dependency /home/gjugn/.local/share/trueforge/sandboxes/01m11dajmnq9tr5azwgr0za51v/01m11danr5gsawpdf8mxvwgfkp/node_modules/@tailwindcss/oxide-darwin-arm64
134 silly reify mark deleted [
134 silly reify   '/home/gjugn/.local/share/trueforge/sandboxes/01m11dajmnq9tr5azwgr0za51v/01m11danr5gsawpdf8mxvwgfkp/node_modules/@tailwindcss/oxide-darwin-arm64'
134 silly reify ]
135 verbose reify failed optional dependency /home/gjugn/.local/share/trueforge/sandboxes/01m11dajmnq9tr5azwgr0za51v/01m11danr5gsawpdf8mxvwgfkp/node_modules/@tailwindcss/oxide-android-arm64
136 silly reify mark deleted [
136 silly reify   '/home/gjugn/.local/share/trueforge/sandboxes/01m11dajmnq9tr5azwgr0za51v/01m11danr5gsawpdf8mxvwgfkp/node_modules/@tailwindcss/oxide-android-arm64'
136 silly reify ]
137 verbose reify failed optional dependency /home/gjugn/.local/share/trueforge/sandboxes/01m11dajmnq9tr5azwgr0za51v/01m11danr5gsawpdf8mxvwgfkp/node_modules/@sentry/cli-win32-x64
138 silly reify mark deleted [
138 silly reify   '/home/gjugn/.local/share/trueforge/sandboxes/01m11dajmnq9tr5azwgr0za51v/01m11danr5gsawpdf8mxvwgfkp/node_modules/@sentry/cli-win32-x64'
138 silly reify ]
139 verbose reify failed optional dependency /home/gjugn/.local/share/trueforge/sandboxes/01m11dajmnq9tr5azwgr0za51v/01m11danr5gsawpdf8mxvwgfkp/node_modules/@sentry/cli-win32-i686
140 silly reify mark deleted [
140 silly reify   '/home/gjugn/.local/share/trueforge/sandboxes/01m11dajmnq9tr5azwgr0za51v/01m11danr5gsawpdf8mxvwgfkp/node_modules/@sentry/cli-win32-i686'
140 silly reify ]
141 verbose reify failed optional dependency /home/gjugn/.local/share/trueforge/sandboxes/01m11dajmnq9tr5azwgr0za51v/01m11danr5gsawpdf8mxvwgfkp/node_modules/@sentry/cli-win32-arm64
142 silly reify mark deleted [
142 silly reify   '/home/gjugn/.local/share/trueforge/sandboxes/01m11dajmnq9tr5azwgr0za51v/01m11danr5gsawpdf8mxvwgfkp/node_modules/@sentry/cli-win32-arm64'
142 silly reify ]
143 verbose reify failed optional dependency /home/gjugn/.local/share/trueforge/sandboxes/01m11dajmnq9tr5azwgr0za51v/01m11danr5gsawpdf8mxvwgfkp/node_modules/@sentry/cli-linux-i686
144 silly reify mark deleted [
144 silly reify   '/home/gjugn/.local/share/trueforge/sandboxes/01m11dajmnq9tr5azwgr0za51v/01m11danr5gsawpdf8mxvwgfkp/node_modules/@sentry/cli-linux-i686'
144 silly reify ]
145 verbose reify failed optional dependency /home/gjugn/.local/share/trueforge/sandboxes/01m11dajmnq9tr5azwgr0za51v/01m11danr5gsawpdf8mxvwgfkp/node_modules/@sentry/cli-linux-arm64
146 silly reify mark deleted [
146 silly reify   '/home/gjugn/.local/share/trueforge/sandboxes/01m11dajmnq9tr5azwgr0za51v/01m11danr5gsawpdf8mxvwgfkp/node_modules/@sentry/cli-linux-arm64'
146 silly reify ]
147 verbose reify failed optional dependency /home/gjugn/.local/share/trueforge/sandboxes/01m11dajmnq9tr5azwgr0za51v/01m11danr5gsawpdf8mxvwgfkp/node_modules/@sentry/cli-linux-arm
148 silly reify mark deleted [
148 silly reify   '/home/gjugn/.local/share/trueforge/sandboxes/01m11dajmnq9tr5azwgr0za51v/01m11danr5gsawpdf8mxvwgfkp/node_modules/@sentry/cli-linux-arm'
148 silly reify ]
149 verbose reify failed optional dependency /home/gjugn/.local/share/trueforge/sandboxes/01m11dajmnq9tr5azwgr0za51v/01m11danr5gsawpdf8mxvwgfkp/node_modules/@sentry/cli-darwin
150 silly reify mark deleted [
150 silly reify   '/home/gjugn/.local/share/trueforge/sandboxes/01m11dajmnq9tr5azwgr0za51v/01m11danr5gsawpdf8mxvwgfkp/node_modules/@sentry/cli-darwin'
150 silly reify ]
151 verbose reify failed optional dependency /home/gjugn/.local/share/trueforge/sandboxes/01m11dajmnq9tr5azwgr0za51v/01m11danr5gsawpdf8mxvwgfkp/node_modules/@rolldown/binding-win32-x64-msvc
152 silly reify mark deleted [
152 silly reify   '/home/gjugn/.local/share/trueforge/sandboxes/01m11dajmnq9tr5azwgr0za51v/01m11danr5gsawpdf8mxvwgfkp/node_modules/@rolldown/binding-win32-x64-msvc'
152 silly reify ]
153 verbose reify failed optional dependency /home/gjugn/.local/share/trueforge/sandboxes/01m11dajmnq9tr5azwgr0za51v/01m11danr5gsawpdf8mxvwgfkp/node_modules/@rolldown/binding-win32-arm64-msvc
154 silly reify mark deleted [
154 silly reify   '/home/gjugn/.local/share/trueforge/sandboxes/01m11dajmnq9tr5azwgr0za51v/01m11danr5gsawpdf8mxvwgfkp/node_modules/@rolldown/binding-win32-arm64-msvc'
154 silly reify ]
155 verbose reify failed optional dependency /home/gjugn/.local/share/trueforge/sandboxes/01m11dajmnq9tr5azwgr0za51v/01m11danr5gsawpdf8mxvwgfkp/node_modules/@rolldown/binding-openharmony-arm64
156 silly reify mark deleted [
156 silly reify   '/home/gjugn/.local/share/trueforge/sandboxes/01m11dajmnq9tr5azwgr0za51v/01m11danr5gsawpdf8mxvwgfkp/node_modules/@rolldown/binding-openharmony-arm64'
156 silly reify ]
157 verbose reify failed optional dependency /home/gjugn/.local/share/trueforge/sandboxes/01m11dajmnq9tr5azwgr0za51v/01m11danr5gsawpdf8mxvwgfkp/node_modules/@rolldown/binding-linux-x64-musl
158 silly reify mark deleted [
158 silly reify   '/home/gjugn/.local/share/trueforge/sandboxes/01m11dajmnq9tr5azwgr0za51v/01m11danr5gsawpdf8mxvwgfkp/node_modules/@rolldown/binding-linux-x64-musl'
158 silly reify ]
159 verbose reify failed optional dependency /home/gjugn/.local/share/trueforge/sandboxes/01m11dajmnq9tr5azwgr0za51v/01m11danr5gsawpdf8mxvwgfkp/node_modules/@rolldown/binding-linux-s390x-gnu
160 silly reify mark deleted [
160 silly reify   '/home/gjugn/.local/share/trueforge/sandboxes/01m11dajmnq9tr5azwgr0za51v/01m11danr5gsawpdf8mxvwgfkp/node_modules/@rolldown/binding-linux-s390x-gnu'
160 silly reify ]
161 verbose reify failed optional dependency /home/gjugn/.local/share/trueforge/sandboxes/01m11dajmnq9tr5azwgr0za51v/01m11danr5gsawpdf8mxvwgfkp/node_modules/@rolldown/binding-linux-ppc64-gnu
162 silly reify mark deleted [
162 silly reify   '/home/gjugn/.local/share/trueforge/sandboxes/01m11dajmnq9tr5azwgr0za51v/01m11danr5gsawpdf8mxvwgfkp/node_modules/@rolldown/binding-linux-ppc64-gnu'
162 silly reify ]
163 verbose reify failed optional dependency /home/gjugn/.local/share/trueforge/sandboxes/01m11dajmnq9tr5azwgr0za51v/01m11danr5gsawpdf8mxvwgfkp/node_modules/@rolldown/binding-linux-arm64-musl
164 silly reify mark deleted [
164 silly reify   '/home/gjugn/.local/share/trueforge/sandboxes/01m11dajmnq9tr5azwgr0za51v/01m11danr5gsawpdf8mxvwgfkp/node_modules/@rolldown/binding-linux-arm64-musl'
164 silly reify ]
165 verbose reify failed optional dependency /home/gjugn/.local/share/trueforge/sandboxes/01m11dajmnq9tr5azwgr0za51v/01m11danr5gsawpdf8mxvwgfkp/node_modules/@rolldown/binding-linux-arm64-gnu
166 silly reify mark deleted [
166 silly reify   '/home/gjugn/.local/share/trueforge/sandboxes/01m11dajmnq9tr5azwgr0za51v/01m11danr5gsawpdf8mxvwgfkp/node_modules/@rolldown/binding-linux-arm64-gnu'
166 silly reify ]
167 verbose reify failed optional dependency /home/gjugn/.local/share/trueforge/sandboxes/01m11dajmnq9tr5azwgr0za51v/01m11danr5gsawpdf8mxvwgfkp/node_modules/@rolldown/binding-linux-arm-gnueabihf
168 silly reify mark deleted [
168 silly reify   '/home/gjugn/.local/share/trueforge/sandboxes/01m11dajmnq9tr5azwgr0za51v/01m11danr5gsawpdf8mxvwgfkp/node_modules/@rolldown/binding-linux-arm-gnueabihf'
168 silly reify ]
169 verbose reify failed optional dependency /home/gjugn/.local/share/trueforge/sandboxes/01m11dajmnq9tr5azwgr0za51v/01m11danr5gsawpdf8mxvwgfkp/node_modules/@rolldown/binding-freebsd-x64
170 silly reify mark deleted [
170 silly reify   '/home/gjugn/.local/share/trueforge/sandboxes/01m11dajmnq9tr5azwgr0za51v/01m11danr5gsawpdf8mxvwgfkp/node_modules/@rolldown/binding-freebsd-x64'
170 silly reify ]
171 verbose reify failed optional dependency /home/gjugn/.local/share/trueforge/sandboxes/01m11dajmnq9tr5azwgr0za51v/01m11danr5gsawpdf8mxvwgfkp/node_modules/@rolldown/binding-darwin-x64
172 silly reify mark deleted [
172 silly reify   '/home/gjugn/.local/share/trueforge/sandboxes/01m11dajmnq9tr5azwgr0za51v/01m11danr5gsawpdf8mxvwgfkp/node_modules/@rolldown/binding-darwin-x64'
172 silly reify ]
173 verbose reify failed optional dependency /home/gjugn/.local/share/trueforge/sandboxes/01m11dajmnq9tr5azwgr0za51v/01m11danr5gsawpdf8mxvwgfkp/node_modules/@rolldown/binding-darwin-arm64
174 silly reify mark deleted [
174 silly reify   '/home/gjugn/.local/share/trueforge/sandboxes/01m11dajmnq9tr5azwgr0za51v/01m11danr5gsawpdf8mxvwgfkp/node_modules/@rolldown/binding-darwin-arm64'
174 silly reify ]
175 verbose reify failed optional dependency /home/gjugn/.local/share/trueforge/sandboxes/01m11dajmnq9tr5azwgr0za51v/01m11danr5gsawpdf8mxvwgfkp/node_modules/@rolldown/binding-android-arm64
176 silly reify mark deleted [
176 silly reify   '/home/gjugn/.local/share/trueforge/sandboxes/01m11dajmnq9tr5azwgr0za51v/01m11danr5gsawpdf8mxvwgfkp/node_modules/@rolldown/binding-android-arm64'
176 silly reify ]
177 verbose reify failed optional dependency /home/gjugn/.local/share/trueforge/sandboxes/01m11dajmnq9tr5azwgr0za51v/01m11danr5gsawpdf8mxvwgfkp/node_modules/@rolldown/binding-android-arm-eabi
178 silly reify mark deleted [
178 silly reify   '/home/gjugn/.local/share/trueforge/sandboxes/01m11dajmnq9tr5azwgr0za51v/01m11danr5gsawpdf8mxvwgfkp/node_modules/@rolldown/binding-android-arm-eabi'
178 silly reify ]
179 verbose reify failed optional dependency /home/gjugn/.local/share/trueforge/sandboxes/01m11dajmnq9tr5azwgr0za51v/01m11danr5gsawpdf8mxvwgfkp/node_modules/@oxc-parser/binding-win32-x64-msvc
180 silly reify mark deleted [
180 silly reify   '/home/gjugn/.local/share/trueforge/sandboxes/01m11dajmnq9tr5azwgr0za51v/01m11danr5gsawpdf8mxvwgfkp/node_modules/@oxc-parser/binding-win32-x64-msvc'
180 silly reify ]
181 verbose reify failed optional dependency /home/gjugn/.local/share/trueforge/sandboxes/01m11dajmnq9tr5azwgr0za51v/01m11danr5gsawpdf8mxvwgfkp/node_modules/@oxc-parser/binding-win32-ia32-msvc
182 silly reify mark deleted [
182 silly reify   '/home/gjugn/.local/share/trueforge/sandboxes/01m11dajmnq9tr5azwgr0za51v/01m11danr5gsawpdf8mxvwgfkp/node_modules/@oxc-parser/binding-win32-ia32-msvc'
182 silly reify ]
183 verbose reify failed optional dependency /home/gjugn/.local/share/trueforge/sandboxes/01m11dajmnq9tr5azwgr0za51v/01m11danr5gsawpdf8mxvwgfkp/node_modules/@oxc-parser/binding-win32-arm64-msvc
184 silly reify mark deleted [
184 silly reify   '/home/gjugn/.local/share/trueforge/sandboxes/01m11dajmnq9tr5azwgr0za51v/01m11danr5gsawpdf8mxvwgfkp/node_modules/@oxc-parser/binding-win32-arm64-msvc'
184 silly reify ]
185 verbose reify failed optional dependency /home/gjugn/.local/share/trueforge/sandboxes/01m11dajmnq9tr5azwgr0za51v/01m11danr5gsawpdf8mxvwgfkp/node_modules/@oxc-parser/binding-wasm32-wasi
186 silly reify mark deleted [
186 silly reify   '/home/gjugn/.local/share/trueforge/sandboxes/01m11dajmnq9tr5azwgr0za51v/01m11danr5gsawpdf8mxvwgfkp/node_modules/@oxc-parser/binding-wasm32-wasi'
186 silly reify ]
187 verbose reify failed optional dependency /home/gjugn/.local/share/trueforge/sandboxes/01m11dajmnq9tr5azwgr0za51v/01m11danr5gsawpdf8mxvwgfkp/node_modules/@oxc-parser/binding-openharmony-arm64
188 silly reify mark deleted [
188 silly reify   '/home/gjugn/.local/share/trueforge/sandboxes/01m11dajmnq9tr5azwgr0za51v/01m11danr5gsawpdf8mxvwgfkp/node_modules/@oxc-parser/binding-openharmony-arm64'
188 silly reify ]
189 verbose reify failed optional dependency /home/gjugn/.local/share/trueforge/sandboxes/01m11dajmnq9tr5azwgr0za51v/01m11danr5gsawpdf8mxvwgfkp/node_modules/@oxc-parser/binding-linux-x64-musl
190 silly reify mark deleted [
190 silly reify   '/home/gjugn/.local/share/trueforge/sandboxes/01m11dajmnq9tr5azwgr0za51v/01m11danr5gsawpdf8mxvwgfkp/node_modules/@oxc-parser/binding-linux-x64-musl'
190 silly reify ]
191 verbose reify failed optional dependency /home/gjugn/.local/share/trueforge/sandboxes/01m11dajmnq9tr5azwgr0za51v/01m11danr5gsawpdf8mxvwgfkp/node_modules/@oxc-parser/binding-linux-s390x-gnu
192 silly reify mark deleted [
192 silly reify   '/home/gjugn/.local/share/trueforge/sandboxes/01m11dajmnq9tr5azwgr0za51v/01m11danr5gsawpdf8mxvwgfkp/node_modules/@oxc-parser/binding-linux-s390x-gnu'
192 silly reify ]
193 verbose reify failed optional dependency /home/gjugn/.local/share/trueforge/sandboxes/01m11dajmnq9tr5azwgr0za51v/01m11danr5gsawpdf8mxvwgfkp/node_modules/@oxc-parser/binding-linux-riscv64-musl
194 silly reify mark deleted [
194 silly reify   '/home/gjugn/.local/share/trueforge/sandboxes/01m11dajmnq9tr5azwgr0za51v/01m11danr5gsawpdf8mxvwgfkp/node_modules/@oxc-parser/binding-linux-riscv64-musl'
194 silly reify ]
195 verbose reify failed optional dependency /home/gjugn/.local/share/trueforge/sandboxes/01m11dajmnq9tr5azwgr0za51v/01m11danr5gsawpdf8mxvwgfkp/node_modules/@oxc-parser/binding-linux-riscv64-gnu
196 silly reify mark deleted [
196 silly reify   '/home/gjugn/.local/share/trueforge/sandboxes/01m11dajmnq9tr5azwgr0za51v/01m11danr5gsawpdf8mxvwgfkp/node_modules/@oxc-parser/binding-linux-riscv64-gnu'
196 silly reify ]
197 verbose reify failed optional dependency /home/gjugn/.local/share/trueforge/sandboxes/01m11dajmnq9tr5azwgr0za51v/01m11danr5gsawpdf8mxvwgfkp/node_modules/@oxc-parser/binding-linux-ppc64-gnu
198 silly reify mark deleted [
198 silly reify   '/home/gjugn/.local/share/trueforge/sandboxes/01m11dajmnq9tr5azwgr0za51v/01m11danr5gsawpdf8mxvwgfkp/node_modules/@oxc-parser/binding-linux-ppc64-gnu'
198 silly reify ]
199 verbose reify failed optional dependency /home/gjugn/.local/share/trueforge/sandboxes/01m11dajmnq9tr5azwgr0za51v/01m11danr5gsawpdf8mxvwgfkp/node_modules/@oxc-parser/binding-linux-arm64-musl
200 silly reify mark deleted [
200 silly reify   '/home/gjugn/.local/share/trueforge/sandboxes/01m11dajmnq9tr5azwgr0za51v/01m11danr5gsawpdf8mxvwgfkp/node_modules/@oxc-parser/binding-linux-arm64-musl'
200 silly reify ]
201 verbose reify failed optional dependency /home/gjugn/.local/share/trueforge/sandboxes/01m11dajmnq9tr5azwgr0za51v/01m11danr5gsawpdf8mxvwgfkp/node_modules/@oxc-parser/binding-linux-arm64-gnu
202 silly reify mark deleted [
202 silly reify   '/home/gjugn/.local/share/trueforge/sandboxes/01m11dajmnq9tr5azwgr0za51v/01m11danr5gsawpdf8mxvwgfkp/node_modules/@oxc-parser/binding-linux-arm64-gnu'
202 silly reify ]
203 verbose reify failed optional dependency /home/gjugn/.local/share/trueforge/sandboxes/01m11dajmnq9tr5azwgr0za51v/01m11danr5gsawpdf8mxvwgfkp/node_modules/@oxc-parser/binding-linux-arm-musleabihf
204 silly reify mark deleted [
204 silly reify   '/home/gjugn/.local/share/trueforge/sandboxes/01m11dajmnq9tr5azwgr0za51v/01m11danr5gsawpdf8mxvwgfkp/node_modules/@oxc-parser/binding-linux-arm-musleabihf'
204 silly reify ]
205 verbose reify failed optional dependency /home/gjugn/.local/share/trueforge/sandboxes/01m11dajmnq9tr5azwgr0za51v/01m11danr5gsawpdf8mxvwgfkp/node_modules/@oxc-parser/binding-linux-arm-gnueabihf
206 silly reify mark deleted [
206 silly reify   '/home/gjugn/.local/share/trueforge/sandboxes/01m11dajmnq9tr5azwgr0za51v/01m11danr5gsawpdf8mxvwgfkp/node_modules/@oxc-parser/binding-linux-arm-gnueabihf'
206 silly reify ]
207 verbose reify failed optional dependency /home/gjugn/.local/share/trueforge/sandboxes/01m11dajmnq9tr5azwgr0za51v/01m11danr5gsawpdf8mxvwgfkp/node_modules/@oxc-parser/binding-freebsd-x64
208 silly reify mark deleted [
208 silly reify   '/home/gjugn/.local/share/trueforge/sandboxes/01m11dajmnq9tr5azwgr0za51v/01m11danr5gsawpdf8mxvwgfkp/node_modules/@oxc-parser/binding-freebsd-x64'
208 silly reify ]
209 verbose reify failed optional dependency /home/gjugn/.local/share/trueforge/sandboxes/01m11dajmnq9tr5azwgr0za51v/01m11danr5gsawpdf8mxvwgfkp/node_modules/@oxc-parser/binding-darwin-x64
210 silly reify mark deleted [
210 silly reify   '/home/gjugn/.local/share/trueforge/sandboxes/01m11dajmnq9tr5azwgr0za51v/01m11danr5gsawpdf8mxvwgfkp/node_modules/@oxc-parser/binding-darwin-x64'
210 silly reify ]
211 verbose reify failed optional dependency /home/gjugn/.local/share/trueforge/sandboxes/01m11dajmnq9tr5azwgr0za51v/01m11danr5gsawpdf8mxvwgfkp/node_modules/@oxc-parser/binding-darwin-arm64
212 silly reify mark deleted [
212 silly reify   '/home/gjugn/.local/share/trueforge/sandboxes/01m11dajmnq9tr5azwgr0za51v/01m11danr5gsawpdf8mxvwgfkp/node_modules/@oxc-parser/binding-darwin-arm64'
212 silly reify ]
213 verbose reify failed optional dependency /home/gjugn/.local/share/trueforge/sandboxes/01m11dajmnq9tr5azwgr0za51v/01m11danr5gsawpdf8mxvwgfkp/node_modules/@oxc-parser/binding-android-arm64
214 silly reify mark deleted [
214 silly reify   '/home/gjugn/.local/share/trueforge/sandboxes/01m11dajmnq9tr5azwgr0za51v/01m11danr5gsawpdf8mxvwgfkp/node_modules/@oxc-parser/binding-android-arm64'
214 silly reify ]
215 verbose reify failed optional dependency /home/gjugn/.local/share/trueforge/sandboxes/01m11dajmnq9tr5azwgr0za51v/01m11danr5gsawpdf8mxvwgfkp/node_modules/@oxc-parser/binding-android-arm-eabi
216 silly reify mark deleted [
216 silly reify   '/home/gjugn/.local/share/trueforge/sandboxes/01m11dajmnq9tr5azwgr0za51v/01m11danr5gsawpdf8mxvwgfkp/node_modules/@oxc-parser/binding-android-arm-eabi'
216 silly reify ]
217 verbose reify failed optional dependency /home/gjugn/.local/share/trueforge/sandboxes/01m11dajmnq9tr5azwgr0za51v/01m11danr5gsawpdf8mxvwgfkp/node_modules/@esbuild/win32-x64
218 silly reify mark deleted [
218 silly reify   '/home/gjugn/.local/share/trueforge/sandboxes/01m11dajmnq9tr5azwgr0za51v/01m11danr5gsawpdf8mxvwgfkp/node_modules/@esbuild/win32-x64'
218 silly reify ]
219 verbose reify failed optional dependency /home/gjugn/.local/share/trueforge/sandboxes/01m11dajmnq9tr5azwgr0za51v/01m11danr5gsawpdf8mxvwgfkp/node_modules/@esbuild/win32-ia32
220 silly reify mark deleted [
220 silly reify   '/home/gjugn/.local/share/trueforge/sandboxes/01m11dajmnq9tr5azwgr0za51v/01m11danr5gsawpdf8mxvwgfkp/node_modules/@esbuild/win32-ia32'
220 silly reify ]
221 verbose reify failed optional dependency /home/gjugn/.local/share/trueforge/sandboxes/01m11dajmnq9tr5azwgr0za51v/01m11danr5gsawpdf8mxvwgfkp/node_modules/@esbuild/win32-arm64
222 silly reify mark deleted [
222 silly reify   '/home/gjugn/.local/share/trueforge/sandboxes/01m11dajmnq9tr5azwgr0za51v/01m11danr5gsawpdf8mxvwgfkp/node_modules/@esbuild/win32-arm64'
222 silly reify ]
223 verbose reify failed optional dependency /home/gjugn/.local/share/trueforge/sandboxes/01m11dajmnq9tr5azwgr0za51v/01m11danr5gsawpdf8mxvwgfkp/node_modules/@esbuild/sunos-x64
224 silly reify mark deleted [
224 silly reify   '/home/gjugn/.local/share/trueforge/sandboxes/01m11dajmnq9tr5azwgr0za51v/01m11danr5gsawpdf8mxvwgfkp/node_modules/@esbuild/sunos-x64'
224 silly reify ]
225 verbose reify failed optional dependency /home/gjugn/.local/share/trueforge/sandboxes/01m11dajmnq9tr5azwgr0za51v/01m11danr5gsawpdf8mxvwgfkp/node_modules/@esbuild/openharmony-arm64
226 silly reify mark deleted [
226 silly reify   '/home/gjugn/.local/share/trueforge/sandboxes/01m11dajmnq9tr5azwgr0za51v/01m11danr5gsawpdf8mxvwgfkp/node_modules/@esbuild/openharmony-arm64'
226 silly reify ]
227 verbose reify failed optional dependency /home/gjugn/.local/share/trueforge/sandboxes/01m11dajmnq9tr5azwgr0za51v/01m11danr5gsawpdf8mxvwgfkp/node_modules/@esbuild/openbsd-x64
228 silly reify mark deleted [
228 silly reify   '/home/gjugn/.local/share/trueforge/sandboxes/01m11dajmnq9tr5azwgr0za51v/01m11danr5gsawpdf8mxvwgfkp/node_modules/@esbuild/openbsd-x64'
228 silly reify ]
229 verbose reify failed optional dependency /home/gjugn/.local/share/trueforge/sandboxes/01m11dajmnq9tr5azwgr0za51v/01m11danr5gsawpdf8mxvwgfkp/node_modules/@esbuild/openbsd-arm64
230 silly reify mark deleted [
230 silly reify   '/home/gjugn/.local/share/trueforge/sandboxes/01m11dajmnq9tr5azwgr0za51v/01m11danr5gsawpdf8mxvwgfkp/node_modules/@esbuild/openbsd-arm64'
230 silly reify ]
231 verbose reify failed optional dependency /home/gjugn/.local/share/trueforge/sandboxes/01m11dajmnq9tr5azwgr0za51v/01m11danr5gsawpdf8mxvwgfkp/node_modules/@esbuild/netbsd-x64
232 silly reify mark deleted [
232 silly reify   '/home/gjugn/.local/share/trueforge/sandboxes/01m11dajmnq9tr5azwgr0za51v/01m11danr5gsawpdf8mxvwgfkp/node_modules/@esbuild/netbsd-x64'
232 silly reify ]
233 verbose reify failed optional dependency /home/gjugn/.local/share/trueforge/sandboxes/01m11dajmnq9tr5azwgr0za51v/01m11danr5gsawpdf8mxvwgfkp/node_modules/@esbuild/netbsd-arm64
234 silly reify mark deleted [
234 silly reify   '/home/gjugn/.local/share/trueforge/sandboxes/01m11dajmnq9tr5azwgr0za51v/01m11danr5gsawpdf8mxvwgfkp/node_modules/@esbuild/netbsd-arm64'
234 silly reify ]
235 verbose reify failed optional dependency /home/gjugn/.local/share/trueforge/sandboxes/01m11dajmnq9tr5azwgr0za51v/01m11danr5gsawpdf8mxvwgfkp/node_modules/@esbuild/linux-s390x
236 silly reify mark deleted [
236 silly reify   '/home/gjugn/.local/share/trueforge/sandboxes/01m11dajmnq9tr5azwgr0za51v/01m11danr5gsawpdf8mxvwgfkp/node_modules/@esbuild/linux-s390x'
236 silly reify ]
237 verbose reify failed optional dependency /home/gjugn/.local/share/trueforge/sandboxes/01m11dajmnq9tr5azwgr0za51v/01m11danr5gsawpdf8mxvwgfkp/node_modules/@esbuild/linux-riscv64
238 silly reify mark deleted [
238 silly reify   '/home/gjugn/.local/share/trueforge/sandboxes/01m11dajmnq9tr5azwgr0za51v/01m11danr5gsawpdf8mxvwgfkp/node_modules/@esbuild/linux-riscv64'
238 silly reify ]
239 verbose reify failed optional dependency /home/gjugn/.local/share/trueforge/sandboxes/01m11dajmnq9tr5azwgr0za51v/01m11danr5gsawpdf8mxvwgfkp/node_modules/@esbuild/linux-ppc64
240 silly reify mark deleted [
240 silly reify   '/home/gjugn/.local/share/trueforge/sandboxes/01m11dajmnq9tr5azwgr0za51v/01m11danr5gsawpdf8mxvwgfkp/node_modules/@esbuild/linux-ppc64'
240 silly reify ]
241 verbose reify failed optional dependency /home/gjugn/.local/share/trueforge/sandboxes/01m11dajmnq9tr5azwgr0za51v/01m11danr5gsawpdf8mxvwgfkp/node_modules/@esbuild/linux-mips64el
242 silly reify mark deleted [
242 silly reify   '/home/gjugn/.local/share/trueforge/sandboxes/01m11dajmnq9tr5azwgr0za51v/01m11danr5gsawpdf8mxvwgfkp/node_modules/@esbuild/linux-mips64el'
242 silly reify ]
243 verbose reify failed optional dependency /home/gjugn/.local/share/trueforge/sandboxes/01m11dajmnq9tr5azwgr0za51v/01m11danr5gsawpdf8mxvwgfkp/node_modules/@esbuild/linux-loong64
244 silly reify mark deleted [
244 silly reify   '/home/gjugn/.local/share/trueforge/sandboxes/01m11dajmnq9tr5azwgr0za51v/01m11danr5gsawpdf8mxvwgfkp/node_modules/@esbuild/linux-loong64'
244 silly reify ]
245 verbose reify failed optional dependency /home/gjugn/.local/share/trueforge/sandboxes/01m11dajmnq9tr5azwgr0za51v/01m11danr5gsawpdf8mxvwgfkp/node_modules/@esbuild/linux-ia32
246 silly reify mark deleted [
246 silly reify   '/home/gjugn/.local/share/trueforge/sandboxes/01m11dajmnq9tr5azwgr0za51v/01m11danr5gsawpdf8mxvwgfkp/node_modules/@esbuild/linux-ia32'
246 silly reify ]
247 verbose reify failed optional dependency /home/gjugn/.local/share/trueforge/sandboxes/01m11dajmnq9tr5azwgr0za51v/01m11danr5gsawpdf8mxvwgfkp/node_modules/@esbuild/linux-arm64
248 silly reify mark deleted [
248 silly reify   '/home/gjugn/.local/share/trueforge/sandboxes/01m11dajmnq9tr5azwgr0za51v/01m11danr5gsawpdf8mxvwgfkp/node_modules/@esbuild/linux-arm64'
248 silly reify ]
249 verbose reify failed optional dependency /home/gjugn/.local/share/trueforge/sandboxes/01m11dajmnq9tr5azwgr0za51v/01m11danr5gsawpdf8mxvwgfkp/node_modules/@esbuild/linux-arm
250 silly reify mark deleted [
250 silly reify   '/home/gjugn/.local/share/trueforge/sandboxes/01m11dajmnq9tr5azwgr0za51v/01m11danr5gsawpdf8mxvwgfkp/node_modules/@esbuild/linux-arm'
250 silly reify ]
251 verbose reify failed optional dependency /home/gjugn/.local/share/trueforge/sandboxes/01m11dajmnq9tr5azwgr0za51v/01m11danr5gsawpdf8mxvwgfkp/node_modules/@esbuild/freebsd-x64
252 silly reify mark deleted [
252 silly reify   '/home/gjugn/.local/share/trueforge/sandboxes/01m11dajmnq9tr5azwgr0za51v/01m11danr5gsawpdf8mxvwgfkp/node_modules/@esbuild/freebsd-x64'
252 silly reify ]
253 verbose reify failed optional dependency /home/gjugn/.local/share/trueforge/sandboxes/01m11dajmnq9tr5azwgr0za51v/01m11danr5gsawpdf8mxvwgfkp/node_modules/@esbuild/freebsd-arm64
254 silly reify mark deleted [
254 silly reify   '/home/gjugn/.local/share/trueforge/sandboxes/01m11dajmnq9tr5azwgr0za51v/01m11danr5gsawpdf8mxvwgfkp/node_modules/@esbuild/freebsd-arm64'
254 silly reify ]
255 verbose reify failed optional dependency /home/gjugn/.local/share/trueforge/sandboxes/01m11dajmnq9tr5azwgr0za51v/01m11danr5gsawpdf8mxvwgfkp/node_modules/@esbuild/darwin-x64
256 silly reify mark deleted [
256 silly reify   '/home/gjugn/.local/share/trueforge/sandboxes/01m11dajmnq9tr5azwgr0za51v/01m11danr5gsawpdf8mxvwgfkp/node_modules/@esbuild/darwin-x64'
256 silly reify ]
257 verbose reify failed optional dependency /home/gjugn/.local/share/trueforge/sandboxes/01m11dajmnq9tr5azwgr0za51v/01m11danr5gsawpdf8mxvwgfkp/node_modules/@esbuild/darwin-arm64
258 silly reify mark deleted [
258 silly reify   '/home/gjugn/.local/share/trueforge/sandboxes/01m11dajmnq9tr5azwgr0za51v/01m11danr5gsawpdf8mxvwgfkp/node_modules/@esbuild/darwin-arm64'
258 silly reify ]
259 verbose reify failed optional dependency /home/gjugn/.local/share/trueforge/sandboxes/01m11dajmnq9tr5azwgr0za51v/01m11danr5gsawpdf8mxvwgfkp/node_modules/@esbuild/android-x64
260 silly reify mark deleted [
260 silly reify   '/home/gjugn/.local/share/trueforge/sandboxes/01m11dajmnq9tr5azwgr0za51v/01m11danr5gsawpdf8mxvwgfkp/node_modules/@esbuild/android-x64'
260 silly reify ]
261 verbose reify failed optional dependency /home/gjugn/.local/share/trueforge/sandboxes/01m11dajmnq9tr5azwgr0za51v/01m11danr5gsawpdf8mxvwgfkp/node_modules/@esbuild/android-arm64
262 silly reify mark deleted [
262 silly reify   '/home/gjugn/.local/share/trueforge/sandboxes/01m11dajmnq9tr5azwgr0za51v/01m11danr5gsawpdf8mxvwgfkp/node_modules/@esbuild/android-arm64'
262 silly reify ]
263 verbose reify failed optional dependency /home/gjugn/.local/share/trueforge/sandboxes/01m11dajmnq9tr5azwgr0za51v/01m11danr5gsawpdf8mxvwgfkp/node_modules/@esbuild/android-arm
264 silly reify mark deleted [
264 silly reify   '/home/gjugn/.local/share/trueforge/sandboxes/01m11dajmnq9tr5azwgr0za51v/01m11danr5gsawpdf8mxvwgfkp/node_modules/@esbuild/android-arm'
264 silly reify ]
265 verbose reify failed optional dependency /home/gjugn/.local/share/trueforge/sandboxes/01m11dajmnq9tr5azwgr0za51v/01m11danr5gsawpdf8mxvwgfkp/node_modules/@esbuild/aix-ppc64
266 silly reify mark deleted [
266 silly reify   '/home/gjugn/.local/share/trueforge/sandboxes/01m11dajmnq9tr5azwgr0za51v/01m11danr5gsawpdf8mxvwgfkp/node_modules/@esbuild/aix-ppc64'
266 silly reify ]
267 http cache zod@https://registry.npmjs.org/zod/-/zod-4.4.3.tgz 1ms (cache hit)
268 http cache yocto-queue@https://registry.npmjs.org/yocto-queue/-/yocto-queue-0.1.0.tgz 0ms (cache hit)
269 http cache yargs@https://registry.npmjs.org/yargs/-/yargs-17.7.3.tgz 0ms (cache hit)
270 http cache zeptomatch@https://registry.npmjs.org/zeptomatch/-/zeptomatch-2.1.0.tgz 0ms (cache hit)
271 http cache yallist@https://registry.npmjs.org/yallist/-/yallist-3.1.1.tgz 0ms (cache hit)
272 http cache xmlchars@https://registry.npmjs.org/xmlchars/-/xmlchars-2.2.0.tgz 0ms (cache hit)
273 http cache yargs-parser@https://registry.npmjs.org/yargs-parser/-/yargs-parser-21.1.1.tgz 0ms (cache hit)
274 http cache xml-name-validator@https://registry.npmjs.org/xml-name-validator/-/xml-name-validator-5.0.0.tgz 0ms (cache hit)
275 http cache xmlbuilder2@https://registry.npmjs.org/xmlbuilder2/-/xmlbuilder2-4.0.3.tgz 0ms (cache hit)
276 http cache xtend@https://registry.npmjs.org/xtend/-/xtend-4.0.2.tgz 0ms (cache hit)
277 http cache ws@https://registry.npmjs.org/ws/-/ws-8.21.3.tgz 0ms (cache hit)
278 http cache wrap-ansi@https://registry.npmjs.org/wrap-ansi/-/wrap-ansi-7.0.0.tgz 0ms (cache hit)
279 http cache word-wrap@https://registry.npmjs.org/word-wrap/-/word-wrap-1.2.5.tgz 0ms (cache hit)
280 http cache why-is-node-running@https://registry.npmjs.org/why-is-node-running/-/why-is-node-running-2.3.0.tgz 0ms (cache hit)
281 http cache wildcard-match@https://registry.npmjs.org/wildcard-match/-/wildcard-match-5.1.4.tgz 0ms (cache hit)
282 http cache y18n@https://registry.npmjs.org/y18n/-/y18n-5.0.8.tgz 0ms (cache hit)
283 http cache which@https://registry.npmjs.org/which/-/which-2.0.2.tgz 0ms (cache hit)
284 http cache webpack-virtual-modules@https://registry.npmjs.org/webpack-virtual-modules/-/webpack-virtual-modules-0.6.2.tgz 0ms (cache hit)
285 http cache whatwg-url@https://registry.npmjs.org/whatwg-url/-/whatwg-url-16.0.1.tgz 0ms (cache hit)
286 http cache whatwg-mimetype@https://registry.npmjs.org/whatwg-mimetype/-/whatwg-mimetype-5.0.0.tgz 0ms (cache hit)
287 http cache vue-eslint-parser@https://registry.npmjs.org/vue-eslint-parser/-/vue-eslint-parser-10.4.1.tgz 0ms (cache hit)
288 http cache vitest@https://registry.npmjs.org/vitest/-/vitest-4.1.11.tgz 0ms (cache hit)
289 http cache w3c-xmlserializer@https://registry.npmjs.org/w3c-xmlserializer/-/w3c-xmlserializer-5.0.0.tgz 0ms (cache hit)
290 http cache vite@https://registry.npmjs.org/vite/-/vite-8.2.2.tgz 0ms (cache hit)
291 http cache webidl-conversions@https://registry.npmjs.org/webidl-conversions/-/webidl-conversions-8.0.1.tgz 0ms (cache hit)
292 http cache vitefu@https://registry.npmjs.org/vitefu/-/vitefu-1.1.3.tgz 0ms (cache hit)
293 http cache valibot@https://registry.npmjs.org/valibot/-/valibot-1.4.2.tgz 0ms (cache hit)
294 http cache use-sync-external-store@https://registry.npmjs.org/use-sync-external-store/-/use-sync-external-store-1.6.0.tgz 0ms (cache hit)
295 http cache update-browserslist-db@https://registry.npmjs.org/update-browserslist-db/-/update-browserslist-db-1.3.1.tgz 0ms (cache hit)
296 http cache unrs-resolver@https://registry.npmjs.org/unrs-resolver/-/unrs-resolver-1.12.2.tgz 0ms (cache hit)
297 http cache unplugin@https://registry.npmjs.org/unplugin/-/unplugin-3.3.0.tgz 0ms (cache hit)
298 http cache undici-types@https://registry.npmjs.org/undici-types/-/undici-types-6.21.0.tgz 0ms (cache hit)
299 http cache uri-js@https://registry.npmjs.org/uri-js/-/uri-js-4.4.1.tgz 0ms (cache hit)
300 http cache ufo@https://registry.npmjs.org/ufo/-/ufo-1.6.4.tgz 0ms (cache hit)
301 http cache typescript@https://registry.npmjs.org/typescript/-/typescript-6.0.3.tgz 1ms (cache hit)
302 http cache util-deprecate@https://registry.npmjs.org/util-deprecate/-/util-deprecate-1.0.2.tgz 0ms (cache hit)
303 http cache undici@https://registry.npmjs.org/undici/-/undici-7.29.0.tgz 0ms (cache hit)
304 http cache type-check@https://registry.npmjs.org/type-check/-/type-check-0.4.0.tgz 0ms (cache hit)
305 http cache type-fest@https://registry.npmjs.org/type-fest/-/type-fest-5.8.0.tgz 0ms (cache hit)
306 http cache tw-animate-css@https://registry.npmjs.org/tw-animate-css/-/tw-animate-css-1.4.0.tgz 0ms (cache hit)
307 http cache tsx@https://registry.npmjs.org/tsx/-/tsx-4.23.12.tgz 0ms (cache hit)
308 http cache tr46@https://registry.npmjs.org/tr46/-/tr46-6.0.0.tgz 0ms (cache hit)
309 http cache typescript-eslint@https://registry.npmjs.org/typescript-eslint/-/typescript-eslint-8.67.0.tgz 0ms (cache hit)
310 http cache ts-declaration-location@https://registry.npmjs.org/ts-declaration-location/-/ts-declaration-location-1.0.7.tgz 0ms (cache hit)
311 http cache tslib@https://registry.npmjs.org/tslib/-/tslib-2.8.1.tgz 0ms (cache hit)
312 http cache ts-api-utils@https://registry.npmjs.org/ts-api-utils/-/ts-api-utils-2.5.0.tgz 0ms (cache hit)
313 http cache tough-cookie@https://registry.npmjs.org/tough-cookie/-/tough-cookie-6.0.2.tgz 0ms (cache hit)
314 http cache tldts-core@https://registry.npmjs.org/tldts-core/-/tldts-core-7.4.10.tgz 0ms (cache hit)
315 http cache tinyrainbow@https://registry.npmjs.org/tinyrainbow/-/tinyrainbow-3.1.1.tgz 0ms (cache hit)
316 http cache tinyglobby@https://registry.npmjs.org/tinyglobby/-/tinyglobby-0.2.17.tgz 0ms (cache hit)
317 http cache tldts@https://registry.npmjs.org/tldts/-/tldts-7.4.10.tgz 0ms (cache hit)
318 http cache tinybench@https://registry.npmjs.org/tinybench/-/tinybench-2.9.0.tgz 0ms (cache hit)
319 http cache tinyexec@https://registry.npmjs.org/tinyexec/-/tinyexec-1.3.0.tgz 0ms (cache hit)
320 http cache tapable@https://registry.npmjs.org/tapable/-/tapable-2.3.3.tgz 0ms (cache hit)
321 http cache tailwind-merge@https://registry.npmjs.org/tailwind-merge/-/tailwind-merge-3.4.0.tgz 0ms (cache hit)
322 http cache tailwindcss@https://registry.npmjs.org/tailwindcss/-/tailwindcss-4.3.3.tgz 0ms (cache hit)
323 http cache tailwind-variants@https://registry.npmjs.org/tailwind-variants/-/tailwind-variants-3.3.1.tgz 0ms (cache hit)
324 http cache symbol-tree@https://registry.npmjs.org/symbol-tree/-/symbol-tree-3.2.4.tgz 0ms (cache hit)
325 http cache supports-color@https://registry.npmjs.org/supports-color/-/supports-color-7.2.0.tgz 0ms (cache hit)
326 http cache tagged-tag@https://registry.npmjs.org/tagged-tag/-/tagged-tag-1.0.0.tgz 0ms (cache hit)
327 http cache strip-json-comments@https://registry.npmjs.org/strip-json-comments/-/strip-json-comments-3.1.1.tgz 0ms (cache hit)
328 http cache strip-ansi@https://registry.npmjs.org/strip-ansi/-/strip-ansi-6.0.1.tgz 0ms (cache hit)
329 http cache std-env@https://registry.npmjs.org/std-env/-/std-env-3.10.0.tgz 0ms (cache hit)
330 http cache standardwebhooks@https://registry.npmjs.org/standardwebhooks/-/standardwebhooks-1.0.0.tgz 0ms (cache hit)
331 http cache string-width@https://registry.npmjs.org/string-width/-/string-width-4.2.3.tgz 0ms (cache hit)
332 http cache stackback@https://registry.npmjs.org/stackback/-/stackback-0.0.2.tgz 0ms (cache hit)
333 http cache stable-hash-x@https://registry.npmjs.org/stable-hash-x/-/stable-hash-x-0.2.0.tgz 0ms (cache hit)
334 http cache srvx@https://registry.npmjs.org/srvx/-/srvx-0.11.22.tgz 0ms (cache hit)
335 http cache sqlstring@https://registry.npmjs.org/sqlstring/-/sqlstring-2.3.3.tgz 0ms (cache hit)
336 http cache split2@https://registry.npmjs.org/split2/-/split2-4.2.0.tgz 0ms (cache hit)
337 http cache source-map@https://registry.npmjs.org/source-map/-/source-map-0.6.1.tgz 0ms (cache hit)
338 http cache solid-js@https://registry.npmjs.org/solid-js/-/solid-js-1.9.15.tgz 0ms (cache hit)
339 http cache signal-exit@https://registry.npmjs.org/signal-exit/-/signal-exit-4.1.0.tgz 0ms (cache hit)
340 http cache shebang-command@https://registry.npmjs.org/shebang-command/-/shebang-command-2.0.0.tgz 0ms (cache hit)
341 http cache set-cookie-parser@https://registry.npmjs.org/set-cookie-parser/-/set-cookie-parser-3.1.2.tgz 0ms (cache hit)
342 http cache shebang-regex@https://registry.npmjs.org/shebang-regex/-/shebang-regex-3.0.0.tgz 0ms (cache hit)
343 http cache shell-quote@https://registry.npmjs.org/shell-quote/-/shell-quote-1.10.0.tgz 0ms (cache hit)
344 http cache source-map-js@https://registry.npmjs.org/source-map-js/-/source-map-js-1.2.1.tgz 0ms (cache hit)
345 http cache siginfo@https://registry.npmjs.org/siginfo/-/siginfo-2.0.0.tgz 0ms (cache hit)
346 http cache seroval-plugins@https://registry.npmjs.org/seroval-plugins/-/seroval-plugins-1.6.3.tgz 0ms (cache hit)
347 http cache seroval@https://registry.npmjs.org/seroval/-/seroval-1.6.3.tgz 0ms (cache hit)
348 http cache seq-queue@https://registry.npmjs.org/seq-queue/-/seq-queue-0.0.5.tgz 0ms (cache hit)
349 http cache semver@https://registry.npmjs.org/semver/-/semver-6.3.1.tgz 0ms (cache hit)
350 http cache semifies@https://registry.npmjs.org/semifies/-/semifies-1.0.0.tgz 0ms (cache hit)
351 http cache scheduler@https://registry.npmjs.org/scheduler/-/scheduler-0.27.0.tgz 0ms (cache hit)
352 http cache safe-regex2@https://registry.npmjs.org/safe-regex2/-/safe-regex2-5.1.1.tgz 0ms (cache hit)
353 http cache saxes@https://registry.npmjs.org/saxes/-/saxes-6.0.0.tgz 0ms (cache hit)
354 http cache rou3@https://registry.npmjs.org/rou3/-/rou3-0.7.12.tgz 0ms (cache hit)
355 http cache rolldown@https://registry.npmjs.org/rolldown/-/rolldown-1.2.5.tgz 0ms (cache hit)
356 http cache safer-buffer@https://registry.npmjs.org/safer-buffer/-/safer-buffer-2.1.2.tgz 0ms (cache hit)
357 http cache retry@https://registry.npmjs.org/retry/-/retry-0.12.0.tgz 0ms (cache hit)
358 http cache ret@https://registry.npmjs.org/ret/-/ret-0.5.0.tgz 0ms (cache hit)
359 http cache resend@https://registry.npmjs.org/resend/-/resend-6.13.0.tgz 1ms (cache hit)
360 http cache require-in-the-middle@https://registry.npmjs.org/require-in-the-middle/-/require-in-the-middle-8.0.1.tgz 0ms (cache hit)
361 http cache resolve-pkg-maps@https://registry.npmjs.org/resolve-pkg-maps/-/resolve-pkg-maps-1.0.0.tgz 0ms (cache hit)
362 http cache require-from-string@https://registry.npmjs.org/require-from-string/-/require-from-string-2.0.2.tgz 0ms (cache hit)
363 http cache resolve-from@https://registry.npmjs.org/resolve-from/-/resolve-from-4.0.0.tgz 0ms (cache hit)
364 http cache require-directory@https://registry.npmjs.org/require-directory/-/require-directory-2.1.1.tgz 0ms (cache hit)
365 http cache remeda@https://registry.npmjs.org/remeda/-/remeda-2.33.4.tgz 0ms (cache hit)
366 http cache robust-predicates@https://registry.npmjs.org/robust-predicates/-/robust-predicates-3.0.3.tgz 1ms (cache hit)
367 http cache readdirp@https://registry.npmjs.org/readdirp/-/readdirp-5.1.1.tgz 0ms (cache hit)
368 http cache react-stately@https://registry.npmjs.org/react-stately/-/react-stately-3.49.0.tgz 0ms (cache hit)
369 http cache react-is@https://registry.npmjs.org/react-is/-/react-is-17.0.2.tgz 0ms (cache hit)
370 http cache react-icons@https://registry.npmjs.org/react-icons/-/react-icons-5.6.0.tgz 0ms (cache hit)
371 http cache react-transition-group@https://registry.npmjs.org/react-transition-group/-/react-transition-group-4.4.5.tgz 0ms (cache hit)
372 http cache react-hook-form@https://registry.npmjs.org/react-hook-form/-/react-hook-form-7.79.0.tgz 0ms (cache hit)
373 http cache react-dom@https://registry.npmjs.org/react-dom/-/react-dom-19.2.8.tgz 0ms (cache hit)
374 http cache react-aria-components@https://registry.npmjs.org/react-aria-components/-/react-aria-components-1.20.0.tgz 0ms (cache hit)
375 http cache react-aria@https://registry.npmjs.org/react-aria/-/react-aria-3.51.0.tgz 0ms (cache hit)
376 http cache rc9@https://registry.npmjs.org/rc9/-/rc9-3.0.1.tgz 0ms (cache hit)
377 http cache react@https://registry.npmjs.org/react/-/react-19.2.8.tgz 0ms (cache hit)
378 http cache radash@https://registry.npmjs.org/radash/-/radash-12.1.1.tgz 0ms (cache hit)
379 http cache punycode@https://registry.npmjs.org/punycode/-/punycode-2.3.1.tgz 0ms (cache hit)
380 http cache proxy-from-env@https://registry.npmjs.org/proxy-from-env/-/proxy-from-env-1.1.0.tgz 0ms (cache hit)
381 http cache progress@https://registry.npmjs.org/progress/-/progress-2.0.3.tgz 0ms (cache hit)
382 http cache proper-lockfile@https://registry.npmjs.org/proper-lockfile/-/proper-lockfile-4.1.2.tgz 1ms (cache hit)
383 http cache prisma@https://registry.npmjs.org/prisma/-/prisma-7.9.1.tgz 0ms (cache hit)
384 http cache pretty-format@https://registry.npmjs.org/pretty-format/-/pretty-format-27.5.1.tgz 0ms (cache hit)
385 http cache prop-types@https://registry.npmjs.org/prop-types/-/prop-types-15.8.1.tgz 0ms (cache hit)
386 http cache prelude-ls@https://registry.npmjs.org/prelude-ls/-/prelude-ls-1.2.1.tgz 0ms (cache hit)
387 http cache postgres-interval@https://registry.npmjs.org/postgres-interval/-/postgres-interval-1.2.0.tgz 0ms (cache hit)
388 http cache prettier@https://registry.npmjs.org/prettier/-/prettier-3.9.6.tgz 0ms (cache hit)
389 http cache postgres-date@https://registry.npmjs.org/postgres-date/-/postgres-date-1.0.7.tgz 0ms (cache hit)
390 http cache postgres-array@https://registry.npmjs.org/postgres-array/-/postgres-array-3.0.4.tgz 0ms (cache hit)
391 http cache postgres-bytea@https://registry.npmjs.org/postgres-bytea/-/postgres-bytea-1.0.1.tgz 0ms (cache hit)
392 http cache postcss-selector-parser@https://registry.npmjs.org/postcss-selector-parser/-/postcss-selector-parser-6.0.10.tgz 0ms (cache hit)
393 http cache pure-rand@https://registry.npmjs.org/pure-rand/-/pure-rand-6.1.0.tgz 0ms (cache hit)
394 http cache postal-mime@https://registry.npmjs.org/postal-mime/-/postal-mime-2.7.4.tgz 0ms (cache hit)
395 http cache postgres@https://registry.npmjs.org/postgres/-/postgres-3.4.7.tgz 0ms (cache hit)
396 http cache postcss@https://registry.npmjs.org/postcss/-/postcss-8.5.26.tgz 0ms (cache hit)
397 http cache pgpass@https://registry.npmjs.org/pgpass/-/pgpass-1.0.5.tgz 0ms (cache hit)
398 http cache picocolors@https://registry.npmjs.org/picocolors/-/picocolors-1.1.1.tgz 0ms (cache hit)
399 http cache pg-types@https://registry.npmjs.org/pg-types/-/pg-types-2.2.0.tgz 1ms (cache hit)
400 http cache pg-protocol@https://registry.npmjs.org/pg-protocol/-/pg-protocol-1.16.0.tgz 0ms (cache hit)
401 http cache pkg-types@https://registry.npmjs.org/pkg-types/-/pkg-types-2.3.1.tgz 0ms (cache hit)
402 http cache picomatch@https://registry.npmjs.org/picomatch/-/picomatch-4.0.5.tgz 0ms (cache hit)
403 http cache pg-connection-string@https://registry.npmjs.org/pg-connection-string/-/pg-connection-string-2.14.0.tgz 0ms (cache hit)
404 http cache pg-cloudflare@https://registry.npmjs.org/pg-cloudflare/-/pg-cloudflare-1.4.0.tgz 0ms (cache hit)
405 http cache pg@https://registry.npmjs.org/pg/-/pg-8.23.0.tgz 0ms (cache hit)
406 http cache pg-int8@https://registry.npmjs.org/pg-int8/-/pg-int8-1.0.1.tgz 0ms (cache hit)
407 http cache pathe@https://registry.npmjs.org/pathe/-/pathe-2.0.3.tgz 0ms (cache hit)
408 http cache parse5@https://registry.npmjs.org/parse5/-/parse5-8.0.1.tgz 0ms (cache hit)
409 http cache perfect-debounce@https://registry.npmjs.org/perfect-debounce/-/perfect-debounce-2.1.0.tgz 0ms (cache hit)
410 http cache path-exists@https://registry.npmjs.org/path-exists/-/path-exists-4.0.0.tgz 0ms (cache hit)
411 http cache parent-module@https://registry.npmjs.org/parent-module/-/parent-module-1.0.1.tgz 0ms (cache hit)
412 http cache path-scurry@https://registry.npmjs.org/path-scurry/-/path-scurry-2.0.2.tgz 0ms (cache hit)
413 http cache p-limit@https://registry.npmjs.org/p-limit/-/p-limit-3.1.0.tgz 0ms (cache hit)
414 http cache oxc-parser@https://registry.npmjs.org/oxc-parser/-/oxc-parser-0.120.0.tgz 0ms (cache hit)
415 http cache path-key@https://registry.npmjs.org/path-key/-/path-key-3.1.1.tgz 0ms (cache hit)
416 http cache optionator@https://registry.npmjs.org/optionator/-/optionator-0.9.4.tgz 0ms (cache hit)
417 http cache openapi-types@https://registry.npmjs.org/openapi-types/-/openapi-types-12.1.3.tgz 0ms (cache hit)
418 http cache ohash@https://registry.npmjs.org/ohash/-/ohash-2.0.12.tgz 0ms (cache hit)
419 http cache obug@https://registry.npmjs.org/obug/-/obug-2.1.4.tgz 0ms (cache hit)
420 http cache node-releases@https://registry.npmjs.org/node-releases/-/node-releases-2.0.53.tgz 0ms (cache hit)
421 http cache p-locate@https://registry.npmjs.org/p-locate/-/p-locate-5.0.0.tgz 0ms (cache hit)
422 http cache object-assign@https://registry.npmjs.org/object-assign/-/object-assign-4.1.1.tgz 0ms (cache hit)
423 http cache node-fetch@https://registry.npmjs.org/node-fetch/-/node-fetch-2.7.0.tgz 0ms (cache hit)
424 http cache napi-postinstall@https://registry.npmjs.org/napi-postinstall/-/napi-postinstall-0.3.4.tgz 0ms (cache hit)
425 http cache nanostores@https://registry.npmjs.org/nanostores/-/nanostores-1.5.2.tgz 0ms (cache hit)
426 http cache named-placeholders@https://registry.npmjs.org/named-placeholders/-/named-placeholders-1.1.6.tgz 0ms (cache hit)
427 http cache natural-compare@https://registry.npmjs.org/natural-compare/-/natural-compare-1.4.0.tgz 0ms (cache hit)
428 http cache ms@https://registry.npmjs.org/ms/-/ms-2.1.3.tgz 0ms (cache hit)
429 http cache module-details-from-path@https://registry.npmjs.org/module-details-from-path/-/module-details-from-path-1.0.4.tgz 0ms (cache hit)
430 http cache minipass@https://registry.npmjs.org/minipass/-/minipass-7.1.3.tgz 0ms (cache hit)
431 http cache minimist@https://registry.npmjs.org/minimist/-/minimist-1.2.8.tgz 0ms (cache hit)
432 http cache minimatch@https://registry.npmjs.org/minimatch/-/minimatch-3.1.5.tgz 0ms (cache hit)
433 http cache mysql2@https://registry.npmjs.org/mysql2/-/mysql2-3.15.3.tgz 0ms (cache hit)
434 http cache mdn-data@https://registry.npmjs.org/mdn-data/-/mdn-data-2.27.1.tgz 0ms (cache hit)
435 http cache magic-string@https://registry.npmjs.org/magic-string/-/magic-string-0.30.21.tgz 0ms (cache hit)
436 http cache meriyah@https://registry.npmjs.org/meriyah/-/meriyah-6.1.4.tgz 0ms (cache hit)
437 http cache lz-string@https://registry.npmjs.org/lz-string/-/lz-string-1.5.0.tgz 0ms (cache hit)
438 http cache lru-cache@https://registry.npmjs.org/lru-cache/-/lru-cache-5.1.1.tgz 0ms (cache hit)
439 http cache lucide-react@https://registry.npmjs.org/lucide-react/-/lucide-react-0.545.0.tgz 0ms (cache hit)
440 http cache lru.min@https://registry.npmjs.org/lru.min/-/lru.min-1.1.4.tgz 0ms (cache hit)
441 http cache pg-pool@https://registry.npmjs.org/pg-pool/-/pg-pool-3.14.0.tgz 0ms (cache hit)
442 http cache nanoid@https://registry.npmjs.org/nanoid/-/nanoid-3.3.18.tgz 0ms (cache hit)
443 http cache lodash.merge@https://registry.npmjs.org/lodash.merge/-/lodash.merge-4.6.2.tgz 0ms (cache hit)
444 http cache loose-envify@https://registry.npmjs.org/loose-envify/-/loose-envify-1.4.0.tgz 0ms (cache hit)
445 http cache long@https://registry.npmjs.org/long/-/long-5.3.2.tgz 0ms (cache hit)
446 http cache locate-path@https://registry.npmjs.org/locate-path/-/locate-path-6.0.0.tgz 0ms (cache hit)
447 http cache lodash@https://registry.npmjs.org/lodash/-/lodash-4.18.1.tgz 0ms (cache hit)
448 http cache levn@https://registry.npmjs.org/levn/-/levn-0.4.1.tgz 0ms (cache hit)
449 http cache lightningcss-linux-x64-gnu@https://registry.npmjs.org/lightningcss-linux-x64-gnu/-/lightningcss-linux-x64-gnu-1.32.0.tgz 0ms (cache hit)
450 http cache keyv@https://registry.npmjs.org/keyv/-/keyv-4.5.4.tgz 0ms (cache hit)
451 http cache launch-editor@https://registry.npmjs.org/launch-editor/-/launch-editor-2.14.1.tgz 0ms (cache hit)
452 http cache json5@https://registry.npmjs.org/json5/-/json5-2.2.3.tgz 0ms (cache hit)
453 http cache kysely@https://registry.npmjs.org/kysely/-/kysely-0.29.5.tgz 0ms (cache hit)
454 http cache json-stable-stringify-without-jsonify@https://registry.npmjs.org/json-stable-stringify-without-jsonify/-/json-stable-stringify-without-jsonify-1.0.1.tgz 0ms (cache hit)
455 http cache json-buffer@https://registry.npmjs.org/json-buffer/-/json-buffer-3.0.1.tgz 0ms (cache hit)
456 http cache json-schema-typed@https://registry.npmjs.org/json-schema-typed/-/json-schema-typed-8.0.2.tgz 0ms (cache hit)
457 http cache jsesc@https://registry.npmjs.org/jsesc/-/jsesc-3.1.0.tgz 0ms (cache hit)
458 http cache js-yaml@https://registry.npmjs.org/js-yaml/-/js-yaml-4.3.1.tgz 0ms (cache hit)
459 http cache json-schema-traverse@https://registry.npmjs.org/json-schema-traverse/-/json-schema-traverse-0.4.1.tgz 0ms (cache hit)
460 http cache js-tokens@https://registry.npmjs.org/js-tokens/-/js-tokens-4.0.0.tgz 0ms (cache hit)
461 http cache jose@https://registry.npmjs.org/jose/-/jose-6.2.10.tgz 0ms (cache hit)
462 http cache jiti@https://registry.npmjs.org/jiti/-/jiti-2.7.0.tgz 0ms (cache hit)
463 http cache isexe@https://registry.npmjs.org/isexe/-/isexe-2.0.0.tgz 0ms (cache hit)
464 http cache jsdom@https://registry.npmjs.org/jsdom/-/jsdom-28.1.0.tgz 0ms (cache hit)
465 http cache isbot@https://registry.npmjs.org/isbot/-/isbot-5.2.1.tgz 0ms (cache hit)
466 http cache lightningcss@https://registry.npmjs.org/lightningcss/-/lightningcss-1.32.0.tgz 0ms (cache hit)
467 http cache is-potential-custom-element-name@https://registry.npmjs.org/is-potential-custom-element-name/-/is-potential-custom-element-name-1.0.1.tgz 0ms (cache hit)
468 http cache is-extglob@https://registry.npmjs.org/is-extglob/-/is-extglob-2.1.1.tgz 0ms (cache hit)
469 http cache is-property@https://registry.npmjs.org/is-property/-/is-property-1.0.2.tgz 0ms (cache hit)
470 http cache is-fullwidth-code-point@https://registry.npmjs.org/is-fullwidth-code-point/-/is-fullwidth-code-point-3.0.0.tgz 0ms (cache hit)
471 http cache intl-messageformat@https://registry.npmjs.org/intl-messageformat/-/intl-messageformat-10.7.18.tgz 0ms (cache hit)
472 http cache internmap@https://registry.npmjs.org/internmap/-/internmap-2.0.3.tgz 0ms (cache hit)
473 http cache input-otp@https://registry.npmjs.org/input-otp/-/input-otp-1.4.2.tgz 0ms (cache hit)
474 http cache is-glob@https://registry.npmjs.org/is-glob/-/is-glob-4.0.3.tgz 0ms (cache hit)
475 http cache import-in-the-middle@https://registry.npmjs.org/import-in-the-middle/-/import-in-the-middle-3.3.3.tgz 0ms (cache hit)
476 http cache import-fresh@https://registry.npmjs.org/import-fresh/-/import-fresh-3.3.1.tgz 0ms (cache hit)
477 http cache ignore@https://registry.npmjs.org/ignore/-/ignore-5.3.2.tgz 0ms (cache hit)
478 http cache iconv-lite@https://registry.npmjs.org/iconv-lite/-/iconv-lite-0.7.3.tgz 0ms (cache hit)
479 http cache https-proxy-agent@https://registry.npmjs.org/https-proxy-agent/-/https-proxy-agent-5.0.1.tgz 0ms (cache hit)
480 http cache imurmurhash@https://registry.npmjs.org/imurmurhash/-/imurmurhash-0.1.4.tgz 0ms (cache hit)
481 http cache http-proxy-agent@https://registry.npmjs.org/http-proxy-agent/-/http-proxy-agent-7.0.2.tgz 0ms (cache hit)
482 http cache html-encoding-sniffer@https://registry.npmjs.org/html-encoding-sniffer/-/html-encoding-sniffer-6.0.0.tgz 1ms (cache hit)
483 http cache has-flag@https://registry.npmjs.org/has-flag/-/has-flag-4.0.0.tgz 0ms (cache hit)
484 http cache graphmatch@https://registry.npmjs.org/graphmatch/-/graphmatch-1.1.1.tgz 0ms (cache hit)
485 http cache h3-v2@https://registry.npmjs.org/h3/-/h3-2.0.1-rc.20.tgz 0ms (cache hit)
486 http cache grammex@https://registry.npmjs.org/grammex/-/grammex-3.1.13.tgz 0ms (cache hit)
487 http cache graceful-fs@https://registry.npmjs.org/graceful-fs/-/graceful-fs-4.2.11.tgz 0ms (cache hit)
488 http cache goober@https://registry.npmjs.org/goober/-/goober-2.1.19.tgz 0ms (cache hit)
489 http cache glob-parent@https://registry.npmjs.org/glob-parent/-/glob-parent-6.0.2.tgz 0ms (cache hit)
490 http cache globals@https://registry.npmjs.org/globals/-/globals-17.11.0.tgz 0ms (cache hit)
491 http cache globrex@https://registry.npmjs.org/globrex/-/globrex-0.1.2.tgz 0ms (cache hit)
492 http cache get-port-please@https://registry.npmjs.org/get-port-please/-/get-port-please-3.2.0.tgz 0ms (cache hit)
493 http cache get-caller-file@https://registry.npmjs.org/get-caller-file/-/get-caller-file-2.0.5.tgz 0ms (cache hit)
494 http cache generate-function@https://registry.npmjs.org/generate-function/-/generate-function-2.3.1.tgz 0ms (cache hit)
495 http cache foreground-child@https://registry.npmjs.org/foreground-child/-/foreground-child-3.3.1.tgz 0ms (cache hit)
496 http cache glob@https://registry.npmjs.org/glob/-/glob-13.0.6.tgz 0ms (cache hit)
497 http cache gensync@https://registry.npmjs.org/gensync/-/gensync-1.0.0-beta.2.tgz 0ms (cache hit)
498 http cache flat-cache@https://registry.npmjs.org/flat-cache/-/flat-cache-4.0.1.tgz 0ms (cache hit)
499 http cache flatted@https://registry.npmjs.org/flatted/-/flatted-3.4.4.tgz 0ms (cache hit)
500 http cache file-entry-cache@https://registry.npmjs.org/file-entry-cache/-/file-entry-cache-8.0.0.tgz 0ms (cache hit)
501 http cache giget@https://registry.npmjs.org/giget/-/giget-3.3.1.tgz 0ms (cache hit)
502 http cache fdir@https://registry.npmjs.org/fdir/-/fdir-6.5.0.tgz 0ms (cache hit)
503 http cache fast-uri@https://registry.npmjs.org/fast-uri/-/fast-uri-3.1.5.tgz 0ms (cache hit)
504 http cache get-tsconfig@https://registry.npmjs.org/get-tsconfig/-/get-tsconfig-4.14.3.tgz 0ms (cache hit)
505 http cache find-my-way@https://registry.npmjs.org/find-my-way/-/find-my-way-9.7.0.tgz 0ms (cache hit)
506 http cache fast-querystring@https://registry.npmjs.org/fast-querystring/-/fast-querystring-1.1.2.tgz 0ms (cache hit)
507 http cache find-up@https://registry.npmjs.org/find-up/-/find-up-5.0.0.tgz 0ms (cache hit)
508 http cache fast-levenshtein@https://registry.npmjs.org/fast-levenshtein/-/fast-levenshtein-2.0.6.tgz 0ms (cache hit)
509 http cache fast-deep-equal@https://registry.npmjs.org/fast-deep-equal/-/fast-deep-equal-3.1.3.tgz 0ms (cache hit)
510 http cache fast-check@https://registry.npmjs.org/fast-check/-/fast-check-3.23.2.tgz 0ms (cache hit)
511 http cache fetchdts@https://registry.npmjs.org/fetchdts/-/fetchdts-0.1.7.tgz 0ms (cache hit)
512 http cache fast-decode-uri-component@https://registry.npmjs.org/fast-decode-uri-component/-/fast-decode-uri-component-1.0.1.tgz 0ms (cache hit)
513 http cache fast-sha256@https://registry.npmjs.org/fast-sha256/-/fast-sha256-1.3.0.tgz 0ms (cache hit)
514 http cache exsolve@https://registry.npmjs.org/exsolve/-/exsolve-1.1.1.tgz 0ms (cache hit)
515 http cache esutils@https://registry.npmjs.org/esutils/-/esutils-2.0.3.tgz 0ms (cache hit)
516 http cache fast-json-stable-stringify@https://registry.npmjs.org/fast-json-stable-stringify/-/fast-json-stable-stringify-2.1.0.tgz 0ms (cache hit)
517 http cache estraverse@https://registry.npmjs.org/estraverse/-/estraverse-5.3.0.tgz 0ms (cache hit)
518 http cache estree-walker@https://registry.npmjs.org/estree-walker/-/estree-walker-3.0.3.tgz 0ms (cache hit)
519 http cache esrecurse@https://registry.npmjs.org/esrecurse/-/esrecurse-4.3.0.tgz 0ms (cache hit)
520 http cache expect-type@https://registry.npmjs.org/expect-type/-/expect-type-1.4.0.tgz 0ms (cache hit)
521 http cache esquery@https://registry.npmjs.org/esquery/-/esquery-1.7.0.tgz 0ms (cache hit)
522 http cache espree@https://registry.npmjs.org/espree/-/espree-10.4.0.tgz 0ms (cache hit)
523 http cache eslint-visitor-keys@https://registry.npmjs.org/eslint-visitor-keys/-/eslint-visitor-keys-4.2.1.tgz 0ms (cache hit)
524 http cache eslint-scope@https://registry.npmjs.org/eslint-scope/-/eslint-scope-8.4.0.tgz 0ms (cache hit)
525 http cache eslint-plugin-es-x@https://registry.npmjs.org/eslint-plugin-es-x/-/eslint-plugin-es-x-7.8.0.tgz 0ms (cache hit)
526 http cache eslint-plugin-n@https://registry.npmjs.org/eslint-plugin-n/-/eslint-plugin-n-17.24.0.tgz 0ms (cache hit)
527 http cache eslint-import-context@https://registry.npmjs.org/eslint-import-context/-/eslint-import-context-0.1.9.tgz 0ms (cache hit)
528 http cache eslint-plugin-import-x@https://registry.npmjs.org/eslint-plugin-import-x/-/eslint-plugin-import-x-4.17.1.tgz 0ms (cache hit)
529 http cache escape-string-regexp@https://registry.npmjs.org/escape-string-regexp/-/escape-string-regexp-5.0.0.tgz 0ms (cache hit)
530 http cache escalade@https://registry.npmjs.org/escalade/-/escalade-3.2.0.tgz 0ms (cache hit)
531 http cache es-module-lexer@https://registry.npmjs.org/es-module-lexer/-/es-module-lexer-2.3.2.tgz 0ms (cache hit)
532 http cache esbuild@https://registry.npmjs.org/esbuild/-/esbuild-0.28.2.tgz 0ms (cache hit)
533 http cache eslint-compat-utils@https://registry.npmjs.org/eslint-compat-utils/-/eslint-compat-utils-0.5.1.tgz 0ms (cache hit)
534 http cache entities@https://registry.npmjs.org/entities/-/entities-8.0.0.tgz 0ms (cache hit)
535 http cache enhanced-resolve@https://registry.npmjs.org/enhanced-resolve/-/enhanced-resolve-5.24.5.tgz 0ms (cache hit)
536 http cache eslint@https://registry.npmjs.org/eslint/-/eslint-9.39.5.tgz 0ms (cache hit)
537 http cache env-paths@https://registry.npmjs.org/env-paths/-/env-paths-3.0.0.tgz 0ms (cache hit)
538 http cache elkjs@https://registry.npmjs.org/elkjs/-/elkjs-0.11.1.tgz 0ms (cache hit)
539 http cache electron-to-chromium@https://registry.npmjs.org/electron-to-chromium/-/electron-to-chromium-1.5.412.tgz 0ms (cache hit)
540 http cache empathic@https://registry.npmjs.org/empathic/-/empathic-2.0.0.tgz 0ms (cache hit)
541 http cache effect@https://registry.npmjs.org/effect/-/effect-3.20.0.tgz 0ms (cache hit)
542 http cache dotenv-cli@https://registry.npmjs.org/dotenv-cli/-/dotenv-cli-11.0.0.tgz 1ms (cache hit)
543 http cache dotenv@https://registry.npmjs.org/dotenv/-/dotenv-17.4.2.tgz 0ms (cache hit)
544 http cache dom-accessibility-api@https://registry.npmjs.org/dom-accessibility-api/-/dom-accessibility-api-0.5.16.tgz 0ms (cache hit)
545 http cache dom-helpers@https://registry.npmjs.org/dom-helpers/-/dom-helpers-5.2.1.tgz 0ms (cache hit)
546 http cache dodopayments@https://registry.npmjs.org/dodopayments/-/dodopayments-2.44.0.tgz 0ms (cache hit)
547 http cache diff@https://registry.npmjs.org/diff/-/diff-8.0.4.tgz 0ms (cache hit)
548 http cache detect-libc@https://registry.npmjs.org/detect-libc/-/detect-libc-2.1.2.tgz 0ms (cache hit)
549 http cache dequal@https://registry.npmjs.org/dequal/-/dequal-2.0.3.tgz 0ms (cache hit)
550 http cache dotenv-expand@https://registry.npmjs.org/dotenv-expand/-/dotenv-expand-12.0.3.tgz 0ms (cache hit)
551 http cache denque@https://registry.npmjs.org/denque/-/denque-2.1.0.tgz 0ms (cache hit)
552 http cache emoji-regex@https://registry.npmjs.org/emoji-regex/-/emoji-regex-8.0.0.tgz 0ms (cache hit)
553 http cache destr@https://registry.npmjs.org/destr/-/destr-2.0.5.tgz 1ms (cache hit)
554 http cache deep-is@https://registry.npmjs.org/deep-is/-/deep-is-0.1.4.tgz 0ms (cache hit)
555 http cache delaunator@https://registry.npmjs.org/delaunator/-/delaunator-5.1.0.tgz 0ms (cache hit)
556 http cache defu@https://registry.npmjs.org/defu/-/defu-6.1.7.tgz 0ms (cache hit)
557 http cache decimal.js@https://registry.npmjs.org/decimal.js/-/decimal.js-10.6.0.tgz 0ms (cache hit)
558 http cache debug@https://registry.npmjs.org/debug/-/debug-4.4.3.tgz 0ms (cache hit)
559 http cache d3-time-format@https://registry.npmjs.org/d3-time-format/-/d3-time-format-4.1.0.tgz 0ms (cache hit)
560 http cache deepmerge-ts@https://registry.npmjs.org/deepmerge-ts/-/deepmerge-ts-7.1.5.tgz 0ms (cache hit)
561 http cache dayjs@https://registry.npmjs.org/dayjs/-/dayjs-1.11.23.tgz 0ms (cache hit)
562 http cache d3-time@https://registry.npmjs.org/d3-time/-/d3-time-3.1.0.tgz 0ms (cache hit)
563 http cache data-urls@https://registry.npmjs.org/data-urls/-/data-urls-7.0.0.tgz 0ms (cache hit)
564 http cache d3-scale@https://registry.npmjs.org/d3-scale/-/d3-scale-4.0.2.tgz 0ms (cache hit)
565 http cache d3-shape@https://registry.npmjs.org/d3-shape/-/d3-shape-3.2.0.tgz 0ms (cache hit)
566 http cache d3-path@https://registry.npmjs.org/d3-path/-/d3-path-3.1.0.tgz 0ms (cache hit)
567 http cache d3-format@https://registry.npmjs.org/d3-format/-/d3-format-3.1.0.tgz 0ms (cache hit)
568 http cache d3-geo@https://registry.npmjs.org/d3-geo/-/d3-geo-3.1.0.tgz 0ms (cache hit)
569 http cache d3-delaunay@https://registry.npmjs.org/d3-delaunay/-/d3-delaunay-6.0.2.tgz 0ms (cache hit)
570 http cache d3-color@https://registry.npmjs.org/d3-color/-/d3-color-3.1.0.tgz 0ms (cache hit)
571 http cache d3-interpolate@https://registry.npmjs.org/d3-interpolate/-/d3-interpolate-3.0.1.tgz 0ms (cache hit)
572 http cache csstype@https://registry.npmjs.org/csstype/-/csstype-3.2.3.tgz 0ms (cache hit)
573 http cache cssstyle@https://registry.npmjs.org/cssstyle/-/cssstyle-6.2.0.tgz 0ms (cache hit)
574 http cache cssesc@https://registry.npmjs.org/cssesc/-/cssesc-3.0.0.tgz 0ms (cache hit)
575 http cache cross-spawn@https://registry.npmjs.org/cross-spawn/-/cross-spawn-7.0.6.tgz 0ms (cache hit)
576 http cache d3-array@https://registry.npmjs.org/d3-array/-/d3-array-3.2.4.tgz 0ms (cache hit)
577 http cache cookie-es@https://registry.npmjs.org/cookie-es/-/cookie-es-3.1.1.tgz 0ms (cache hit)
578 http cache cookie@https://registry.npmjs.org/cookie/-/cookie-1.1.1.tgz 0ms (cache hit)
579 http cache confbox@https://registry.npmjs.org/confbox/-/confbox-0.2.4.tgz 0ms (cache hit)
580 http cache concat-map@https://registry.npmjs.org/concat-map/-/concat-map-0.0.1.tgz 0ms (cache hit)
581 http cache css-tree@https://registry.npmjs.org/css-tree/-/css-tree-3.2.1.tgz 0ms (cache hit)
582 http cache comment-parser@https://registry.npmjs.org/comment-parser/-/comment-parser-1.4.8.tgz 0ms (cache hit)
583 http cache color-name@https://registry.npmjs.org/color-name/-/color-name-1.1.4.tgz 0ms (cache hit)
584 http cache convert-source-map@https://registry.npmjs.org/convert-source-map/-/convert-source-map-2.0.0.tgz 0ms (cache hit)
585 http cache color-convert@https://registry.npmjs.org/color-convert/-/color-convert-2.0.1.tgz 0ms (cache hit)
586 http cache cliui@https://registry.npmjs.org/cliui/-/cliui-8.0.1.tgz 0ms (cache hit)
587 http cache client-only@https://registry.npmjs.org/client-only/-/client-only-0.0.1.tgz 0ms (cache hit)
588 http cache clsx@https://registry.npmjs.org/clsx/-/clsx-2.1.1.tgz 0ms (cache hit)
589 http cache chokidar@https://registry.npmjs.org/chokidar/-/chokidar-5.0.0.tgz 0ms (cache hit)
590 http cache classnames@https://registry.npmjs.org/classnames/-/classnames-2.5.1.tgz 0ms (cache hit)
591 http cache caniuse-lite@https://registry.npmjs.org/caniuse-lite/-/caniuse-lite-1.0.30001809.tgz 0ms (cache hit)
592 http cache cjs-module-lexer@https://registry.npmjs.org/cjs-module-lexer/-/cjs-module-lexer-2.2.1.tgz 0ms (cache hit)
593 http cache chalk@https://registry.npmjs.org/chalk/-/chalk-5.6.2.tgz 0ms (cache hit)
594 http cache chai@https://registry.npmjs.org/chai/-/chai-6.2.2.tgz 0ms (cache hit)
595 http cache callsites@https://registry.npmjs.org/callsites/-/callsites-3.1.0.tgz 0ms (cache hit)
596 http cache c12@https://registry.npmjs.org/c12/-/c12-3.3.4.tgz 0ms (cache hit)
597 http cache better-auth@https://registry.npmjs.org/better-auth/-/better-auth-1.7.1.tgz 0ms (cache hit)
598 http cache browserslist@https://registry.npmjs.org/browserslist/-/browserslist-4.28.8.tgz 0ms (cache hit)
599 http cache bidi-js@https://registry.npmjs.org/bidi-js/-/bidi-js-1.0.3.tgz 0ms (cache hit)
600 http cache babel-dead-code-elimination@https://registry.npmjs.org/babel-dead-code-elimination/-/babel-dead-code-elimination-1.0.12.tgz 0ms (cache hit)
601 http cache better-result@https://registry.npmjs.org/better-result/-/better-result-2.10.0.tgz 0ms (cache hit)
602 http cache better-call@https://registry.npmjs.org/better-call/-/better-call-1.4.0.tgz 0ms (cache hit)
603 http cache astring@https://registry.npmjs.org/astring/-/astring-1.9.0.tgz 0ms (cache hit)
604 http cache baseline-browser-mapping@https://registry.npmjs.org/baseline-browser-mapping/-/baseline-browser-mapping-2.11.18.tgz 0ms (cache hit)
605 http cache assertion-error@https://registry.npmjs.org/assertion-error/-/assertion-error-2.0.1.tgz 0ms (cache hit)
606 http cache aria-query@https://registry.npmjs.org/aria-query/-/aria-query-5.3.0.tgz 0ms (cache hit)
607 http cache aws-ssl-profiles@https://registry.npmjs.org/aws-ssl-profiles/-/aws-ssl-profiles-1.1.2.tgz 0ms (cache hit)
608 http cache aria-hidden@https://registry.npmjs.org/aria-hidden/-/aria-hidden-1.2.6.tgz 0ms (cache hit)
609 http cache balanced-match@https://registry.npmjs.org/balanced-match/-/balanced-match-1.0.2.tgz 0ms (cache hit)
610 http cache ansis@https://registry.npmjs.org/ansis/-/ansis-4.3.1.tgz 0ms (cache hit)
611 http cache ansi-regex@https://registry.npmjs.org/ansi-regex/-/ansi-regex-5.0.1.tgz 0ms (cache hit)
612 http cache ansi-styles@https://registry.npmjs.org/ansi-styles/-/ansi-styles-5.2.0.tgz 0ms (cache hit)
613 http cache ajv@https://registry.npmjs.org/ajv/-/ajv-6.15.0.tgz 0ms (cache hit)
614 http cache argparse@https://registry.npmjs.org/argparse/-/argparse-2.0.1.tgz 0ms (cache hit)
615 http cache agent-base@https://registry.npmjs.org/agent-base/-/agent-base-6.0.2.tgz 0ms (cache hit)
616 http cache acorn@https://registry.npmjs.org/acorn/-/acorn-8.18.0.tgz 0ms (cache hit)
617 http cache acorn-jsx@https://registry.npmjs.org/acorn-jsx/-/acorn-jsx-5.3.2.tgz 0ms (cache hit)
618 http cache @vitest/utils@https://registry.npmjs.org/@vitest/utils/-/utils-4.1.11.tgz 0ms (cache hit)
619 http cache @vitest/runner@https://registry.npmjs.org/@vitest/runner/-/runner-4.1.11.tgz 0ms (cache hit)
620 http cache @vitest/pretty-format@https://registry.npmjs.org/@vitest/pretty-format/-/pretty-format-4.1.11.tgz 0ms (cache hit)
621 http cache @vitest/snapshot@https://registry.npmjs.org/@vitest/snapshot/-/snapshot-4.1.11.tgz 0ms (cache hit)
622 http cache brace-expansion@https://registry.npmjs.org/brace-expansion/-/brace-expansion-1.1.18.tgz 0ms (cache hit)
623 http cache @vitest/mocker@https://registry.npmjs.org/@vitest/mocker/-/mocker-4.1.11.tgz 0ms (cache hit)
624 http cache @vitest/expect@https://registry.npmjs.org/@vitest/expect/-/expect-4.1.11.tgz 0ms (cache hit)
625 http cache @vitest/spy@https://registry.npmjs.org/@vitest/spy/-/spy-4.1.11.tgz 0ms (cache hit)
626 http cache @vitejs/plugin-react@https://registry.npmjs.org/@vitejs/plugin-react/-/plugin-react-6.1.0.tgz 0ms (cache hit)
627 http cache @visx/shape@https://registry.npmjs.org/@visx/shape/-/shape-4.0.1-alpha.0.tgz 0ms (cache hit)
628 http cache @visx/responsive@https://registry.npmjs.org/@visx/responsive/-/responsive-4.0.1-alpha.0.tgz 0ms (cache hit)
629 http cache @visx/scale@https://registry.npmjs.org/@visx/scale/-/scale-4.0.1-alpha.0.tgz 0ms (cache hit)
630 http cache @visx/point@https://registry.npmjs.org/@visx/point/-/point-4.0.1-alpha.0.tgz 0ms (cache hit)
631 http cache @visx/event@https://registry.npmjs.org/@visx/event/-/event-4.0.1-alpha.0.tgz 0ms (cache hit)
632 http cache @visx/curve@https://registry.npmjs.org/@visx/curve/-/curve-4.0.1-alpha.0.tgz 0ms (cache hit)
633 http cache @unrs/resolver-binding-linux-x64-gnu@https://registry.npmjs.org/@unrs/resolver-binding-linux-x64-gnu/-/resolver-binding-linux-x64-gnu-1.12.2.tgz 0ms (cache hit)
634 http cache @typescript-eslint/utils@https://registry.npmjs.org/@typescript-eslint/utils/-/utils-8.67.0.tgz 0ms (cache hit)
635 http cache @typescript-eslint/typescript-estree@https://registry.npmjs.org/@typescript-eslint/typescript-estree/-/typescript-estree-8.67.0.tgz 0ms (cache hit)
636 http cache @typescript-eslint/types@https://registry.npmjs.org/@typescript-eslint/types/-/types-8.67.0.tgz 0ms (cache hit)
637 http cache @visx/group@https://registry.npmjs.org/@visx/group/-/group-4.0.1-alpha.0.tgz 0ms (cache hit)
638 http cache @typescript-eslint/type-utils@https://registry.npmjs.org/@typescript-eslint/type-utils/-/type-utils-8.67.0.tgz 0ms (cache hit)
639 http cache @typescript-eslint/scope-manager@https://registry.npmjs.org/@typescript-eslint/scope-manager/-/scope-manager-8.67.0.tgz 0ms (cache hit)
640 http cache @typescript-eslint/tsconfig-utils@https://registry.npmjs.org/@typescript-eslint/tsconfig-utils/-/tsconfig-utils-8.67.0.tgz 0ms (cache hit)
641 http cache @typescript-eslint/project-service@https://registry.npmjs.org/@typescript-eslint/project-service/-/project-service-8.67.0.tgz 0ms (cache hit)
642 http cache @typescript-eslint/parser@https://registry.npmjs.org/@typescript-eslint/parser/-/parser-8.67.0.tgz 0ms (cache hit)
643 http cache @visx/grid@https://registry.npmjs.org/@visx/grid/-/grid-4.0.1-alpha.0.tgz 0ms (cache hit)
644 http cache @types/react@https://registry.npmjs.org/@types/react/-/react-19.2.18.tgz 0ms (cache hit)
645 http cache @types/react-dom@https://registry.npmjs.org/@types/react-dom/-/react-dom-19.2.4.tgz 1ms (cache hit)
646 http cache @types/pg@https://registry.npmjs.org/@types/pg/-/pg-8.23.1.tgz 0ms (cache hit)
647 http cache @types/node@https://registry.npmjs.org/@types/node/-/node-22.20.1.tgz 0ms (cache hit)
648 http cache @types/lodash@https://registry.npmjs.org/@types/lodash/-/lodash-4.17.25.tgz 0ms (cache hit)
649 http cache @typescript-eslint/eslint-plugin@https://registry.npmjs.org/@typescript-eslint/eslint-plugin/-/eslint-plugin-8.67.0.tgz 0ms (cache hit)
650 http cache @typescript-eslint/visitor-keys@https://registry.npmjs.org/@typescript-eslint/visitor-keys/-/visitor-keys-8.67.0.tgz 0ms (cache hit)
651 http cache @visx/vendor@https://registry.npmjs.org/@visx/vendor/-/vendor-4.0.0-alpha.0.tgz 0ms (cache hit)
652 http cache @types/geojson@https://registry.npmjs.org/@types/geojson/-/geojson-7946.0.16.tgz 0ms (cache hit)
653 http cache @types/json-schema@https://registry.npmjs.org/@types/json-schema/-/json-schema-7.0.15.tgz 0ms (cache hit)
654 http cache @types/estree@https://registry.npmjs.org/@types/estree/-/estree-1.0.9.tgz 0ms (cache hit)
655 http cache @types/deep-eql@https://registry.npmjs.org/@types/deep-eql/-/deep-eql-4.0.2.tgz 0ms (cache hit)
656 http cache @types/d3-time-format@https://registry.npmjs.org/@types/d3-time-format/-/d3-time-format-2.1.0.tgz 0ms (cache hit)
657 http cache @types/d3-time@https://registry.npmjs.org/@types/d3-time/-/d3-time-3.0.0.tgz 0ms (cache hit)
658 http cache @types/d3-shape@https://registry.npmjs.org/@types/d3-shape/-/d3-shape-3.1.7.tgz 0ms (cache hit)
659 http cache @types/d3-interpolate@https://registry.npmjs.org/@types/d3-interpolate/-/d3-interpolate-3.0.1.tgz 0ms (cache hit)
660 http cache @types/d3-geo@https://registry.npmjs.org/@types/d3-geo/-/d3-geo-3.1.0.tgz 0ms (cache hit)
661 http cache @types/d3-path@https://registry.npmjs.org/@types/d3-path/-/d3-path-3.1.1.tgz 0ms (cache hit)
662 http cache @types/d3-scale@https://registry.npmjs.org/@types/d3-scale/-/d3-scale-4.0.2.tgz 0ms (cache hit)
663 http cache @types/d3-delaunay@https://registry.npmjs.org/@types/d3-delaunay/-/d3-delaunay-6.0.1.tgz 0ms (cache hit)
664 http cache @types/d3-format@https://registry.npmjs.org/@types/d3-format/-/d3-format-3.0.1.tgz 0ms (cache hit)
665 http cache @types/chai@https://registry.npmjs.org/@types/chai/-/chai-5.2.3.tgz 0ms (cache hit)
666 http cache @types/aria-query@https://registry.npmjs.org/@types/aria-query/-/aria-query-5.0.4.tgz 0ms (cache hit)
667 http cache @types/d3-array@https://registry.npmjs.org/@types/d3-array/-/d3-array-3.0.3.tgz 0ms (cache hit)
668 http cache @tybys/wasm-util@https://registry.npmjs.org/@tybys/wasm-util/-/wasm-util-0.10.3.tgz 0ms (cache hit)
669 http cache @testing-library/react@https://registry.npmjs.org/@testing-library/react/-/react-16.3.2.tgz 0ms (cache hit)
670 http cache @testing-library/dom@https://registry.npmjs.org/@testing-library/dom/-/dom-10.4.1.tgz 0ms (cache hit)
671 http cache @tanstack/store@https://registry.npmjs.org/@tanstack/store/-/store-0.9.3.tgz 0ms (cache hit)
672 http cache @types/d3-color@https://registry.npmjs.org/@types/d3-color/-/d3-color-3.1.0.tgz 0ms (cache hit)
673 http cache @tanstack/virtual-file-routes@https://registry.npmjs.org/@tanstack/virtual-file-routes/-/virtual-file-routes-1.162.0.tgz 0ms (cache hit)
674 http cache @tanstack/start-fn-stubs@https://registry.npmjs.org/@tanstack/start-fn-stubs/-/start-fn-stubs-1.162.0.tgz 1ms (cache hit)
675 http cache @tanstack/start-plugin-core@https://registry.npmjs.org/@tanstack/start-plugin-core/-/start-plugin-core-1.171.38.tgz 0ms (cache hit)
676 http cache @tanstack/start-client-core@https://registry.npmjs.org/@tanstack/start-client-core/-/start-client-core-1.170.26.tgz 0ms (cache hit)
677 http cache @tanstack/start-storage-context@https://registry.npmjs.org/@tanstack/start-storage-context/-/start-storage-context-1.167.28.tgz 0ms (cache hit)
678 http cache @tanstack/start-server-core@https://registry.npmjs.org/@tanstack/start-server-core/-/start-server-core-1.169.30.tgz 0ms (cache hit)
679 http cache @tanstack/router-ssr-query-core@https://registry.npmjs.org/@tanstack/router-ssr-query-core/-/router-ssr-query-core-1.169.1.tgz 0ms (cache hit)
680 http cache @tanstack/router-utils@https://registry.npmjs.org/@tanstack/router-utils/-/router-utils-1.162.2.tgz 0ms (cache hit)
681 http cache @tanstack/router-core@https://registry.npmjs.org/@tanstack/router-core/-/router-core-1.171.26.tgz 0ms (cache hit)
682 http cache @tanstack/router-devtools-core@https://registry.npmjs.org/@tanstack/router-devtools-core/-/router-devtools-core-1.168.1.tgz 0ms (cache hit)
683 http cache @tanstack/react-start-server@https://registry.npmjs.org/@tanstack/react-start-server/-/react-start-server-1.167.36.tgz 0ms (cache hit)
684 http cache @tanstack/react-store@https://registry.npmjs.org/@tanstack/react-store/-/react-store-0.9.3.tgz 0ms (cache hit)
685 http cache @tanstack/react-start-rsc@https://registry.npmjs.org/@tanstack/react-start-rsc/-/react-start-rsc-0.1.47.tgz 0ms (cache hit)
686 http cache @tanstack/router-cli@https://registry.npmjs.org/@tanstack/router-cli/-/router-cli-1.167.32.tgz 0ms (cache hit)
687 http cache @tanstack/react-start@https://registry.npmjs.org/@tanstack/react-start/-/react-start-1.168.48.tgz 0ms (cache hit)
688 http cache @tanstack/react-start-client@https://registry.npmjs.org/@tanstack/react-start-client/-/react-start-client-1.168.29.tgz 0ms (cache hit)
689 http cache @tanstack/react-router-devtools@https://registry.npmjs.org/@tanstack/react-router-devtools/-/react-router-devtools-1.167.1.tgz 0ms (cache hit)
690 http cache @tanstack/react-router@https://registry.npmjs.org/@tanstack/react-router/-/react-router-1.170.31.tgz 0ms (cache hit)
691 http cache @tanstack/react-query-devtools@https://registry.npmjs.org/@tanstack/react-query-devtools/-/react-query-devtools-5.102.0.tgz 0ms (cache hit)
692 http cache @tanstack/react-devtools@https://registry.npmjs.org/@tanstack/react-devtools/-/react-devtools-0.10.12.tgz 0ms (cache hit)
693 http cache @tanstack/react-router-ssr-query@https://registry.npmjs.org/@tanstack/react-router-ssr-query/-/react-router-ssr-query-1.167.1.tgz 0ms (cache hit)
694 http cache @tanstack/router-generator@https://registry.npmjs.org/@tanstack/router-generator/-/router-generator-1.167.32.tgz 0ms (cache hit)
695 http cache @tanstack/query-core@https://registry.npmjs.org/@tanstack/query-core/-/query-core-5.102.0.tgz 0ms (cache hit)
696 http cache @tanstack/router-plugin@https://registry.npmjs.org/@tanstack/router-plugin/-/router-plugin-1.168.34.tgz 0ms (cache hit)
697 http cache @tanstack/query-devtools@https://registry.npmjs.org/@tanstack/query-devtools/-/query-devtools-5.102.0.tgz 0ms (cache hit)
698 http cache @tanstack/devtools-vite@https://registry.npmjs.org/@tanstack/devtools-vite/-/devtools-vite-0.8.5.tgz 0ms (cache hit)
699 http cache @tanstack/devtools-event-client@https://registry.npmjs.org/@tanstack/devtools-event-client/-/devtools-event-client-0.5.0.tgz 0ms (cache hit)
700 http cache @tanstack/devtools-bundler-core@https://registry.npmjs.org/@tanstack/devtools-bundler-core/-/devtools-bundler-core-0.1.3.tgz 0ms (cache hit)
701 http cache @tanstack/devtools-client@https://registry.npmjs.org/@tanstack/devtools-client/-/devtools-client-0.0.8.tgz 0ms (cache hit)
702 http cache @tanstack/devtools-event-bus@https://registry.npmjs.org/@tanstack/devtools-event-bus/-/devtools-event-bus-0.4.3.tgz 0ms (cache hit)
703 http cache @tanstack/eslint-config@https://registry.npmjs.org/@tanstack/eslint-config/-/eslint-config-0.4.0.tgz 0ms (cache hit)
704 http cache @tanstack/react-query@https://registry.npmjs.org/@tanstack/react-query/-/react-query-5.102.0.tgz 0ms (cache hit)
705 http cache @tailwindcss/typography@https://registry.npmjs.org/@tailwindcss/typography/-/typography-0.5.20.tgz 0ms (cache hit)
706 http cache @tanstack/history@https://registry.npmjs.org/@tanstack/history/-/history-1.162.1.tgz 0ms (cache hit)
707 http cache @tailwindcss/vite@https://registry.npmjs.org/@tailwindcss/vite/-/vite-4.3.3.tgz 0ms (cache hit)
708 http cache @tanstack/devtools-ui@https://registry.npmjs.org/@tanstack/devtools-ui/-/devtools-ui-0.7.1.tgz 0ms (cache hit)
709 http cache @tailwindcss/oxide-linux-x64-gnu@https://registry.npmjs.org/@tailwindcss/oxide-linux-x64-gnu/-/oxide-linux-x64-gnu-4.3.3.tgz 0ms (cache hit)
710 http cache @tanstack/devtools@https://registry.npmjs.org/@tanstack/devtools/-/devtools-0.14.2.tgz 0ms (cache hit)
711 http cache @tailwindcss/node@https://registry.npmjs.org/@tailwindcss/node/-/node-4.3.3.tgz 0ms (cache hit)
712 http cache @tailwindcss/oxide@https://registry.npmjs.org/@tailwindcss/oxide/-/oxide-4.3.3.tgz 0ms (cache hit)
713 http cache @swc/helpers@https://registry.npmjs.org/@swc/helpers/-/helpers-0.5.23.tgz 0ms (cache hit)
714 http cache @t3-oss/env-core@https://registry.npmjs.org/@t3-oss/env-core/-/env-core-0.13.11.tgz 0ms (cache hit)
715 http cache @standard-schema/spec@https://registry.npmjs.org/@standard-schema/spec/-/spec-1.1.0.tgz 1ms (cache hit)
716 http cache @stablelib/base64@https://registry.npmjs.org/@stablelib/base64/-/base64-1.0.1.tgz 0ms (cache hit)
717 http cache @stylistic/eslint-plugin@https://registry.npmjs.org/@stylistic/eslint-plugin/-/eslint-plugin-5.10.0.tgz 0ms (cache hit)
718 http cache @spectrum-icons/workflow@https://registry.npmjs.org/@spectrum-icons/workflow/-/workflow-4.3.1.tgz 0ms (cache hit)
719 http cache @spectrum-icons/ui@https://registry.npmjs.org/@spectrum-icons/ui/-/ui-3.7.1.tgz 0ms (cache hit)
720 http cache @solid-primitives/utils@https://registry.npmjs.org/@solid-primitives/utils/-/utils-6.4.1.tgz 0ms (cache hit)
721 http cache @solid-primitives/static-store@https://registry.npmjs.org/@solid-primitives/static-store/-/static-store-0.1.4.tgz 0ms (cache hit)
722 http cache @solid-primitives/rootless@https://registry.npmjs.org/@solid-primitives/rootless/-/rootless-1.5.4.tgz 0ms (cache hit)
723 http cache @solid-primitives/resize-observer@https://registry.npmjs.org/@solid-primitives/resize-observer/-/resize-observer-2.2.0.tgz 0ms (cache hit)
724 http cache @solid-primitives/keyboard@https://registry.npmjs.org/@solid-primitives/keyboard/-/keyboard-1.3.7.tgz 0ms (cache hit)
725 http cache @sentry/vite-plugin@https://registry.npmjs.org/@sentry/vite-plugin/-/vite-plugin-5.4.0.tgz 0ms (cache hit)
726 http cache @sentry/tanstackstart-react@https://registry.npmjs.org/@sentry/tanstackstart-react/-/tanstackstart-react-10.70.0.tgz 0ms (cache hit)
727 http cache @standard-schema/utils@https://registry.npmjs.org/@standard-schema/utils/-/utils-0.3.0.tgz 0ms (cache hit)
728 http cache @sentry/server-utils@https://registry.npmjs.org/@sentry/server-utils/-/server-utils-10.70.0.tgz 0ms (cache hit)
729 http cache @sentry/replay-canvas@https://registry.npmjs.org/@sentry/replay-canvas/-/replay-canvas-10.70.0.tgz 0ms (cache hit)
730 http cache @sentry/replay@https://registry.npmjs.org/@sentry/replay/-/replay-10.70.0.tgz 0ms (cache hit)
731 http cache @sentry/react@https://registry.npmjs.org/@sentry/react/-/react-10.70.0.tgz 0ms (cache hit)
732 http cache @sentry/opentelemetry@https://registry.npmjs.org/@sentry/opentelemetry/-/opentelemetry-10.70.0.tgz 0ms (cache hit)
733 http cache @sentry/node-core@https://registry.npmjs.org/@sentry/node-core/-/node-core-10.70.0.tgz 0ms (cache hit)
734 http cache @sentry/node@https://registry.npmjs.org/@sentry/node/-/node-10.70.0.tgz 0ms (cache hit)
735 http cache @sentry/feedback@https://registry.npmjs.org/@sentry/feedback/-/feedback-10.70.0.tgz 0ms (cache hit)
736 http cache @solid-primitives/event-listener@https://registry.npmjs.org/@solid-primitives/event-listener/-/event-listener-2.4.6.tgz 0ms (cache hit)
737 http cache @sentry/core@https://registry.npmjs.org/@sentry/core/-/core-10.70.0.tgz 0ms (cache hit)
738 http cache @sentry/conventions@https://registry.npmjs.org/@sentry/conventions/-/conventions-0.16.0.tgz 0ms (cache hit)
739 http cache @sentry/cli-linux-x64@https://registry.npmjs.org/@sentry/cli-linux-x64/-/cli-linux-x64-2.58.6.tgz 0ms (cache hit)
740 http cache @sentry/bundler-plugins@https://registry.npmjs.org/@sentry/bundler-plugins/-/bundler-plugins-10.70.0.tgz 0ms (cache hit)
741 http cache @sentry/browser-utils@https://registry.npmjs.org/@sentry/browser-utils/-/browser-utils-10.70.0.tgz 0ms (cache hit)
742 http cache @rolldown/pluginutils@https://registry.npmjs.org/@rolldown/pluginutils/-/pluginutils-1.0.1.tgz 0ms (cache hit)
743 http cache @sentry/browser@https://registry.npmjs.org/@sentry/browser/-/browser-10.70.0.tgz 0ms (cache hit)
744 http cache @rolldown/binding-linux-x64-gnu@https://registry.npmjs.org/@rolldown/binding-linux-x64-gnu/-/binding-linux-x64-gnu-1.2.5.tgz 0ms (cache hit)
745 http cache @react-types/shared@https://registry.npmjs.org/@react-types/shared/-/shared-3.36.1.tgz 0ms (cache hit)
746 http cache @react-types/color@https://registry.npmjs.org/@react-types/color/-/color-3.2.0.tgz 0ms (cache hit)
747 http cache @react-stately/utils@https://registry.npmjs.org/@react-stately/utils/-/utils-3.12.1.tgz 0ms (cache hit)
748 http cache @react-spectrum/provider@https://registry.npmjs.org/@react-spectrum/provider/-/provider-3.11.1.tgz 0ms (cache hit)
749 http cache @react-aria/utils@https://registry.npmjs.org/@react-aria/utils/-/utils-3.34.1.tgz 0ms (cache hit)
750 http cache @sentry/cli@https://registry.npmjs.org/@sentry/cli/-/cli-2.58.6.tgz 0ms (cache hit)
751 http cache @react-aria/ssr@https://registry.npmjs.org/@react-aria/ssr/-/ssr-3.10.1.tgz 0ms (cache hit)
752 http cache @react-aria/i18n@https://registry.npmjs.org/@react-aria/i18n/-/i18n-3.13.1.tgz 0ms (cache hit)
753 http cache @radix-ui/react-use-layout-effect@https://registry.npmjs.org/@radix-ui/react-use-layout-effect/-/react-use-layout-effect-1.1.1.tgz 0ms (cache hit)
754 http cache @radix-ui/react-use-is-hydrated@https://registry.npmjs.org/@radix-ui/react-use-is-hydrated/-/react-use-is-hydrated-0.1.0.tgz 0ms (cache hit)
755 http cache @react-spectrum/color@https://registry.npmjs.org/@react-spectrum/color/-/color-3.2.1.tgz 1ms (cache hit)
756 http cache @radix-ui/react-use-effect-event@https://registry.npmjs.org/@radix-ui/react-use-effect-event/-/react-use-effect-event-0.0.2.tgz 0ms (cache hit)
757 http cache @radix-ui/react-use-controllable-state@https://registry.npmjs.org/@radix-ui/react-use-controllable-state/-/react-use-controllable-state-1.2.2.tgz 0ms (cache hit)
758 http cache @radix-ui/react-use-callback-ref@https://registry.npmjs.org/@radix-ui/react-use-callback-ref/-/react-use-callback-ref-1.1.1.tgz 0ms (cache hit)
759 http cache @radix-ui/react-toggle@https://registry.npmjs.org/@radix-ui/react-toggle/-/react-toggle-1.1.10.tgz 0ms (cache hit)
760 http cache @react-aria/color@https://registry.npmjs.org/@react-aria/color/-/color-3.2.1.tgz 0ms (cache hit)
761 http cache @radix-ui/react-slot@https://registry.npmjs.org/@radix-ui/react-slot/-/react-slot-1.2.4.tgz 0ms (cache hit)
762 http cache @react-stately/color@https://registry.npmjs.org/@react-stately/color/-/color-3.10.1.tgz 0ms (cache hit)
763 http cache @radix-ui/react-compose-refs@https://registry.npmjs.org/@radix-ui/react-compose-refs/-/react-compose-refs-1.1.2.tgz 0ms (cache hit)
764 http cache @radix-ui/primitive@https://registry.npmjs.org/@radix-ui/primitive/-/primitive-1.1.3.tgz 0ms (cache hit)
765 http cache @prisma/studio-core@https://registry.npmjs.org/@prisma/studio-core/-/studio-core-0.33.0.tgz 0ms (cache hit)
766 http cache @radix-ui/react-avatar@https://registry.npmjs.org/@radix-ui/react-avatar/-/react-avatar-1.1.11.tgz 0ms (cache hit)
767 http cache @radix-ui/react-primitive@https://registry.npmjs.org/@radix-ui/react-primitive/-/react-primitive-2.1.4.tgz 0ms (cache hit)
768 http cache @prisma/streams-local@https://registry.npmjs.org/@prisma/streams-local/-/streams-local-0.1.11.tgz 0ms (cache hit)
769 http cache @radix-ui/react-context@https://registry.npmjs.org/@radix-ui/react-context/-/react-context-1.1.3.tgz 0ms (cache hit)
770 http cache @prisma/query-plan-executor@https://registry.npmjs.org/@prisma/query-plan-executor/-/query-plan-executor-7.2.0.tgz 0ms (cache hit)
771 http cache @prisma/fetch-engine@https://registry.npmjs.org/@prisma/fetch-engine/-/fetch-engine-7.9.1.tgz 0ms (cache hit)
772 http cache @prisma/engines-version@https://registry.npmjs.org/@prisma/engines-version/-/engines-version-7.9.0-1.e922089b7d7502aff4249d5da3420f6fa55fc6ad.tgz 0ms (cache hit)
773 http cache @prisma/engines@https://registry.npmjs.org/@prisma/engines/-/engines-7.9.1.tgz 0ms (cache hit)
774 http cache @prisma/get-platform@https://registry.npmjs.org/@prisma/get-platform/-/get-platform-7.2.0.tgz 0ms (cache hit)
775 http cache @prisma/driver-adapter-utils@https://registry.npmjs.org/@prisma/driver-adapter-utils/-/driver-adapter-utils-7.9.1.tgz 0ms (cache hit)
776 http cache @prisma/client-runtime-utils@https://registry.npmjs.org/@prisma/client-runtime-utils/-/client-runtime-utils-7.9.1.tgz 0ms (cache hit)
777 http cache @prisma/dev@https://registry.npmjs.org/@prisma/dev/-/dev-0.24.17.tgz 0ms (cache hit)
778 http cache @prisma/debug@https://registry.npmjs.org/@prisma/debug/-/debug-7.9.1.tgz 0ms (cache hit)
779 http cache @prisma/config@https://registry.npmjs.org/@prisma/config/-/config-7.9.1.tgz 0ms (cache hit)
780 http cache @prisma/client@https://registry.npmjs.org/@prisma/client/-/client-7.9.1.tgz 0ms (cache hit)
781 http cache @oxc-project/types@https://registry.npmjs.org/@oxc-project/types/-/types-0.120.0.tgz 0ms (cache hit)
782 http cache @prisma/adapter-pg@https://registry.npmjs.org/@prisma/adapter-pg/-/adapter-pg-7.9.1.tgz 0ms (cache hit)
783 http cache @oxc-parser/binding-linux-x64-gnu@https://registry.npmjs.org/@oxc-parser/binding-linux-x64-gnu/-/binding-linux-x64-gnu-0.120.0.tgz 0ms (cache hit)
784 http cache @orpc/standard-server-peer@https://registry.npmjs.org/@orpc/standard-server-peer/-/standard-server-peer-1.15.0.tgz 1ms (cache hit)
785 http cache @orpc/zod@https://registry.npmjs.org/@orpc/zod/-/zod-1.15.0.tgz 0ms (cache hit)
786 http cache @orpc/tanstack-query@https://registry.npmjs.org/@orpc/tanstack-query/-/tanstack-query-1.15.0.tgz 0ms (cache hit)
787 http cache @orpc/standard-server-node@https://registry.npmjs.org/@orpc/standard-server-node/-/standard-server-node-1.15.0.tgz 0ms (cache hit)
788 http cache @orpc/standard-server-fetch@https://registry.npmjs.org/@orpc/standard-server-fetch/-/standard-server-fetch-1.15.0.tgz 0ms (cache hit)
789 http cache @orpc/server@https://registry.npmjs.org/@orpc/server/-/server-1.15.0.tgz 0ms (cache hit)
790 http cache @orpc/openapi-client@https://registry.npmjs.org/@orpc/openapi-client/-/openapi-client-1.15.0.tgz 0ms (cache hit)
791 http cache @orpc/shared@https://registry.npmjs.org/@orpc/shared/-/shared-1.15.0.tgz 0ms (cache hit)
792 http cache @orpc/standard-server-fastify@https://registry.npmjs.org/@orpc/standard-server-fastify/-/standard-server-fastify-1.15.0.tgz 0ms (cache hit)
793 http cache @orpc/json-schema@https://registry.npmjs.org/@orpc/json-schema/-/json-schema-1.15.0.tgz 0ms (cache hit)
794 http cache @orpc/standard-server-aws-lambda@https://registry.npmjs.org/@orpc/standard-server-aws-lambda/-/standard-server-aws-lambda-1.15.0.tgz 0ms (cache hit)
795 http cache @orpc/interop@https://registry.npmjs.org/@orpc/interop/-/interop-1.15.0.tgz 0ms (cache hit)
796 http cache @orpc/contract@https://registry.npmjs.org/@orpc/contract/-/contract-1.15.0.tgz 0ms (cache hit)
797 http cache @opentelemetry/semantic-conventions@https://registry.npmjs.org/@opentelemetry/semantic-conventions/-/semantic-conventions-1.43.0.tgz 0ms (cache hit)
798 http cache @opentelemetry/sdk-trace-base@https://registry.npmjs.org/@opentelemetry/sdk-trace-base/-/sdk-trace-base-2.10.0.tgz 0ms (cache hit)
799 http cache @orpc/standard-server@https://registry.npmjs.org/@orpc/standard-server/-/standard-server-1.15.0.tgz 0ms (cache hit)
800 http cache @orpc/openapi@https://registry.npmjs.org/@orpc/openapi/-/openapi-1.15.0.tgz 0ms (cache hit)
801 http cache @orpc/client@https://registry.npmjs.org/@orpc/client/-/client-1.15.0.tgz 0ms (cache hit)
802 http cache @opentelemetry/sdk-trace@https://registry.npmjs.org/@opentelemetry/sdk-trace/-/sdk-trace-2.10.0.tgz 0ms (cache hit)
803 http cache @opentelemetry/instrumentation@https://registry.npmjs.org/@opentelemetry/instrumentation/-/instrumentation-0.220.0.tgz 0ms (cache hit)
804 http cache @opentelemetry/resources@https://registry.npmjs.org/@opentelemetry/resources/-/resources-2.10.0.tgz 0ms (cache hit)
805 http cache @opentelemetry/api-logs@https://registry.npmjs.org/@opentelemetry/api-logs/-/api-logs-0.220.0.tgz 0ms (cache hit)
806 http cache @opentelemetry/api@https://registry.npmjs.org/@opentelemetry/api/-/api-1.9.1.tgz 0ms (cache hit)
807 http cache @oozcitak/url@https://registry.npmjs.org/@oozcitak/url/-/url-3.0.0.tgz 0ms (cache hit)
808 http cache @opentelemetry/core@https://registry.npmjs.org/@opentelemetry/core/-/core-2.10.0.tgz 0ms (cache hit)
809 http cache @oozcitak/dom@https://registry.npmjs.org/@oozcitak/dom/-/dom-2.0.2.tgz 1ms (cache hit)
810 http cache @noble/hashes@https://registry.npmjs.org/@noble/hashes/-/hashes-2.3.0.tgz 0ms (cache hit)
811 http cache @neodrag/solid@https://registry.npmjs.org/@neodrag/solid/-/solid-3.0.0-next.11.tgz 0ms (cache hit)
812 http cache @oozcitak/util@https://registry.npmjs.org/@oozcitak/util/-/util-10.0.0.tgz 0ms (cache hit)
813 http cache @noble/ciphers@https://registry.npmjs.org/@noble/ciphers/-/ciphers-2.3.0.tgz 0ms (cache hit)
814 http cache @jridgewell/trace-mapping@https://registry.npmjs.org/@jridgewell/trace-mapping/-/trace-mapping-0.3.31.tgz 0ms (cache hit)
815 http cache @jridgewell/sourcemap-codec@https://registry.npmjs.org/@jridgewell/sourcemap-codec/-/sourcemap-codec-1.5.5.tgz 0ms (cache hit)
816 http cache @oozcitak/infra@https://registry.npmjs.org/@oozcitak/infra/-/infra-2.0.2.tgz 0ms (cache hit)
817 http cache @jridgewell/gen-mapping@https://registry.npmjs.org/@jridgewell/gen-mapping/-/gen-mapping-0.3.13.tgz 0ms (cache hit)
818 http cache @internationalized/string@https://registry.npmjs.org/@internationalized/string/-/string-3.2.10.tgz 0ms (cache hit)
819 http cache @jridgewell/resolve-uri@https://registry.npmjs.org/@jridgewell/resolve-uri/-/resolve-uri-3.1.2.tgz 0ms (cache hit)
820 http cache @internationalized/message@https://registry.npmjs.org/@internationalized/message/-/message-3.1.10.tgz 0ms (cache hit)
821 http cache @internationalized/number@https://registry.npmjs.org/@internationalized/number/-/number-3.6.7.tgz 0ms (cache hit)
822 http cache @internationalized/date@https://registry.npmjs.org/@internationalized/date/-/date-3.12.3.tgz 0ms (cache hit)
823 http cache @humanfs/types@https://registry.npmjs.org/@humanfs/types/-/types-0.15.0.tgz 0ms (cache hit)
824 http cache @humanwhocodes/module-importer@https://registry.npmjs.org/@humanwhocodes/module-importer/-/module-importer-1.0.1.tgz 0ms (cache hit)
825 http cache @jridgewell/remapping@https://registry.npmjs.org/@jridgewell/remapping/-/remapping-2.3.5.tgz 0ms (cache hit)
826 http cache @napi-rs/wasm-runtime@https://registry.npmjs.org/@napi-rs/wasm-runtime/-/wasm-runtime-1.2.3.tgz 0ms (cache hit)
827 http cache @humanfs/core@https://registry.npmjs.org/@humanfs/core/-/core-0.19.2.tgz 0ms (cache hit)
828 http cache @heroui/styles@https://registry.npmjs.org/@heroui/styles/-/styles-3.2.4.tgz 0ms (cache hit)
829 http cache @heroui/react@https://registry.npmjs.org/@heroui/react/-/react-3.2.4.tgz 0ms (cache hit)
830 http cache @hookform/resolvers@https://registry.npmjs.org/@hookform/resolvers/-/resolvers-5.4.0.tgz 0ms (cache hit)
831 http cache @formatjs/intl-localematcher@https://registry.npmjs.org/@formatjs/intl-localematcher/-/intl-localematcher-0.6.2.tgz 0ms (cache hit)
832 http cache @formatjs/icu-skeleton-parser@https://registry.npmjs.org/@formatjs/icu-skeleton-parser/-/icu-skeleton-parser-1.8.16.tgz 0ms (cache hit)
833 http cache @formatjs/fast-memoize@https://registry.npmjs.org/@formatjs/fast-memoize/-/fast-memoize-2.2.7.tgz 0ms (cache hit)
834 http cache @humanwhocodes/retry@https://registry.npmjs.org/@humanwhocodes/retry/-/retry-0.4.3.tgz 0ms (cache hit)
835 http cache @exodus/bytes@https://registry.npmjs.org/@exodus/bytes/-/bytes-1.15.1.tgz 0ms (cache hit)
836 http cache @formatjs/icu-messageformat-parser@https://registry.npmjs.org/@formatjs/icu-messageformat-parser/-/icu-messageformat-parser-2.11.4.tgz 0ms (cache hit)
837 http cache @eslint/plugin-kit@https://registry.npmjs.org/@eslint/plugin-kit/-/plugin-kit-0.4.1.tgz 0ms (cache hit)
838 http cache @eslint/js@https://registry.npmjs.org/@eslint/js/-/js-9.39.5.tgz 0ms (cache hit)
839 http cache @eslint/object-schema@https://registry.npmjs.org/@eslint/object-schema/-/object-schema-2.1.7.tgz 0ms (cache hit)
840 http cache @eslint/eslintrc@https://registry.npmjs.org/@eslint/eslintrc/-/eslintrc-3.3.6.tgz 0ms (cache hit)
841 http cache @eslint/core@https://registry.npmjs.org/@eslint/core/-/core-0.17.0.tgz 0ms (cache hit)
842 http cache @eslint/config-helpers@https://registry.npmjs.org/@eslint/config-helpers/-/config-helpers-0.4.2.tgz 0ms (cache hit)
843 http cache @eslint/config-array@https://registry.npmjs.org/@eslint/config-array/-/config-array-0.21.2.tgz 0ms (cache hit)
844 http cache @eslint-community/eslint-utils@https://registry.npmjs.org/@eslint-community/eslint-utils/-/eslint-utils-4.10.1.tgz 0ms (cache hit)
845 http cache @eslint-community/regexpp@https://registry.npmjs.org/@eslint-community/regexpp/-/regexpp-4.12.2.tgz 0ms (cache hit)
846 http cache @esbuild/linux-x64@https://registry.npmjs.org/@esbuild/linux-x64/-/linux-x64-0.28.2.tgz 0ms (cache hit)
847 http cache @humanfs/node@https://registry.npmjs.org/@humanfs/node/-/node-0.16.8.tgz 0ms (cache hit)
848 http cache @emnapi/wasi-threads@https://registry.npmjs.org/@emnapi/wasi-threads/-/wasi-threads-1.2.3.tgz 0ms (cache hit)
849 http cache @emnapi/core@https://registry.npmjs.org/@emnapi/core/-/core-1.11.3.tgz 0ms (cache hit)
850 http cache @emnapi/runtime@https://registry.npmjs.org/@emnapi/runtime/-/runtime-1.11.3.tgz 0ms (cache hit)
851 http cache @electric-sql/pglite-tools@https://registry.npmjs.org/@electric-sql/pglite-tools/-/pglite-tools-0.3.3.tgz 0ms (cache hit)
852 http cache @electric-sql/pglite-socket@https://registry.npmjs.org/@electric-sql/pglite-socket/-/pglite-socket-0.1.3.tgz 0ms (cache hit)
853 http cache @formatjs/ecma402-abstract@https://registry.npmjs.org/@formatjs/ecma402-abstract/-/ecma402-abstract-2.3.6.tgz 0ms (cache hit)
854 http cache @neodrag/core@https://registry.npmjs.org/@neodrag/core/-/core-3.0.0-next.11.tgz 0ms (cache hit)
855 http cache @csstools/css-syntax-patches-for-csstree@https://registry.npmjs.org/@csstools/css-syntax-patches-for-csstree/-/css-syntax-patches-for-csstree-1.1.8.tgz 0ms (cache hit)
856 http cache @electric-sql/pglite@https://registry.npmjs.org/@electric-sql/pglite/-/pglite-0.4.3.tgz 0ms (cache hit)
857 http cache @csstools/css-tokenizer@https://registry.npmjs.org/@csstools/css-tokenizer/-/css-tokenizer-4.0.0.tgz 0ms (cache hit)
858 http cache @csstools/css-color-parser@https://registry.npmjs.org/@csstools/css-color-parser/-/css-color-parser-4.2.0.tgz 0ms (cache hit)
859 http cache @csstools/color-helpers@https://registry.npmjs.org/@csstools/color-helpers/-/color-helpers-6.1.1.tgz 0ms (cache hit)
860 http cache @csstools/css-parser-algorithms@https://registry.npmjs.org/@csstools/css-parser-algorithms/-/css-parser-algorithms-4.0.0.tgz 0ms (cache hit)
861 http cache @csstools/css-calc@https://registry.npmjs.org/@csstools/css-calc/-/css-calc-3.3.0.tgz 0ms (cache hit)
862 http cache @bramus/specificity@https://registry.npmjs.org/@bramus/specificity/-/specificity-2.4.2.tgz 0ms (cache hit)
863 http cache @better-fetch/fetch@https://registry.npmjs.org/@better-fetch/fetch/-/fetch-1.3.1.tgz 0ms (cache hit)
864 http cache @better-auth/telemetry@https://registry.npmjs.org/@better-auth/telemetry/-/telemetry-1.7.1.tgz 0ms (cache hit)
865 http cache @better-auth/mongo-adapter@https://registry.npmjs.org/@better-auth/mongo-adapter/-/mongo-adapter-1.7.1.tgz 0ms (cache hit)
866 http cache @better-auth/prisma-adapter@https://registry.npmjs.org/@better-auth/prisma-adapter/-/prisma-adapter-1.7.1.tgz 0ms (cache hit)
867 http cache @better-auth/utils@https://registry.npmjs.org/@better-auth/utils/-/utils-0.4.2.tgz 0ms (cache hit)
868 http cache @better-auth/kysely-adapter@https://registry.npmjs.org/@better-auth/kysely-adapter/-/kysely-adapter-1.7.1.tgz 0ms (cache hit)
869 http cache @better-auth/drizzle-adapter@https://registry.npmjs.org/@better-auth/drizzle-adapter/-/drizzle-adapter-1.7.1.tgz 0ms (cache hit)
870 http cache @better-auth/core@https://registry.npmjs.org/@better-auth/core/-/core-1.7.1.tgz 0ms (cache hit)
871 http cache @better-auth/memory-adapter@https://registry.npmjs.org/@better-auth/memory-adapter/-/memory-adapter-1.7.1.tgz 0ms (cache hit)
872 http cache @babel/traverse@https://registry.npmjs.org/@babel/traverse/-/traverse-7.29.8.tgz 0ms (cache hit)
873 http cache @babel/runtime@https://registry.npmjs.org/@babel/runtime/-/runtime-7.29.7.tgz 0ms (cache hit)
874 http cache @babel/parser@https://registry.npmjs.org/@babel/parser/-/parser-7.29.8.tgz 0ms (cache hit)
875 http cache @babel/helper-validator-option@https://registry.npmjs.org/@babel/helper-validator-option/-/helper-validator-option-7.29.7.tgz 0ms (cache hit)
876 http cache @babel/types@https://registry.npmjs.org/@babel/types/-/types-7.29.8.tgz 0ms (cache hit)
877 http cache @babel/helpers@https://registry.npmjs.org/@babel/helpers/-/helpers-7.29.7.tgz 0ms (cache hit)
878 http cache @babel/template@https://registry.npmjs.org/@babel/template/-/template-7.29.7.tgz 0ms (cache hit)
879 http cache @babel/helper-validator-identifier@https://registry.npmjs.org/@babel/helper-validator-identifier/-/helper-validator-identifier-7.29.7.tgz 0ms (cache hit)
880 http cache @babel/helper-module-imports@https://registry.npmjs.org/@babel/helper-module-imports/-/helper-module-imports-7.29.7.tgz 0ms (cache hit)
881 http cache @babel/helper-string-parser@https://registry.npmjs.org/@babel/helper-string-parser/-/helper-string-parser-7.29.7.tgz 0ms (cache hit)
882 http cache @babel/helper-compilation-targets@https://registry.npmjs.org/@babel/helper-compilation-targets/-/helper-compilation-targets-7.29.7.tgz 0ms (cache hit)
883 http cache @babel/helper-module-transforms@https://registry.npmjs.org/@babel/helper-module-transforms/-/helper-module-transforms-7.29.7.tgz 0ms (cache hit)
884 http cache @babel/helper-globals@https://registry.npmjs.org/@babel/helper-globals/-/helper-globals-7.29.7.tgz 0ms (cache hit)
885 http cache @babel/compat-data@https://registry.npmjs.org/@babel/compat-data/-/compat-data-7.29.7.tgz 0ms (cache hit)
886 http cache @babel/generator@https://registry.npmjs.org/@babel/generator/-/generator-7.29.8.tgz 0ms (cache hit)
887 http cache @babel/core@https://registry.npmjs.org/@babel/core/-/core-7.29.7.tgz 0ms (cache hit)
888 http cache @asamuzakjp/generational-cache@https://registry.npmjs.org/@asamuzakjp/generational-cache/-/generational-cache-1.0.1.tgz 0ms (cache hit)
889 http cache @asamuzakjp/nwsapi@https://registry.npmjs.org/@asamuzakjp/nwsapi/-/nwsapi-2.3.9.tgz 1ms (cache hit)
890 http cache @asamuzakjp/dom-selector@https://registry.npmjs.org/@asamuzakjp/dom-selector/-/dom-selector-6.8.1.tgz 0ms (cache hit)
891 http cache @asamuzakjp/css-color@https://registry.npmjs.org/@asamuzakjp/css-color/-/css-color-5.1.11.tgz 0ms (cache hit)
892 http cache @babel/code-frame@https://registry.npmjs.org/@babel/code-frame/-/code-frame-7.29.7.tgz 0ms (cache hit)
893 http cache @apm-js-collab/code-transformer@https://registry.npmjs.org/@apm-js-collab/code-transformer/-/code-transformer-0.18.1.tgz 0ms (cache hit)
894 http cache @adobe/react-spectrum-workflow@https://registry.npmjs.org/@adobe/react-spectrum-workflow/-/react-spectrum-workflow-2.3.5.tgz 0ms (cache hit)
895 http cache @apm-js-collab/tracing-hooks@https://registry.npmjs.org/@apm-js-collab/tracing-hooks/-/tracing-hooks-0.13.0.tgz 0ms (cache hit)
896 http cache @apm-js-collab/code-transformer-bundler-plugins@https://registry.npmjs.org/@apm-js-collab/code-transformer-bundler-plugins/-/code-transformer-bundler-plugins-0.7.4.tgz 0ms (cache hit)
897 http cache @adobe/react-spectrum-ui@https://registry.npmjs.org/@adobe/react-spectrum-ui/-/react-spectrum-ui-1.2.1.tgz 0ms (cache hit)
898 http cache @adobe/react-spectrum@https://registry.npmjs.org/@adobe/react-spectrum/-/react-spectrum-3.47.3.tgz 0ms (cache hit)
899 http cache ansi-styles@https://registry.npmjs.org/ansi-styles/-/ansi-styles-4.3.0.tgz 0ms (cache hit)
900 http cache @acemir/cssom@https://registry.npmjs.org/@acemir/cssom/-/cssom-0.9.31.tgz 0ms (cache hit)
901 http cache std-env@https://registry.npmjs.org/std-env/-/std-env-4.2.0.tgz 0ms (cache hit)
902 http cache semver@https://registry.npmjs.org/semver/-/semver-7.8.5.tgz 0ms (cache hit)
903 http cache lightningcss@https://registry.npmjs.org/lightningcss/-/lightningcss-1.33.0.tgz 0ms (cache hit)
904 http cache lightningcss-linux-x64-gnu@https://registry.npmjs.org/lightningcss-linux-x64-gnu/-/lightningcss-linux-x64-gnu-1.33.0.tgz 0ms (cache hit)
905 http cache seroval-plugins@https://registry.npmjs.org/seroval-plugins/-/seroval-plugins-1.5.6.tgz 0ms (cache hit)
906 http cache seroval@https://registry.npmjs.org/seroval/-/seroval-1.5.6.tgz 0ms (cache hit)
907 http cache @oxc-project/types@https://registry.npmjs.org/@oxc-project/types/-/types-0.146.0.tgz 0ms (cache hit)
908 http cache signal-exit@https://registry.npmjs.org/signal-exit/-/signal-exit-3.0.7.tgz 0ms (cache hit)
909 http cache lru-cache@https://registry.npmjs.org/lru-cache/-/lru-cache-11.5.2.tgz 0ms (cache hit)
910 http cache tr46@https://registry.npmjs.org/tr46/-/tr46-0.0.3.tgz 0ms (cache hit)
911 http cache whatwg-url@https://registry.npmjs.org/whatwg-url/-/whatwg-url-5.0.0.tgz 0ms (cache hit)
912 http cache webidl-conversions@https://registry.npmjs.org/webidl-conversions/-/webidl-conversions-3.0.1.tgz 0ms (cache hit)
913 http cache https-proxy-agent@https://registry.npmjs.org/https-proxy-agent/-/https-proxy-agent-7.0.6.tgz 0ms (cache hit)
914 http cache agent-base@https://registry.npmjs.org/agent-base/-/agent-base-7.1.4.tgz 0ms (cache hit)
915 http cache agent-base@https://registry.npmjs.org/agent-base/-/agent-base-7.1.4.tgz 0ms (cache hit)
916 http cache rou3@https://registry.npmjs.org/rou3/-/rou3-0.8.1.tgz 0ms (cache hit)
917 http cache semver@https://registry.npmjs.org/semver/-/semver-7.8.5.tgz 0ms (cache hit)
918 http cache postgres-array@https://registry.npmjs.org/postgres-array/-/postgres-array-2.0.0.tgz 0ms (cache hit)
919 http cache brace-expansion@https://registry.npmjs.org/brace-expansion/-/brace-expansion-5.0.9.tgz 0ms (cache hit)
920 http cache globals@https://registry.npmjs.org/globals/-/globals-15.15.0.tgz 0ms (cache hit)
921 http cache minimatch@https://registry.npmjs.org/minimatch/-/minimatch-10.2.6.tgz 0ms (cache hit)
922 http cache semver@https://registry.npmjs.org/semver/-/semver-7.8.5.tgz 0ms (cache hit)
923 http cache balanced-match@https://registry.npmjs.org/balanced-match/-/balanced-match-4.0.4.tgz 0ms (cache hit)
924 http cache brace-expansion@https://registry.npmjs.org/brace-expansion/-/brace-expansion-5.0.9.tgz 0ms (cache hit)
925 http cache minimatch@https://registry.npmjs.org/minimatch/-/minimatch-10.2.6.tgz 0ms (cache hit)
926 http cache balanced-match@https://registry.npmjs.org/balanced-match/-/balanced-match-4.0.4.tgz 0ms (cache hit)
927 http cache semver@https://registry.npmjs.org/semver/-/semver-7.8.5.tgz 0ms (cache hit)
928 http cache react-is@https://registry.npmjs.org/react-is/-/react-is-16.13.1.tgz 0ms (cache hit)
929 http cache dotenv@https://registry.npmjs.org/dotenv/-/dotenv-16.6.1.tgz 0ms (cache hit)
930 http cache ansi-styles@https://registry.npmjs.org/ansi-styles/-/ansi-styles-4.3.0.tgz 0ms (cache hit)
931 http cache escape-string-regexp@https://registry.npmjs.org/escape-string-regexp/-/escape-string-regexp-4.0.0.tgz 0ms (cache hit)
932 http cache lru-cache@https://registry.npmjs.org/lru-cache/-/lru-cache-11.5.2.tgz 0ms (cache hit)
933 http cache rou3@https://registry.npmjs.org/rou3/-/rou3-0.9.2.tgz 0ms (cache hit)
934 http cache chalk@https://registry.npmjs.org/chalk/-/chalk-4.1.2.tgz 0ms (cache hit)
935 http cache @better-auth/utils@https://registry.npmjs.org/@better-auth/utils/-/utils-0.5.0.tgz 0ms (cache hit)
936 http cache d3-array@https://registry.npmjs.org/d3-array/-/d3-array-3.2.1.tgz 0ms (cache hit)
937 http cache @emnapi/wasi-threads@https://registry.npmjs.org/@emnapi/wasi-threads/-/wasi-threads-1.2.1.tgz 0ms (cache hit)
938 http cache @emnapi/runtime@https://registry.npmjs.org/@emnapi/runtime/-/runtime-1.10.0.tgz 0ms (cache hit)
939 http cache eslint-visitor-keys@https://registry.npmjs.org/eslint-visitor-keys/-/eslint-visitor-keys-5.0.1.tgz 0ms (cache hit)
940 http cache minimatch@https://registry.npmjs.org/minimatch/-/minimatch-10.2.6.tgz 0ms (cache hit)
941 http cache brace-expansion@https://registry.npmjs.org/brace-expansion/-/brace-expansion-5.0.9.tgz 0ms (cache hit)
942 http cache semver@https://registry.npmjs.org/semver/-/semver-7.8.5.tgz 0ms (cache hit)
943 http cache @emnapi/core@https://registry.npmjs.org/@emnapi/core/-/core-1.10.0.tgz 0ms (cache hit)
944 http cache balanced-match@https://registry.npmjs.org/balanced-match/-/balanced-match-4.0.4.tgz 0ms (cache hit)
945 http cache ignore@https://registry.npmjs.org/ignore/-/ignore-7.0.6.tgz 0ms (cache hit)
946 http cache source-map@https://registry.npmjs.org/source-map/-/source-map-0.7.6.tgz 0ms (cache hit)
947 http cache @babel/code-frame@https://registry.npmjs.org/@babel/code-frame/-/code-frame-7.27.1.tgz 0ms (cache hit)
948 http cache @eslint/js@https://registry.npmjs.org/@eslint/js/-/js-10.0.1.tgz 0ms (cache hit)
949 http cache @radix-ui/react-slot@https://registry.npmjs.org/@radix-ui/react-slot/-/react-slot-1.2.3.tgz 0ms (cache hit)
950 http cache @radix-ui/react-primitive@https://registry.npmjs.org/@radix-ui/react-primitive/-/react-primitive-2.1.3.tgz 0ms (cache hit)
951 http cache json-schema-traverse@https://registry.npmjs.org/json-schema-traverse/-/json-schema-traverse-1.0.0.tgz 0ms (cache hit)
952 http cache ajv@https://registry.npmjs.org/ajv/-/ajv-8.20.0.tgz 0ms (cache hit)
953 http cache @prisma/get-platform@https://registry.npmjs.org/@prisma/get-platform/-/get-platform-7.9.1.tgz 0ms (cache hit)
954 http cache @prisma/get-platform@https://registry.npmjs.org/@prisma/get-platform/-/get-platform-7.9.1.tgz 0ms (cache hit)
955 http cache eslint-visitor-keys@https://registry.npmjs.org/eslint-visitor-keys/-/eslint-visitor-keys-3.4.3.tgz 0ms (cache hit)
956 http cache lru-cache@https://registry.npmjs.org/lru-cache/-/lru-cache-11.5.2.tgz 0ms (cache hit)
957 http cache @prisma/debug@https://registry.npmjs.org/@prisma/debug/-/debug-7.2.0.tgz 0ms (cache hit)
958 http cache globals@https://registry.npmjs.org/globals/-/globals-14.0.0.tgz 0ms (cache hit)
959 silly tarball no local data for zod@https://registry.npmjs.org/zod/-/zod-4.4.3.tgz. Extracting by manifest.
960 silly tarball no local data for yocto-queue@https://registry.npmjs.org/yocto-queue/-/yocto-queue-0.1.0.tgz. Extracting by manifest.
961 silly tarball no local data for yargs@https://registry.npmjs.org/yargs/-/yargs-17.7.3.tgz. Extracting by manifest.
962 silly tarball no local data for zeptomatch@https://registry.npmjs.org/zeptomatch/-/zeptomatch-2.1.0.tgz. Extracting by manifest.
963 silly tarball no local data for yallist@https://registry.npmjs.org/yallist/-/yallist-3.1.1.tgz. Extracting by manifest.
964 silly tarball no local data for xmlchars@https://registry.npmjs.org/xmlchars/-/xmlchars-2.2.0.tgz. Extracting by manifest.
965 silly tarball no local data for yargs-parser@https://registry.npmjs.org/yargs-parser/-/yargs-parser-21.1.1.tgz. Extracting by manifest.
966 silly tarball no local data for xml-name-validator@https://registry.npmjs.org/xml-name-validator/-/xml-name-validator-5.0.0.tgz. Extracting by manifest.
967 silly tarball no local data for xmlbuilder2@https://registry.npmjs.org/xmlbuilder2/-/xmlbuilder2-4.0.3.tgz. Extracting by manifest.
968 silly tarball no local data for ws@https://registry.npmjs.org/ws/-/ws-8.21.3.tgz. Extracting by manifest.
969 silly tarball no local data for xtend@https://registry.npmjs.org/xtend/-/xtend-4.0.2.tgz. Extracting by manifest.
970 silly tarball no local data for wrap-ansi@https://registry.npmjs.org/wrap-ansi/-/wrap-ansi-7.0.0.tgz. Extracting by manifest.
971 silly tarball no local data for word-wrap@https://registry.npmjs.org/word-wrap/-/word-wrap-1.2.5.tgz. Extracting by manifest.
972 silly tarball no local data for why-is-node-running@https://registry.npmjs.org/why-is-node-running/-/why-is-node-running-2.3.0.tgz. Extracting by manifest.
973 silly tarball no local data for y18n@https://registry.npmjs.org/y18n/-/y18n-5.0.8.tgz. Extracting by manifest.
974 silly tarball no local data for wildcard-match@https://registry.npmjs.org/wildcard-match/-/wildcard-match-5.1.4.tgz. Extracting by manifest.
975 silly tarball no local data for which@https://registry.npmjs.org/which/-/which-2.0.2.tgz. Extracting by manifest.
976 silly tarball no local data for webpack-virtual-modules@https://registry.npmjs.org/webpack-virtual-modules/-/webpack-virtual-modules-0.6.2.tgz. Extracting by manifest.
977 silly tarball no local data for whatwg-url@https://registry.npmjs.org/whatwg-url/-/whatwg-url-16.0.1.tgz. Extracting by manifest.
978 silly tarball no local data for whatwg-mimetype@https://registry.npmjs.org/whatwg-mimetype/-/whatwg-mimetype-5.0.0.tgz. Extracting by manifest.
979 silly tarball no local data for vue-eslint-parser@https://registry.npmjs.org/vue-eslint-parser/-/vue-eslint-parser-10.4.1.tgz. Extracting by manifest.
980 silly tarball no local data for vitest@https://registry.npmjs.org/vitest/-/vitest-4.1.11.tgz. Extracting by manifest.
981 silly tarball no local data for vite@https://registry.npmjs.org/vite/-/vite-8.2.2.tgz. Extracting by manifest.
982 silly tarball no local data for webidl-conversions@https://registry.npmjs.org/webidl-conversions/-/webidl-conversions-8.0.1.tgz. Extracting by manifest.
983 silly tarball no local data for w3c-xmlserializer@https://registry.npmjs.org/w3c-xmlserializer/-/w3c-xmlserializer-5.0.0.tgz. Extracting by manifest.
984 silly tarball no local data for vitefu@https://registry.npmjs.org/vitefu/-/vitefu-1.1.3.tgz. Extracting by manifest.
985 silly tarball no local data for valibot@https://registry.npmjs.org/valibot/-/valibot-1.4.2.tgz. Extracting by manifest.
986 silly tarball no local data for use-sync-external-store@https://registry.npmjs.org/use-sync-external-store/-/use-sync-external-store-1.6.0.tgz. Extracting by manifest.
987 silly tarball no local data for update-browserslist-db@https://registry.npmjs.org/update-browserslist-db/-/update-browserslist-db-1.3.1.tgz. Extracting by manifest.
988 silly tarball no local data for unrs-resolver@https://registry.npmjs.org/unrs-resolver/-/unrs-resolver-1.12.2.tgz. Extracting by manifest.
989 silly tarball no local data for unplugin@https://registry.npmjs.org/unplugin/-/unplugin-3.3.0.tgz. Extracting by manifest.
990 silly tarball no local data for undici-types@https://registry.npmjs.org/undici-types/-/undici-types-6.21.0.tgz. Extracting by manifest.
991 silly tarball no local data for uri-js@https://registry.npmjs.org/uri-js/-/uri-js-4.4.1.tgz. Extracting by manifest.
992 silly tarball no local data for ufo@https://registry.npmjs.org/ufo/-/ufo-1.6.4.tgz. Extracting by manifest.
993 silly tarball no local data for util-deprecate@https://registry.npmjs.org/util-deprecate/-/util-deprecate-1.0.2.tgz. Extracting by manifest.
994 silly tarball no local data for typescript@https://registry.npmjs.org/typescript/-/typescript-6.0.3.tgz. Extracting by manifest.
995 silly tarball no local data for undici@https://registry.npmjs.org/undici/-/undici-7.29.0.tgz. Extracting by manifest.
996 silly tarball no local data for type-check@https://registry.npmjs.org/type-check/-/type-check-0.4.0.tgz. Extracting by manifest.
997 silly tarball no local data for type-fest@https://registry.npmjs.org/type-fest/-/type-fest-5.8.0.tgz. Extracting by manifest.
998 silly tarball no local data for tw-animate-css@https://registry.npmjs.org/tw-animate-css/-/tw-animate-css-1.4.0.tgz. Extracting by manifest.
999 silly tarball no local data for typescript-eslint@https://registry.npmjs.org/typescript-eslint/-/typescript-eslint-8.67.0.tgz. Extracting by manifest.
1000 silly tarball no local data for tsx@https://registry.npmjs.org/tsx/-/tsx-4.23.12.tgz. Extracting by manifest.
1001 silly tarball no local data for tr46@https://registry.npmjs.org/tr46/-/tr46-6.0.0.tgz. Extracting by manifest.
1002 silly tarball no local data for ts-declaration-location@https://registry.npmjs.org/ts-declaration-location/-/ts-declaration-location-1.0.7.tgz. Extracting by manifest.
1003 silly tarball no local data for tslib@https://registry.npmjs.org/tslib/-/tslib-2.8.1.tgz. Extracting by manifest.
1004 silly tarball no local data for ts-api-utils@https://registry.npmjs.org/ts-api-utils/-/ts-api-utils-2.5.0.tgz. Extracting by manifest.
1005 silly tarball no local data for tough-cookie@https://registry.npmjs.org/tough-cookie/-/tough-cookie-6.0.2.tgz. Extracting by manifest.
1006 silly tarball no local data for tldts-core@https://registry.npmjs.org/tldts-core/-/tldts-core-7.4.10.tgz. Extracting by manifest.
1007 silly tarball no local data for tinyglobby@https://registry.npmjs.org/tinyglobby/-/tinyglobby-0.2.17.tgz. Extracting by manifest.
1008 silly tarball no local data for tldts@https://registry.npmjs.org/tldts/-/tldts-7.4.10.tgz. Extracting by manifest.
1009 silly tarball no local data for tinyrainbow@https://registry.npmjs.org/tinyrainbow/-/tinyrainbow-3.1.1.tgz. Extracting by manifest.
1010 silly tarball no local data for tinybench@https://registry.npmjs.org/tinybench/-/tinybench-2.9.0.tgz. Extracting by manifest.
1011 silly tarball no local data for tinyexec@https://registry.npmjs.org/tinyexec/-/tinyexec-1.3.0.tgz. Extracting by manifest.
1012 silly tarball no local data for tapable@https://registry.npmjs.org/tapable/-/tapable-2.3.3.tgz. Extracting by manifest.
1013 silly tarball no local data for tailwind-merge@https://registry.npmjs.org/tailwind-merge/-/tailwind-merge-3.4.0.tgz. Extracting by manifest.
1014 silly tarball no local data for tailwindcss@https://registry.npmjs.org/tailwindcss/-/tailwindcss-4.3.3.tgz. Extracting by manifest.
1015 silly tarball no local data for tailwind-variants@https://registry.npmjs.org/tailwind-variants/-/tailwind-variants-3.3.1.tgz. Extracting by manifest.
1016 silly tarball no local data for supports-color@https://registry.npmjs.org/supports-color/-/supports-color-7.2.0.tgz. Extracting by manifest.
1017 silly tarball no local data for tagged-tag@https://registry.npmjs.org/tagged-tag/-/tagged-tag-1.0.0.tgz. Extracting by manifest.
1018 silly tarball no local data for symbol-tree@https://registry.npmjs.org/symbol-tree/-/symbol-tree-3.2.4.tgz. Extracting by manifest.
1019 silly tarball no local data for strip-ansi@https://registry.npmjs.org/strip-ansi/-/strip-ansi-6.0.1.tgz. Extracting by manifest.
1020 silly tarball no local data for strip-json-comments@https://registry.npmjs.org/strip-json-comments/-/strip-json-comments-3.1.1.tgz. Extracting by manifest.
1021 silly tarball no local data for std-env@https://registry.npmjs.org/std-env/-/std-env-3.10.0.tgz. Extracting by manifest.
1022 silly tarball no local data for string-width@https://registry.npmjs.org/string-width/-/string-width-4.2.3.tgz. Extracting by manifest.
1023 silly tarball no local data for standardwebhooks@https://registry.npmjs.org/standardwebhooks/-/standardwebhooks-1.0.0.tgz. Extracting by manifest.
1024 silly tarball no local data for stackback@https://registry.npmjs.org/stackback/-/stackback-0.0.2.tgz. Extracting by manifest.
1025 silly tarball no local data for stable-hash-x@https://registry.npmjs.org/stable-hash-x/-/stable-hash-x-0.2.0.tgz. Extracting by manifest.
1026 silly tarball no local data for srvx@https://registry.npmjs.org/srvx/-/srvx-0.11.22.tgz. Extracting by manifest.
1027 silly tarball no local data for sqlstring@https://registry.npmjs.org/sqlstring/-/sqlstring-2.3.3.tgz. Extracting by manifest.
1028 silly tarball no local data for split2@https://registry.npmjs.org/split2/-/split2-4.2.0.tgz. Extracting by manifest.
1029 silly tarball no local data for source-map@https://registry.npmjs.org/source-map/-/source-map-0.6.1.tgz. Extracting by manifest.
1030 silly tarball no local data for solid-js@https://registry.npmjs.org/solid-js/-/solid-js-1.9.15.tgz. Extracting by manifest.
1031 silly tarball no local data for signal-exit@https://registry.npmjs.org/signal-exit/-/signal-exit-4.1.0.tgz. Extracting by manifest.
1032 silly tarball no local data for shebang-command@https://registry.npmjs.org/shebang-command/-/shebang-command-2.0.0.tgz. Extracting by manifest.
1033 silly tarball no local data for set-cookie-parser@https://registry.npmjs.org/set-cookie-parser/-/set-cookie-parser-3.1.2.tgz. Extracting by manifest.
1034 silly tarball no local data for shebang-regex@https://registry.npmjs.org/shebang-regex/-/shebang-regex-3.0.0.tgz. Extracting by manifest.
1035 silly tarball no local data for shell-quote@https://registry.npmjs.org/shell-quote/-/shell-quote-1.10.0.tgz. Extracting by manifest.
1036 silly tarball no local data for source-map-js@https://registry.npmjs.org/source-map-js/-/source-map-js-1.2.1.tgz. Extracting by manifest.
1037 silly tarball no local data for siginfo@https://registry.npmjs.org/siginfo/-/siginfo-2.0.0.tgz. Extracting by manifest.
1038 silly tarball no local data for seroval-plugins@https://registry.npmjs.org/seroval-plugins/-/seroval-plugins-1.6.3.tgz. Extracting by manifest.
1039 silly tarball no local data for seroval@https://registry.npmjs.org/seroval/-/seroval-1.6.3.tgz. Extracting by manifest.
1040 silly tarball no local data for seq-queue@https://registry.npmjs.org/seq-queue/-/seq-queue-0.0.5.tgz. Extracting by manifest.
1041 silly tarball no local data for semver@https://registry.npmjs.org/semver/-/semver-6.3.1.tgz. Extracting by manifest.
1042 silly tarball no local data for semifies@https://registry.npmjs.org/semifies/-/semifies-1.0.0.tgz. Extracting by manifest.
1043 silly tarball no local data for scheduler@https://registry.npmjs.org/scheduler/-/scheduler-0.27.0.tgz. Extracting by manifest.
1044 silly tarball no local data for saxes@https://registry.npmjs.org/saxes/-/saxes-6.0.0.tgz. Extracting by manifest.
1045 silly tarball no local data for safe-regex2@https://registry.npmjs.org/safe-regex2/-/safe-regex2-5.1.1.tgz. Extracting by manifest.
1046 silly tarball no local data for rou3@https://registry.npmjs.org/rou3/-/rou3-0.7.12.tgz. Extracting by manifest.
1047 silly tarball no local data for rolldown@https://registry.npmjs.org/rolldown/-/rolldown-1.2.5.tgz. Extracting by manifest.
1048 silly tarball no local data for safer-buffer@https://registry.npmjs.org/safer-buffer/-/safer-buffer-2.1.2.tgz. Extracting by manifest.
1049 silly tarball no local data for retry@https://registry.npmjs.org/retry/-/retry-0.12.0.tgz. Extracting by manifest.
1050 silly tarball no local data for ret@https://registry.npmjs.org/ret/-/ret-0.5.0.tgz. Extracting by manifest.
1051 silly tarball no local data for resend@https://registry.npmjs.org/resend/-/resend-6.13.0.tgz. Extracting by manifest.
1052 silly tarball no local data for require-in-the-middle@https://registry.npmjs.org/require-in-the-middle/-/require-in-the-middle-8.0.1.tgz. Extracting by manifest.
1053 silly tarball no local data for resolve-pkg-maps@https://registry.npmjs.org/resolve-pkg-maps/-/resolve-pkg-maps-1.0.0.tgz. Extracting by manifest.
1054 silly tarball no local data for resolve-from@https://registry.npmjs.org/resolve-from/-/resolve-from-4.0.0.tgz. Extracting by manifest.
1055 silly tarball no local data for require-from-string@https://registry.npmjs.org/require-from-string/-/require-from-string-2.0.2.tgz. Extracting by manifest.
1056 silly tarball no local data for require-directory@https://registry.npmjs.org/require-directory/-/require-directory-2.1.1.tgz. Extracting by manifest.
1057 silly tarball no local data for remeda@https://registry.npmjs.org/remeda/-/remeda-2.33.4.tgz. Extracting by manifest.
1058 silly tarball no local data for robust-predicates@https://registry.npmjs.org/robust-predicates/-/robust-predicates-3.0.3.tgz. Extracting by manifest.
1059 silly tarball no local data for readdirp@https://registry.npmjs.org/readdirp/-/readdirp-5.1.1.tgz. Extracting by manifest.
1060 silly tarball no local data for react-is@https://registry.npmjs.org/react-is/-/react-is-17.0.2.tgz. Extracting by manifest.
1061 silly tarball no local data for react-icons@https://registry.npmjs.org/react-icons/-/react-icons-5.6.0.tgz. Extracting by manifest.
1062 silly tarball no local data for react-stately@https://registry.npmjs.org/react-stately/-/react-stately-3.49.0.tgz. Extracting by manifest.
1063 silly tarball no local data for react-transition-group@https://registry.npmjs.org/react-transition-group/-/react-transition-group-4.4.5.tgz. Extracting by manifest.
1064 silly tarball no local data for react-hook-form@https://registry.npmjs.org/react-hook-form/-/react-hook-form-7.79.0.tgz. Extracting by manifest.
1065 silly tarball no local data for react-dom@https://registry.npmjs.org/react-dom/-/react-dom-19.2.8.tgz. Extracting by manifest.
1066 silly tarball no local data for react-aria-components@https://registry.npmjs.org/react-aria-components/-/react-aria-components-1.20.0.tgz. Extracting by manifest.
1067 silly tarball no local data for rc9@https://registry.npmjs.org/rc9/-/rc9-3.0.1.tgz. Extracting by manifest.
1068 silly tarball no local data for react-aria@https://registry.npmjs.org/react-aria/-/react-aria-3.51.0.tgz. Extracting by manifest.
1069 silly tarball no local data for react@https://registry.npmjs.org/react/-/react-19.2.8.tgz. Extracting by manifest.
1070 silly tarball no local data for radash@https://registry.npmjs.org/radash/-/radash-12.1.1.tgz. Extracting by manifest.
1071 silly tarball no local data for punycode@https://registry.npmjs.org/punycode/-/punycode-2.3.1.tgz. Extracting by manifest.
1072 silly tarball no local data for proxy-from-env@https://registry.npmjs.org/proxy-from-env/-/proxy-from-env-1.1.0.tgz. Extracting by manifest.
1073 silly tarball no local data for progress@https://registry.npmjs.org/progress/-/progress-2.0.3.tgz. Extracting by manifest.
1074 silly tarball no local data for proper-lockfile@https://registry.npmjs.org/proper-lockfile/-/proper-lockfile-4.1.2.tgz. Extracting by manifest.
1075 silly tarball no local data for prisma@https://registry.npmjs.org/prisma/-/prisma-7.9.1.tgz. Extracting by manifest.
1076 silly tarball no local data for pretty-format@https://registry.npmjs.org/pretty-format/-/pretty-format-27.5.1.tgz. Extracting by manifest.
1077 silly tarball no local data for prop-types@https://registry.npmjs.org/prop-types/-/prop-types-15.8.1.tgz. Extracting by manifest.
1078 silly tarball no local data for prelude-ls@https://registry.npmjs.org/prelude-ls/-/prelude-ls-1.2.1.tgz. Extracting by manifest.
1079 silly tarball no local data for postgres-interval@https://registry.npmjs.org/postgres-interval/-/postgres-interval-1.2.0.tgz. Extracting by manifest.
1080 silly tarball no local data for prettier@https://registry.npmjs.org/prettier/-/prettier-3.9.6.tgz. Extracting by manifest.
1081 silly tarball no local data for postgres-array@https://registry.npmjs.org/postgres-array/-/postgres-array-3.0.4.tgz. Extracting by manifest.
1082 silly tarball no local data for postgres-date@https://registry.npmjs.org/postgres-date/-/postgres-date-1.0.7.tgz. Extracting by manifest.
1083 silly tarball no local data for postgres-bytea@https://registry.npmjs.org/postgres-bytea/-/postgres-bytea-1.0.1.tgz. Extracting by manifest.
1084 silly tarball no local data for postcss-selector-parser@https://registry.npmjs.org/postcss-selector-parser/-/postcss-selector-parser-6.0.10.tgz. Extracting by manifest.
1085 silly tarball no local data for pure-rand@https://registry.npmjs.org/pure-rand/-/pure-rand-6.1.0.tgz. Extracting by manifest.
1086 silly tarball no local data for postal-mime@https://registry.npmjs.org/postal-mime/-/postal-mime-2.7.4.tgz. Extracting by manifest.
1087 silly tarball no local data for postgres@https://registry.npmjs.org/postgres/-/postgres-3.4.7.tgz. Extracting by manifest.
1088 silly tarball no local data for postcss@https://registry.npmjs.org/postcss/-/postcss-8.5.26.tgz. Extracting by manifest.
1089 silly tarball no local data for pgpass@https://registry.npmjs.org/pgpass/-/pgpass-1.0.5.tgz. Extracting by manifest.
1090 silly tarball no local data for picocolors@https://registry.npmjs.org/picocolors/-/picocolors-1.1.1.tgz. Extracting by manifest.
1091 silly tarball no local data for pg-types@https://registry.npmjs.org/pg-types/-/pg-types-2.2.0.tgz. Extracting by manifest.
1092 silly tarball no local data for pg-protocol@https://registry.npmjs.org/pg-protocol/-/pg-protocol-1.16.0.tgz. Extracting by manifest.
1093 silly tarball no local data for pkg-types@https://registry.npmjs.org/pkg-types/-/pkg-types-2.3.1.tgz. Extracting by manifest.
1094 silly tarball no local data for pg-connection-string@https://registry.npmjs.org/pg-connection-string/-/pg-connection-string-2.14.0.tgz. Extracting by manifest.
1095 silly tarball no local data for picomatch@https://registry.npmjs.org/picomatch/-/picomatch-4.0.5.tgz. Extracting by manifest.
1096 silly tarball no local data for pg-cloudflare@https://registry.npmjs.org/pg-cloudflare/-/pg-cloudflare-1.4.0.tgz. Extracting by manifest.
1097 silly tarball no local data for pg@https://registry.npmjs.org/pg/-/pg-8.23.0.tgz. Extracting by manifest.
1098 silly tarball no local data for pathe@https://registry.npmjs.org/pathe/-/pathe-2.0.3.tgz. Extracting by manifest.
1099 silly tarball no local data for pg-int8@https://registry.npmjs.org/pg-int8/-/pg-int8-1.0.1.tgz. Extracting by manifest.
1100 silly tarball no local data for parse5@https://registry.npmjs.org/parse5/-/parse5-8.0.1.tgz. Extracting by manifest.
1101 silly tarball no local data for perfect-debounce@https://registry.npmjs.org/perfect-debounce/-/perfect-debounce-2.1.0.tgz. Extracting by manifest.
1102 silly tarball no local data for path-exists@https://registry.npmjs.org/path-exists/-/path-exists-4.0.0.tgz. Extracting by manifest.
1103 silly tarball no local data for parent-module@https://registry.npmjs.org/parent-module/-/parent-module-1.0.1.tgz. Extracting by manifest.
1104 silly tarball no local data for path-scurry@https://registry.npmjs.org/path-scurry/-/path-scurry-2.0.2.tgz. Extracting by manifest.
1105 silly tarball no local data for p-limit@https://registry.npmjs.org/p-limit/-/p-limit-3.1.0.tgz. Extracting by manifest.
1106 silly tarball no local data for path-key@https://registry.npmjs.org/path-key/-/path-key-3.1.1.tgz. Extracting by manifest.
1107 silly tarball no local data for oxc-parser@https://registry.npmjs.org/oxc-parser/-/oxc-parser-0.120.0.tgz. Extracting by manifest.
1108 silly tarball no local data for openapi-types@https://registry.npmjs.org/openapi-types/-/openapi-types-12.1.3.tgz. Extracting by manifest.
1109 silly tarball no local data for ohash@https://registry.npmjs.org/ohash/-/ohash-2.0.12.tgz. Extracting by manifest.
1110 silly tarball no local data for optionator@https://registry.npmjs.org/optionator/-/optionator-0.9.4.tgz. Extracting by manifest.
1111 silly tarball no local data for obug@https://registry.npmjs.org/obug/-/obug-2.1.4.tgz. Extracting by manifest.
1112 silly tarball no local data for node-releases@https://registry.npmjs.org/node-releases/-/node-releases-2.0.53.tgz. Extracting by manifest.
1113 silly tarball no local data for p-locate@https://registry.npmjs.org/p-locate/-/p-locate-5.0.0.tgz. Extracting by manifest.
1114 silly tarball no local data for object-assign@https://registry.npmjs.org/object-assign/-/object-assign-4.1.1.tgz. Extracting by manifest.
1115 silly tarball no local data for node-fetch@https://registry.npmjs.org/node-fetch/-/node-fetch-2.7.0.tgz. Extracting by manifest.
1116 silly tarball no local data for napi-postinstall@https://registry.npmjs.org/napi-postinstall/-/napi-postinstall-0.3.4.tgz. Extracting by manifest.
1117 silly tarball no local data for nanostores@https://registry.npmjs.org/nanostores/-/nanostores-1.5.2.tgz. Extracting by manifest.
1118 silly tarball no local data for natural-compare@https://registry.npmjs.org/natural-compare/-/natural-compare-1.4.0.tgz. Extracting by manifest.
1119 silly tarball no local data for ms@https://registry.npmjs.org/ms/-/ms-2.1.3.tgz. Extracting by manifest.
1120 silly tarball no local data for module-details-from-path@https://registry.npmjs.org/module-details-from-path/-/module-details-from-path-1.0.4.tgz. Extracting by manifest.
1121 silly tarball no local data for named-placeholders@https://registry.npmjs.org/named-placeholders/-/named-placeholders-1.1.6.tgz. Extracting by manifest.
1122 silly tarball no local data for minimist@https://registry.npmjs.org/minimist/-/minimist-1.2.8.tgz. Extracting by manifest.
1123 silly tarball no local data for minimatch@https://registry.npmjs.org/minimatch/-/minimatch-3.1.5.tgz. Extracting by manifest.
1124 silly tarball no local data for mysql2@https://registry.npmjs.org/mysql2/-/mysql2-3.15.3.tgz. Extracting by manifest.
1125 silly tarball no local data for minipass@https://registry.npmjs.org/minipass/-/minipass-7.1.3.tgz. Extracting by manifest.
1126 silly tarball no local data for mdn-data@https://registry.npmjs.org/mdn-data/-/mdn-data-2.27.1.tgz. Extracting by manifest.
1127 silly tarball no local data for magic-string@https://registry.npmjs.org/magic-string/-/magic-string-0.30.21.tgz. Extracting by manifest.
1128 silly tarball no local data for meriyah@https://registry.npmjs.org/meriyah/-/meriyah-6.1.4.tgz. Extracting by manifest.
1129 silly tarball no local data for lz-string@https://registry.npmjs.org/lz-string/-/lz-string-1.5.0.tgz. Extracting by manifest.
1130 silly tarball no local data for lru-cache@https://registry.npmjs.org/lru-cache/-/lru-cache-5.1.1.tgz. Extracting by manifest.
1131 silly tarball no local data for lucide-react@https://registry.npmjs.org/lucide-react/-/lucide-react-0.545.0.tgz. Extracting by manifest.
1132 silly tarball no local data for lru.min@https://registry.npmjs.org/lru.min/-/lru.min-1.1.4.tgz. Extracting by manifest.
1133 silly tarball no local data for pg-pool@https://registry.npmjs.org/pg-pool/-/pg-pool-3.14.0.tgz. Extracting by manifest.
1134 silly tarball no local data for nanoid@https://registry.npmjs.org/nanoid/-/nanoid-3.3.18.tgz. Extracting by manifest.
1135 silly tarball no local data for lodash.merge@https://registry.npmjs.org/lodash.merge/-/lodash.merge-4.6.2.tgz. Extracting by manifest.
1136 silly tarball no local data for long@https://registry.npmjs.org/long/-/long-5.3.2.tgz. Extracting by manifest.
1137 silly tarball no local data for locate-path@https://registry.npmjs.org/locate-path/-/locate-path-6.0.0.tgz. Extracting by manifest.
1138 silly tarball no local data for loose-envify@https://registry.npmjs.org/loose-envify/-/loose-envify-1.4.0.tgz. Extracting by manifest.
1139 silly tarball no local data for lodash@https://registry.npmjs.org/lodash/-/lodash-4.18.1.tgz. Extracting by manifest.
1140 silly tarball no local data for levn@https://registry.npmjs.org/levn/-/levn-0.4.1.tgz. Extracting by manifest.
1141 silly tarball no local data for lightningcss-linux-x64-gnu@https://registry.npmjs.org/lightningcss-linux-x64-gnu/-/lightningcss-linux-x64-gnu-1.32.0.tgz. Extracting by manifest.
1142 silly tarball no local data for keyv@https://registry.npmjs.org/keyv/-/keyv-4.5.4.tgz. Extracting by manifest.
1143 silly tarball no local data for launch-editor@https://registry.npmjs.org/launch-editor/-/launch-editor-2.14.1.tgz. Extracting by manifest.
1144 silly tarball no local data for json5@https://registry.npmjs.org/json5/-/json5-2.2.3.tgz. Extracting by manifest.
1145 silly tarball no local data for kysely@https://registry.npmjs.org/kysely/-/kysely-0.29.5.tgz. Extracting by manifest.
1146 silly tarball no local data for json-stable-stringify-without-jsonify@https://registry.npmjs.org/json-stable-stringify-without-jsonify/-/json-stable-stringify-without-jsonify-1.0.1.tgz. Extracting by manifest.
1147 silly tarball no local data for json-buffer@https://registry.npmjs.org/json-buffer/-/json-buffer-3.0.1.tgz. Extracting by manifest.
1148 silly tarball no local data for json-schema-typed@https://registry.npmjs.org/json-schema-typed/-/json-schema-typed-8.0.2.tgz. Extracting by manifest.
1149 silly tarball no local data for jsesc@https://registry.npmjs.org/jsesc/-/jsesc-3.1.0.tgz. Extracting by manifest.
1150 silly tarball no local data for js-yaml@https://registry.npmjs.org/js-yaml/-/js-yaml-4.3.1.tgz. Extracting by manifest.
1151 silly tarball no local data for json-schema-traverse@https://registry.npmjs.org/json-schema-traverse/-/json-schema-traverse-0.4.1.tgz. Extracting by manifest.
1152 silly tarball no local data for js-tokens@https://registry.npmjs.org/js-tokens/-/js-tokens-4.0.0.tgz. Extracting by manifest.
1153 silly tarball no local data for jose@https://registry.npmjs.org/jose/-/jose-6.2.10.tgz. Extracting by manifest.
1154 silly tarball no local data for isexe@https://registry.npmjs.org/isexe/-/isexe-2.0.0.tgz. Extracting by manifest.
1155 silly tarball no local data for jsdom@https://registry.npmjs.org/jsdom/-/jsdom-28.1.0.tgz. Extracting by manifest.
1156 silly tarball no local data for isbot@https://registry.npmjs.org/isbot/-/isbot-5.2.1.tgz. Extracting by manifest.
1157 silly tarball no local data for lightningcss@https://registry.npmjs.org/lightningcss/-/lightningcss-1.32.0.tgz. Extracting by manifest.
1158 silly tarball no local data for jiti@https://registry.npmjs.org/jiti/-/jiti-2.7.0.tgz. Extracting by manifest.
1159 silly tarball no local data for is-potential-custom-element-name@https://registry.npmjs.org/is-potential-custom-element-name/-/is-potential-custom-element-name-1.0.1.tgz. Extracting by manifest.
1160 silly tarball no local data for is-extglob@https://registry.npmjs.org/is-extglob/-/is-extglob-2.1.1.tgz. Extracting by manifest.
1161 silly tarball no local data for is-property@https://registry.npmjs.org/is-property/-/is-property-1.0.2.tgz. Extracting by manifest.
1162 silly tarball no local data for is-fullwidth-code-point@https://registry.npmjs.org/is-fullwidth-code-point/-/is-fullwidth-code-point-3.0.0.tgz. Extracting by manifest.
1163 silly tarball no local data for intl-messageformat@https://registry.npmjs.org/intl-messageformat/-/intl-messageformat-10.7.18.tgz. Extracting by manifest.
1164 silly tarball no local data for internmap@https://registry.npmjs.org/internmap/-/internmap-2.0.3.tgz. Extracting by manifest.
1165 silly tarball no local data for input-otp@https://registry.npmjs.org/input-otp/-/input-otp-1.4.2.tgz. Extracting by manifest.
1166 silly tarball no local data for is-glob@https://registry.npmjs.org/is-glob/-/is-glob-4.0.3.tgz. Extracting by manifest.
1167 silly tarball no local data for import-in-the-middle@https://registry.npmjs.org/import-in-the-middle/-/import-in-the-middle-3.3.3.tgz. Extracting by manifest.
1168 silly tarball no local data for import-fresh@https://registry.npmjs.org/import-fresh/-/import-fresh-3.3.1.tgz. Extracting by manifest.
1169 silly tarball no local data for ignore@https://registry.npmjs.org/ignore/-/ignore-5.3.2.tgz. Extracting by manifest.
1170 silly tarball no local data for iconv-lite@https://registry.npmjs.org/iconv-lite/-/iconv-lite-0.7.3.tgz. Extracting by manifest.
1171 silly tarball no local data for https-proxy-agent@https://registry.npmjs.org/https-proxy-agent/-/https-proxy-agent-5.0.1.tgz. Extracting by manifest.
1172 silly tarball no local data for imurmurhash@https://registry.npmjs.org/imurmurhash/-/imurmurhash-0.1.4.tgz. Extracting by manifest.
1173 silly tarball no local data for http-proxy-agent@https://registry.npmjs.org/http-proxy-agent/-/http-proxy-agent-7.0.2.tgz. Extracting by manifest.
1174 silly tarball no local data for html-encoding-sniffer@https://registry.npmjs.org/html-encoding-sniffer/-/html-encoding-sniffer-6.0.0.tgz. Extracting by manifest.
1175 silly tarball no local data for has-flag@https://registry.npmjs.org/has-flag/-/has-flag-4.0.0.tgz. Extracting by manifest.
1176 silly tarball no local data for graphmatch@https://registry.npmjs.org/graphmatch/-/graphmatch-1.1.1.tgz. Extracting by manifest.
1177 silly tarball no local data for h3-v2@https://registry.npmjs.org/h3/-/h3-2.0.1-rc.20.tgz. Extracting by manifest.
1178 silly tarball no local data for grammex@https://registry.npmjs.org/grammex/-/grammex-3.1.13.tgz. Extracting by manifest.
1179 silly tarball no local data for graceful-fs@https://registry.npmjs.org/graceful-fs/-/graceful-fs-4.2.11.tgz. Extracting by manifest.
1180 silly tarball no local data for goober@https://registry.npmjs.org/goober/-/goober-2.1.19.tgz. Extracting by manifest.
1181 silly tarball no local data for glob-parent@https://registry.npmjs.org/glob-parent/-/glob-parent-6.0.2.tgz. Extracting by manifest.
1182 silly tarball no local data for globals@https://registry.npmjs.org/globals/-/globals-17.11.0.tgz. Extracting by manifest.
1183 silly tarball no local data for globrex@https://registry.npmjs.org/globrex/-/globrex-0.1.2.tgz. Extracting by manifest.
1184 silly tarball no local data for get-port-please@https://registry.npmjs.org/get-port-please/-/get-port-please-3.2.0.tgz. Extracting by manifest.
1185 silly tarball no local data for get-caller-file@https://registry.npmjs.org/get-caller-file/-/get-caller-file-2.0.5.tgz. Extracting by manifest.
1186 silly tarball no local data for generate-function@https://registry.npmjs.org/generate-function/-/generate-function-2.3.1.tgz. Extracting by manifest.
1187 silly tarball no local data for foreground-child@https://registry.npmjs.org/foreground-child/-/foreground-child-3.3.1.tgz. Extracting by manifest.
1188 silly tarball no local data for glob@https://registry.npmjs.org/glob/-/glob-13.0.6.tgz. Extracting by manifest.
1189 silly tarball no local data for gensync@https://registry.npmjs.org/gensync/-/gensync-1.0.0-beta.2.tgz. Extracting by manifest.
1190 silly tarball no local data for flat-cache@https://registry.npmjs.org/flat-cache/-/flat-cache-4.0.1.tgz. Extracting by manifest.
1191 silly tarball no local data for flatted@https://registry.npmjs.org/flatted/-/flatted-3.4.4.tgz. Extracting by manifest.
1192 silly tarball no local data for file-entry-cache@https://registry.npmjs.org/file-entry-cache/-/file-entry-cache-8.0.0.tgz. Extracting by manifest.
1193 silly tarball no local data for giget@https://registry.npmjs.org/giget/-/giget-3.3.1.tgz. Extracting by manifest.
1194 silly tarball no local data for fdir@https://registry.npmjs.org/fdir/-/fdir-6.5.0.tgz. Extracting by manifest.
1195 silly tarball no local data for fast-uri@https://registry.npmjs.org/fast-uri/-/fast-uri-3.1.5.tgz. Extracting by manifest.
1196 silly tarball no local data for get-tsconfig@https://registry.npmjs.org/get-tsconfig/-/get-tsconfig-4.14.3.tgz. Extracting by manifest.
1197 silly tarball no local data for find-my-way@https://registry.npmjs.org/find-my-way/-/find-my-way-9.7.0.tgz. Extracting by manifest.
1198 silly tarball no local data for fast-querystring@https://registry.npmjs.org/fast-querystring/-/fast-querystring-1.1.2.tgz. Extracting by manifest.
1199 silly tarball no local data for find-up@https://registry.npmjs.org/find-up/-/find-up-5.0.0.tgz. Extracting by manifest.
1200 silly tarball no local data for fast-levenshtein@https://registry.npmjs.org/fast-levenshtein/-/fast-levenshtein-2.0.6.tgz. Extracting by manifest.
1201 silly tarball no local data for fast-deep-equal@https://registry.npmjs.org/fast-deep-equal/-/fast-deep-equal-3.1.3.tgz. Extracting by manifest.
1202 silly tarball no local data for fast-check@https://registry.npmjs.org/fast-check/-/fast-check-3.23.2.tgz. Extracting by manifest.
1203 silly tarball no local data for fetchdts@https://registry.npmjs.org/fetchdts/-/fetchdts-0.1.7.tgz. Extracting by manifest.
1204 silly tarball no local data for fast-decode-uri-component@https://registry.npmjs.org/fast-decode-uri-component/-/fast-decode-uri-component-1.0.1.tgz. Extracting by manifest.
1205 silly tarball no local data for fast-sha256@https://registry.npmjs.org/fast-sha256/-/fast-sha256-1.3.0.tgz. Extracting by manifest.
1206 silly tarball no local data for exsolve@https://registry.npmjs.org/exsolve/-/exsolve-1.1.1.tgz. Extracting by manifest.
1207 silly tarball no local data for fast-json-stable-stringify@https://registry.npmjs.org/fast-json-stable-stringify/-/fast-json-stable-stringify-2.1.0.tgz. Extracting by manifest.
1208 silly tarball no local data for estraverse@https://registry.npmjs.org/estraverse/-/estraverse-5.3.0.tgz. Extracting by manifest.
1209 silly tarball no local data for estree-walker@https://registry.npmjs.org/estree-walker/-/estree-walker-3.0.3.tgz. Extracting by manifest.
1210 silly tarball no local data for esutils@https://registry.npmjs.org/esutils/-/esutils-2.0.3.tgz. Extracting by manifest.
1211 silly tarball no local data for esrecurse@https://registry.npmjs.org/esrecurse/-/esrecurse-4.3.0.tgz. Extracting by manifest.
1212 silly tarball no local data for expect-type@https://registry.npmjs.org/expect-type/-/expect-type-1.4.0.tgz. Extracting by manifest.
1213 silly tarball no local data for esquery@https://registry.npmjs.org/esquery/-/esquery-1.7.0.tgz. Extracting by manifest.
1214 silly tarball no local data for espree@https://registry.npmjs.org/espree/-/espree-10.4.0.tgz. Extracting by manifest.
1215 silly tarball no local data for eslint-visitor-keys@https://registry.npmjs.org/eslint-visitor-keys/-/eslint-visitor-keys-4.2.1.tgz. Extracting by manifest.
1216 silly tarball no local data for eslint-scope@https://registry.npmjs.org/eslint-scope/-/eslint-scope-8.4.0.tgz. Extracting by manifest.
1217 silly tarball no local data for eslint-plugin-es-x@https://registry.npmjs.org/eslint-plugin-es-x/-/eslint-plugin-es-x-7.8.0.tgz. Extracting by manifest.
1218 silly tarball no local data for eslint-plugin-n@https://registry.npmjs.org/eslint-plugin-n/-/eslint-plugin-n-17.24.0.tgz. Extracting by manifest.
1219 silly tarball no local data for eslint-plugin-import-x@https://registry.npmjs.org/eslint-plugin-import-x/-/eslint-plugin-import-x-4.17.1.tgz. Extracting by manifest.
1220 silly tarball no local data for eslint-import-context@https://registry.npmjs.org/eslint-import-context/-/eslint-import-context-0.1.9.tgz. Extracting by manifest.
1221 silly tarball no local data for escape-string-regexp@https://registry.npmjs.org/escape-string-regexp/-/escape-string-regexp-5.0.0.tgz. Extracting by manifest.
1222 silly tarball no local data for escalade@https://registry.npmjs.org/escalade/-/escalade-3.2.0.tgz. Extracting by manifest.
1223 silly tarball no local data for es-module-lexer@https://registry.npmjs.org/es-module-lexer/-/es-module-lexer-2.3.2.tgz. Extracting by manifest.
1224 silly tarball no local data for esbuild@https://registry.npmjs.org/esbuild/-/esbuild-0.28.2.tgz. Extracting by manifest.
1225 silly tarball no local data for eslint-compat-utils@https://registry.npmjs.org/eslint-compat-utils/-/eslint-compat-utils-0.5.1.tgz. Extracting by manifest.
1226 silly tarball no local data for entities@https://registry.npmjs.org/entities/-/entities-8.0.0.tgz. Extracting by manifest.
1227 silly tarball no local data for enhanced-resolve@https://registry.npmjs.org/enhanced-resolve/-/enhanced-resolve-5.24.5.tgz. Extracting by manifest.
1228 silly tarball no local data for eslint@https://registry.npmjs.org/eslint/-/eslint-9.39.5.tgz. Extracting by manifest.
1229 silly tarball no local data for env-paths@https://registry.npmjs.org/env-paths/-/env-paths-3.0.0.tgz. Extracting by manifest.
1230 silly tarball no local data for elkjs@https://registry.npmjs.org/elkjs/-/elkjs-0.11.1.tgz. Extracting by manifest.
1231 silly tarball no local data for electron-to-chromium@https://registry.npmjs.org/electron-to-chromium/-/electron-to-chromium-1.5.412.tgz. Extracting by manifest.
1232 silly tarball no local data for empathic@https://registry.npmjs.org/empathic/-/empathic-2.0.0.tgz. Extracting by manifest.
1233 silly tarball no local data for effect@https://registry.npmjs.org/effect/-/effect-3.20.0.tgz. Extracting by manifest.
1234 silly tarball no local data for dotenv-cli@https://registry.npmjs.org/dotenv-cli/-/dotenv-cli-11.0.0.tgz. Extracting by manifest.
1235 silly tarball no local data for dotenv@https://registry.npmjs.org/dotenv/-/dotenv-17.4.2.tgz. Extracting by manifest.
1236 silly tarball no local data for dom-accessibility-api@https://registry.npmjs.org/dom-accessibility-api/-/dom-accessibility-api-0.5.16.tgz. Extracting by manifest.
1237 silly tarball no local data for dom-helpers@https://registry.npmjs.org/dom-helpers/-/dom-helpers-5.2.1.tgz. Extracting by manifest.
1238 silly tarball no local data for dodopayments@https://registry.npmjs.org/dodopayments/-/dodopayments-2.44.0.tgz. Extracting by manifest.
1239 silly tarball no local data for diff@https://registry.npmjs.org/diff/-/diff-8.0.4.tgz. Extracting by manifest.
1240 silly tarball no local data for dequal@https://registry.npmjs.org/dequal/-/dequal-2.0.3.tgz. Extracting by manifest.
1241 silly tarball no local data for detect-libc@https://registry.npmjs.org/detect-libc/-/detect-libc-2.1.2.tgz. Extracting by manifest.
1242 silly tarball no local data for dotenv-expand@https://registry.npmjs.org/dotenv-expand/-/dotenv-expand-12.0.3.tgz. Extracting by manifest.
1243 silly tarball no local data for denque@https://registry.npmjs.org/denque/-/denque-2.1.0.tgz. Extracting by manifest.
1244 silly tarball no local data for destr@https://registry.npmjs.org/destr/-/destr-2.0.5.tgz. Extracting by manifest.
1245 silly tarball no local data for deep-is@https://registry.npmjs.org/deep-is/-/deep-is-0.1.4.tgz. Extracting by manifest.
1246 silly tarball no local data for delaunator@https://registry.npmjs.org/delaunator/-/delaunator-5.1.0.tgz. Extracting by manifest.
1247 silly tarball no local data for emoji-regex@https://registry.npmjs.org/emoji-regex/-/emoji-regex-8.0.0.tgz. Extracting by manifest.
1248 silly tarball no local data for defu@https://registry.npmjs.org/defu/-/defu-6.1.7.tgz. Extracting by manifest.
1249 silly tarball no local data for decimal.js@https://registry.npmjs.org/decimal.js/-/decimal.js-10.6.0.tgz. Extracting by manifest.
1250 silly tarball no local data for debug@https://registry.npmjs.org/debug/-/debug-4.4.3.tgz. Extracting by manifest.
1251 silly tarball no local data for d3-time-format@https://registry.npmjs.org/d3-time-format/-/d3-time-format-4.1.0.tgz. Extracting by manifest.
1252 silly tarball no local data for deepmerge-ts@https://registry.npmjs.org/deepmerge-ts/-/deepmerge-ts-7.1.5.tgz. Extracting by manifest.
1253 silly tarball no local data for dayjs@https://registry.npmjs.org/dayjs/-/dayjs-1.11.23.tgz. Extracting by manifest.
1254 silly tarball no local data for d3-time@https://registry.npmjs.org/d3-time/-/d3-time-3.1.0.tgz. Extracting by manifest.
1255 silly tarball no local data for data-urls@https://registry.npmjs.org/data-urls/-/data-urls-7.0.0.tgz. Extracting by manifest.
1256 silly tarball no local data for d3-scale@https://registry.npmjs.org/d3-scale/-/d3-scale-4.0.2.tgz. Extracting by manifest.
1257 silly tarball no local data for d3-shape@https://registry.npmjs.org/d3-shape/-/d3-shape-3.2.0.tgz. Extracting by manifest.
1258 silly tarball no local data for d3-format@https://registry.npmjs.org/d3-format/-/d3-format-3.1.0.tgz. Extracting by manifest.
1259 silly tarball no local data for d3-path@https://registry.npmjs.org/d3-path/-/d3-path-3.1.0.tgz. Extracting by manifest.
1260 silly tarball no local data for d3-geo@https://registry.npmjs.org/d3-geo/-/d3-geo-3.1.0.tgz. Extracting by manifest.
1261 silly tarball no local data for d3-delaunay@https://registry.npmjs.org/d3-delaunay/-/d3-delaunay-6.0.2.tgz. Extracting by manifest.
1262 silly tarball no local data for d3-color@https://registry.npmjs.org/d3-color/-/d3-color-3.1.0.tgz. Extracting by manifest.
1263 silly tarball no local data for d3-interpolate@https://registry.npmjs.org/d3-interpolate/-/d3-interpolate-3.0.1.tgz. Extracting by manifest.
1264 silly tarball no local data for csstype@https://registry.npmjs.org/csstype/-/csstype-3.2.3.tgz. Extracting by manifest.
1265 silly tarball no local data for cssesc@https://registry.npmjs.org/cssesc/-/cssesc-3.0.0.tgz. Extracting by manifest.
1266 silly tarball no local data for cross-spawn@https://registry.npmjs.org/cross-spawn/-/cross-spawn-7.0.6.tgz. Extracting by manifest.
1267 silly tarball no local data for d3-array@https://registry.npmjs.org/d3-array/-/d3-array-3.2.4.tgz. Extracting by manifest.
1268 silly tarball no local data for cookie-es@https://registry.npmjs.org/cookie-es/-/cookie-es-3.1.1.tgz. Extracting by manifest.
1269 silly tarball no local data for cookie@https://registry.npmjs.org/cookie/-/cookie-1.1.1.tgz. Extracting by manifest.
1270 silly tarball no local data for cssstyle@https://registry.npmjs.org/cssstyle/-/cssstyle-6.2.0.tgz. Extracting by manifest.
1271 silly tarball no local data for confbox@https://registry.npmjs.org/confbox/-/confbox-0.2.4.tgz. Extracting by manifest.
1272 silly tarball no local data for concat-map@https://registry.npmjs.org/concat-map/-/concat-map-0.0.1.tgz. Extracting by manifest.
1273 silly tarball no local data for css-tree@https://registry.npmjs.org/css-tree/-/css-tree-3.2.1.tgz. Extracting by manifest.
1274 silly tarball no local data for comment-parser@https://registry.npmjs.org/comment-parser/-/comment-parser-1.4.8.tgz. Extracting by manifest.
1275 silly tarball no local data for color-name@https://registry.npmjs.org/color-name/-/color-name-1.1.4.tgz. Extracting by manifest.
1276 silly tarball no local data for convert-source-map@https://registry.npmjs.org/convert-source-map/-/convert-source-map-2.0.0.tgz. Extracting by manifest.
1277 silly tarball no local data for color-convert@https://registry.npmjs.org/color-convert/-/color-convert-2.0.1.tgz. Extracting by manifest.
1278 silly tarball no local data for cliui@https://registry.npmjs.org/cliui/-/cliui-8.0.1.tgz. Extracting by manifest.
1279 silly tarball no local data for client-only@https://registry.npmjs.org/client-only/-/client-only-0.0.1.tgz. Extracting by manifest.
1280 silly tarball no local data for clsx@https://registry.npmjs.org/clsx/-/clsx-2.1.1.tgz. Extracting by manifest.
1281 silly tarball no local data for chokidar@https://registry.npmjs.org/chokidar/-/chokidar-5.0.0.tgz. Extracting by manifest.
1282 silly tarball no local data for classnames@https://registry.npmjs.org/classnames/-/classnames-2.5.1.tgz. Extracting by manifest.
1283 silly tarball no local data for cjs-module-lexer@https://registry.npmjs.org/cjs-module-lexer/-/cjs-module-lexer-2.2.1.tgz. Extracting by manifest.
1284 silly tarball no local data for chalk@https://registry.npmjs.org/chalk/-/chalk-5.6.2.tgz. Extracting by manifest.
1285 silly tarball no local data for chai@https://registry.npmjs.org/chai/-/chai-6.2.2.tgz. Extracting by manifest.
1286 silly tarball no local data for c12@https://registry.npmjs.org/c12/-/c12-3.3.4.tgz. Extracting by manifest.
1287 silly tarball no local data for better-auth@https://registry.npmjs.org/better-auth/-/better-auth-1.7.1.tgz. Extracting by manifest.
1288 silly tarball no local data for caniuse-lite@https://registry.npmjs.org/caniuse-lite/-/caniuse-lite-1.0.30001809.tgz. Extracting by manifest.
1289 silly tarball no local data for browserslist@https://registry.npmjs.org/browserslist/-/browserslist-4.28.8.tgz. Extracting by manifest.
1290 silly tarball no local data for callsites@https://registry.npmjs.org/callsites/-/callsites-3.1.0.tgz. Extracting by manifest.
1291 silly tarball no local data for bidi-js@https://registry.npmjs.org/bidi-js/-/bidi-js-1.0.3.tgz. Extracting by manifest.
1292 silly tarball no local data for babel-dead-code-elimination@https://registry.npmjs.org/babel-dead-code-elimination/-/babel-dead-code-elimination-1.0.12.tgz. Extracting by manifest.
1293 silly tarball no local data for better-result@https://registry.npmjs.org/better-result/-/better-result-2.10.0.tgz. Extracting by manifest.
1294 silly tarball no local data for better-call@https://registry.npmjs.org/better-call/-/better-call-1.4.0.tgz. Extracting by manifest.
1295 silly tarball no local data for astring@https://registry.npmjs.org/astring/-/astring-1.9.0.tgz. Extracting by manifest.
1296 silly tarball no local data for baseline-browser-mapping@https://registry.npmjs.org/baseline-browser-mapping/-/baseline-browser-mapping-2.11.18.tgz. Extracting by manifest.
1297 silly tarball no local data for assertion-error@https://registry.npmjs.org/assertion-error/-/assertion-error-2.0.1.tgz. Extracting by manifest.
1298 silly tarball no local data for aria-query@https://registry.npmjs.org/aria-query/-/aria-query-5.3.0.tgz. Extracting by manifest.
1299 silly tarball no local data for aws-ssl-profiles@https://registry.npmjs.org/aws-ssl-profiles/-/aws-ssl-profiles-1.1.2.tgz. Extracting by manifest.
1300 silly tarball no local data for aria-hidden@https://registry.npmjs.org/aria-hidden/-/aria-hidden-1.2.6.tgz. Extracting by manifest.
1301 silly tarball no local data for balanced-match@https://registry.npmjs.org/balanced-match/-/balanced-match-1.0.2.tgz. Extracting by manifest.
1302 silly tarball no local data for ansis@https://registry.npmjs.org/ansis/-/ansis-4.3.1.tgz. Extracting by manifest.
1303 silly tarball no local data for ansi-regex@https://registry.npmjs.org/ansi-regex/-/ansi-regex-5.0.1.tgz. Extracting by manifest.
1304 silly tarball no local data for ansi-styles@https://registry.npmjs.org/ansi-styles/-/ansi-styles-5.2.0.tgz. Extracting by manifest.
1305 silly tarball no local data for ajv@https://registry.npmjs.org/ajv/-/ajv-6.15.0.tgz. Extracting by manifest.
1306 silly tarball no local data for argparse@https://registry.npmjs.org/argparse/-/argparse-2.0.1.tgz. Extracting by manifest.
1307 silly tarball no local data for agent-base@https://registry.npmjs.org/agent-base/-/agent-base-6.0.2.tgz. Extracting by manifest.
1308 silly tarball no local data for acorn-jsx@https://registry.npmjs.org/acorn-jsx/-/acorn-jsx-5.3.2.tgz. Extracting by manifest.
1309 silly tarball no local data for @vitest/utils@https://registry.npmjs.org/@vitest/utils/-/utils-4.1.11.tgz. Extracting by manifest.
1310 silly tarball no local data for @vitest/runner@https://registry.npmjs.org/@vitest/runner/-/runner-4.1.11.tgz. Extracting by manifest.
1311 silly tarball no local data for acorn@https://registry.npmjs.org/acorn/-/acorn-8.18.0.tgz. Extracting by manifest.
1312 silly tarball no local data for @vitest/pretty-format@https://registry.npmjs.org/@vitest/pretty-format/-/pretty-format-4.1.11.tgz. Extracting by manifest.
1313 silly tarball no local data for @vitest/snapshot@https://registry.npmjs.org/@vitest/snapshot/-/snapshot-4.1.11.tgz. Extracting by manifest.
1314 silly tarball no local data for brace-expansion@https://registry.npmjs.org/brace-expansion/-/brace-expansion-1.1.18.tgz. Extracting by manifest.
1315 silly tarball no local data for @vitest/expect@https://registry.npmjs.org/@vitest/expect/-/expect-4.1.11.tgz. Extracting by manifest.
1316 silly tarball no local data for @vitest/spy@https://registry.npmjs.org/@vitest/spy/-/spy-4.1.11.tgz. Extracting by manifest.
1317 silly tarball no local data for @vitest/mocker@https://registry.npmjs.org/@vitest/mocker/-/mocker-4.1.11.tgz. Extracting by manifest.
1318 silly tarball no local data for @vitejs/plugin-react@https://registry.npmjs.org/@vitejs/plugin-react/-/plugin-react-6.1.0.tgz. Extracting by manifest.
1319 silly tarball no local data for @visx/shape@https://registry.npmjs.org/@visx/shape/-/shape-4.0.1-alpha.0.tgz. Extracting by manifest.
1320 silly tarball no local data for @visx/responsive@https://registry.npmjs.org/@visx/responsive/-/responsive-4.0.1-alpha.0.tgz. Extracting by manifest.
1321 silly tarball no local data for @visx/scale@https://registry.npmjs.org/@visx/scale/-/scale-4.0.1-alpha.0.tgz. Extracting by manifest.
1322 silly tarball no local data for @visx/point@https://registry.npmjs.org/@visx/point/-/point-4.0.1-alpha.0.tgz. Extracting by manifest.
1323 silly tarball no local data for @visx/event@https://registry.npmjs.org/@visx/event/-/event-4.0.1-alpha.0.tgz. Extracting by manifest.
1324 silly tarball no local data for @visx/curve@https://registry.npmjs.org/@visx/curve/-/curve-4.0.1-alpha.0.tgz. Extracting by manifest.
1325 silly tarball no local data for @unrs/resolver-binding-linux-x64-gnu@https://registry.npmjs.org/@unrs/resolver-binding-linux-x64-gnu/-/resolver-binding-linux-x64-gnu-1.12.2.tgz. Extracting by manifest.
1326 silly tarball no local data for @typescript-eslint/utils@https://registry.npmjs.org/@typescript-eslint/utils/-/utils-8.67.0.tgz. Extracting by manifest.
1327 silly tarball no local data for @typescript-eslint/typescript-estree@https://registry.npmjs.org/@typescript-eslint/typescript-estree/-/typescript-estree-8.67.0.tgz. Extracting by manifest.
1328 silly tarball no local data for @typescript-eslint/types@https://registry.npmjs.org/@typescript-eslint/types/-/types-8.67.0.tgz. Extracting by manifest.
1329 silly tarball no local data for @visx/group@https://registry.npmjs.org/@visx/group/-/group-4.0.1-alpha.0.tgz. Extracting by manifest.
1330 silly tarball no local data for @typescript-eslint/type-utils@https://registry.npmjs.org/@typescript-eslint/type-utils/-/type-utils-8.67.0.tgz. Extracting by manifest.
1331 silly tarball no local data for @typescript-eslint/scope-manager@https://registry.npmjs.org/@typescript-eslint/scope-manager/-/scope-manager-8.67.0.tgz. Extracting by manifest.
1332 silly tarball no local data for @typescript-eslint/tsconfig-utils@https://registry.npmjs.org/@typescript-eslint/tsconfig-utils/-/tsconfig-utils-8.67.0.tgz. Extracting by manifest.
1333 silly tarball no local data for @typescript-eslint/parser@https://registry.npmjs.org/@typescript-eslint/parser/-/parser-8.67.0.tgz. Extracting by manifest.
1334 silly tarball no local data for @visx/grid@https://registry.npmjs.org/@visx/grid/-/grid-4.0.1-alpha.0.tgz. Extracting by manifest.
1335 silly tarball no local data for @typescript-eslint/project-service@https://registry.npmjs.org/@typescript-eslint/project-service/-/project-service-8.67.0.tgz. Extracting by manifest.
1336 silly tarball no local data for @types/react@https://registry.npmjs.org/@types/react/-/react-19.2.18.tgz. Extracting by manifest.
1337 silly tarball no local data for @types/react-dom@https://registry.npmjs.org/@types/react-dom/-/react-dom-19.2.4.tgz. Extracting by manifest.
1338 silly tarball no local data for @types/pg@https://registry.npmjs.org/@types/pg/-/pg-8.23.1.tgz. Extracting by manifest.
1339 silly tarball no local data for @types/node@https://registry.npmjs.org/@types/node/-/node-22.20.1.tgz. Extracting by manifest.
1340 silly tarball no local data for @types/lodash@https://registry.npmjs.org/@types/lodash/-/lodash-4.17.25.tgz. Extracting by manifest.
1341 silly tarball no local data for @typescript-eslint/eslint-plugin@https://registry.npmjs.org/@typescript-eslint/eslint-plugin/-/eslint-plugin-8.67.0.tgz. Extracting by manifest.
1342 silly tarball no local data for @typescript-eslint/visitor-keys@https://registry.npmjs.org/@typescript-eslint/visitor-keys/-/visitor-keys-8.67.0.tgz. Extracting by manifest.
1343 silly tarball no local data for @visx/vendor@https://registry.npmjs.org/@visx/vendor/-/vendor-4.0.0-alpha.0.tgz. Extracting by manifest.
1344 silly tarball no local data for @types/geojson@https://registry.npmjs.org/@types/geojson/-/geojson-7946.0.16.tgz. Extracting by manifest.
1345 silly tarball no local data for @types/json-schema@https://registry.npmjs.org/@types/json-schema/-/json-schema-7.0.15.tgz. Extracting by manifest.
1346 silly tarball no local data for @types/estree@https://registry.npmjs.org/@types/estree/-/estree-1.0.9.tgz. Extracting by manifest.
1347 silly tarball no local data for @types/deep-eql@https://registry.npmjs.org/@types/deep-eql/-/deep-eql-4.0.2.tgz. Extracting by manifest.
1348 silly tarball no local data for @types/d3-time-format@https://registry.npmjs.org/@types/d3-time-format/-/d3-time-format-2.1.0.tgz. Extracting by manifest.
1349 silly tarball no local data for @types/d3-time@https://registry.npmjs.org/@types/d3-time/-/d3-time-3.0.0.tgz. Extracting by manifest.
1350 silly tarball no local data for @types/d3-shape@https://registry.npmjs.org/@types/d3-shape/-/d3-shape-3.1.7.tgz. Extracting by manifest.
1351 silly tarball no local data for @types/d3-interpolate@https://registry.npmjs.org/@types/d3-interpolate/-/d3-interpolate-3.0.1.tgz. Extracting by manifest.
1352 silly tarball no local data for @types/d3-geo@https://registry.npmjs.org/@types/d3-geo/-/d3-geo-3.1.0.tgz. Extracting by manifest.
1353 silly tarball no local data for @types/d3-path@https://registry.npmjs.org/@types/d3-path/-/d3-path-3.1.1.tgz. Extracting by manifest.
1354 silly tarball no local data for @types/d3-scale@https://registry.npmjs.org/@types/d3-scale/-/d3-scale-4.0.2.tgz. Extracting by manifest.
1355 silly tarball no local data for @types/d3-delaunay@https://registry.npmjs.org/@types/d3-delaunay/-/d3-delaunay-6.0.1.tgz. Extracting by manifest.
1356 silly tarball no local data for @types/d3-format@https://registry.npmjs.org/@types/d3-format/-/d3-format-3.0.1.tgz. Extracting by manifest.
1357 silly tarball no local data for @types/aria-query@https://registry.npmjs.org/@types/aria-query/-/aria-query-5.0.4.tgz. Extracting by manifest.
1358 silly tarball no local data for @types/chai@https://registry.npmjs.org/@types/chai/-/chai-5.2.3.tgz. Extracting by manifest.
1359 silly tarball no local data for @types/d3-array@https://registry.npmjs.org/@types/d3-array/-/d3-array-3.0.3.tgz. Extracting by manifest.
1360 silly tarball no local data for @tybys/wasm-util@https://registry.npmjs.org/@tybys/wasm-util/-/wasm-util-0.10.3.tgz. Extracting by manifest.
1361 silly tarball no local data for @testing-library/react@https://registry.npmjs.org/@testing-library/react/-/react-16.3.2.tgz. Extracting by manifest.
1362 silly tarball no local data for @testing-library/dom@https://registry.npmjs.org/@testing-library/dom/-/dom-10.4.1.tgz. Extracting by manifest.
1363 silly tarball no local data for @tanstack/store@https://registry.npmjs.org/@tanstack/store/-/store-0.9.3.tgz. Extracting by manifest.
1364 silly tarball no local data for @types/d3-color@https://registry.npmjs.org/@types/d3-color/-/d3-color-3.1.0.tgz. Extracting by manifest.
1365 silly tarball no local data for @tanstack/virtual-file-routes@https://registry.npmjs.org/@tanstack/virtual-file-routes/-/virtual-file-routes-1.162.0.tgz. Extracting by manifest.
1366 silly tarball no local data for @tanstack/start-fn-stubs@https://registry.npmjs.org/@tanstack/start-fn-stubs/-/start-fn-stubs-1.162.0.tgz. Extracting by manifest.
1367 silly tarball no local data for @tanstack/start-plugin-core@https://registry.npmjs.org/@tanstack/start-plugin-core/-/start-plugin-core-1.171.38.tgz. Extracting by manifest.
1368 silly tarball no local data for @tanstack/start-client-core@https://registry.npmjs.org/@tanstack/start-client-core/-/start-client-core-1.170.26.tgz. Extracting by manifest.
1369 silly tarball no local data for @tanstack/start-storage-context@https://registry.npmjs.org/@tanstack/start-storage-context/-/start-storage-context-1.167.28.tgz. Extracting by manifest.
1370 silly tarball no local data for @tanstack/router-ssr-query-core@https://registry.npmjs.org/@tanstack/router-ssr-query-core/-/router-ssr-query-core-1.169.1.tgz. Extracting by manifest.
1371 silly tarball no local data for @tanstack/router-utils@https://registry.npmjs.org/@tanstack/router-utils/-/router-utils-1.162.2.tgz. Extracting by manifest.
1372 silly tarball no local data for @tanstack/start-server-core@https://registry.npmjs.org/@tanstack/start-server-core/-/start-server-core-1.169.30.tgz. Extracting by manifest.
1373 silly tarball no local data for @tanstack/router-core@https://registry.npmjs.org/@tanstack/router-core/-/router-core-1.171.26.tgz. Extracting by manifest.
1374 silly tarball no local data for @tanstack/router-devtools-core@https://registry.npmjs.org/@tanstack/router-devtools-core/-/router-devtools-core-1.168.1.tgz. Extracting by manifest.
1375 silly tarball no local data for @tanstack/react-start-server@https://registry.npmjs.org/@tanstack/react-start-server/-/react-start-server-1.167.36.tgz. Extracting by manifest.
1376 silly tarball no local data for @tanstack/react-store@https://registry.npmjs.org/@tanstack/react-store/-/react-store-0.9.3.tgz. Extracting by manifest.
1377 silly tarball no local data for @tanstack/react-start-rsc@https://registry.npmjs.org/@tanstack/react-start-rsc/-/react-start-rsc-0.1.47.tgz. Extracting by manifest.
1378 silly tarball no local data for @tanstack/router-cli@https://registry.npmjs.org/@tanstack/router-cli/-/router-cli-1.167.32.tgz. Extracting by manifest.
1379 silly tarball no local data for @tanstack/react-start@https://registry.npmjs.org/@tanstack/react-start/-/react-start-1.168.48.tgz. Extracting by manifest.
1380 silly tarball no local data for @tanstack/react-start-client@https://registry.npmjs.org/@tanstack/react-start-client/-/react-start-client-1.168.29.tgz. Extracting by manifest.
1381 silly tarball no local data for @tanstack/react-router-devtools@https://registry.npmjs.org/@tanstack/react-router-devtools/-/react-router-devtools-1.167.1.tgz. Extracting by manifest.
1382 silly tarball no local data for @tanstack/react-router@https://registry.npmjs.org/@tanstack/react-router/-/react-router-1.170.31.tgz. Extracting by manifest.
1383 silly tarball no local data for @tanstack/react-query-devtools@https://registry.npmjs.org/@tanstack/react-query-devtools/-/react-query-devtools-5.102.0.tgz. Extracting by manifest.
1384 silly tarball no local data for @tanstack/react-devtools@https://registry.npmjs.org/@tanstack/react-devtools/-/react-devtools-0.10.12.tgz. Extracting by manifest.
1385 silly tarball no local data for @tanstack/react-router-ssr-query@https://registry.npmjs.org/@tanstack/react-router-ssr-query/-/react-router-ssr-query-1.167.1.tgz. Extracting by manifest.
1386 silly tarball no local data for @tanstack/router-generator@https://registry.npmjs.org/@tanstack/router-generator/-/router-generator-1.167.32.tgz. Extracting by manifest.
1387 silly tarball no local data for @tanstack/query-core@https://registry.npmjs.org/@tanstack/query-core/-/query-core-5.102.0.tgz. Extracting by manifest.
1388 silly tarball no local data for @tanstack/router-plugin@https://registry.npmjs.org/@tanstack/router-plugin/-/router-plugin-1.168.34.tgz. Extracting by manifest.
1389 silly tarball no local data for @tanstack/query-devtools@https://registry.npmjs.org/@tanstack/query-devtools/-/query-devtools-5.102.0.tgz. Extracting by manifest.
1390 silly tarball no local data for @tanstack/devtools-vite@https://registry.npmjs.org/@tanstack/devtools-vite/-/devtools-vite-0.8.5.tgz. Extracting by manifest.
1391 silly tarball no local data for @tanstack/devtools-event-client@https://registry.npmjs.org/@tanstack/devtools-event-client/-/devtools-event-client-0.5.0.tgz. Extracting by manifest.
1392 silly tarball no local data for @tanstack/devtools-bundler-core@https://registry.npmjs.org/@tanstack/devtools-bundler-core/-/devtools-bundler-core-0.1.3.tgz. Extracting by manifest.
1393 silly tarball no local data for @tanstack/devtools-client@https://registry.npmjs.org/@tanstack/devtools-client/-/devtools-client-0.0.8.tgz. Extracting by manifest.
1394 silly tarball no local data for @tanstack/devtools-event-bus@https://registry.npmjs.org/@tanstack/devtools-event-bus/-/devtools-event-bus-0.4.3.tgz. Extracting by manifest.
1395 silly tarball no local data for @tanstack/eslint-config@https://registry.npmjs.org/@tanstack/eslint-config/-/eslint-config-0.4.0.tgz. Extracting by manifest.
1396 silly tarball no local data for @tanstack/react-query@https://registry.npmjs.org/@tanstack/react-query/-/react-query-5.102.0.tgz. Extracting by manifest.
1397 silly tarball no local data for @tailwindcss/typography@https://registry.npmjs.org/@tailwindcss/typography/-/typography-0.5.20.tgz. Extracting by manifest.
1398 silly tarball no local data for @tanstack/history@https://registry.npmjs.org/@tanstack/history/-/history-1.162.1.tgz. Extracting by manifest.
1399 silly tarball no local data for @tailwindcss/vite@https://registry.npmjs.org/@tailwindcss/vite/-/vite-4.3.3.tgz. Extracting by manifest.
1400 silly tarball no local data for @tanstack/devtools-ui@https://registry.npmjs.org/@tanstack/devtools-ui/-/devtools-ui-0.7.1.tgz. Extracting by manifest.
1401 silly tarball no local data for @tailwindcss/oxide-linux-x64-gnu@https://registry.npmjs.org/@tailwindcss/oxide-linux-x64-gnu/-/oxide-linux-x64-gnu-4.3.3.tgz. Extracting by manifest.
1402 silly tarball no local data for @tanstack/devtools@https://registry.npmjs.org/@tanstack/devtools/-/devtools-0.14.2.tgz. Extracting by manifest.
1403 silly tarball no local data for @tailwindcss/node@https://registry.npmjs.org/@tailwindcss/node/-/node-4.3.3.tgz. Extracting by manifest.
1404 silly tarball no local data for @tailwindcss/oxide@https://registry.npmjs.org/@tailwindcss/oxide/-/oxide-4.3.3.tgz. Extracting by manifest.
1405 silly tarball no local data for @swc/helpers@https://registry.npmjs.org/@swc/helpers/-/helpers-0.5.23.tgz. Extracting by manifest.
1406 silly tarball no local data for @t3-oss/env-core@https://registry.npmjs.org/@t3-oss/env-core/-/env-core-0.13.11.tgz. Extracting by manifest.
1407 silly tarball no local data for @standard-schema/spec@https://registry.npmjs.org/@standard-schema/spec/-/spec-1.1.0.tgz. Extracting by manifest.
1408 silly tarball no local data for @stablelib/base64@https://registry.npmjs.org/@stablelib/base64/-/base64-1.0.1.tgz. Extracting by manifest.
1409 silly tarball no local data for @stylistic/eslint-plugin@https://registry.npmjs.org/@stylistic/eslint-plugin/-/eslint-plugin-5.10.0.tgz. Extracting by manifest.
1410 silly tarball no local data for @spectrum-icons/workflow@https://registry.npmjs.org/@spectrum-icons/workflow/-/workflow-4.3.1.tgz. Extracting by manifest.
1411 silly tarball no local data for @spectrum-icons/ui@https://registry.npmjs.org/@spectrum-icons/ui/-/ui-3.7.1.tgz. Extracting by manifest.
1412 silly tarball no local data for @solid-primitives/utils@https://registry.npmjs.org/@solid-primitives/utils/-/utils-6.4.1.tgz. Extracting by manifest.
1413 silly tarball no local data for @solid-primitives/static-store@https://registry.npmjs.org/@solid-primitives/static-store/-/static-store-0.1.4.tgz. Extracting by manifest.
1414 silly tarball no local data for @solid-primitives/resize-observer@https://registry.npmjs.org/@solid-primitives/resize-observer/-/resize-observer-2.2.0.tgz. Extracting by manifest.
1415 silly tarball no local data for @solid-primitives/rootless@https://registry.npmjs.org/@solid-primitives/rootless/-/rootless-1.5.4.tgz. Extracting by manifest.
1416 silly tarball no local data for @solid-primitives/keyboard@https://registry.npmjs.org/@solid-primitives/keyboard/-/keyboard-1.3.7.tgz. Extracting by manifest.
1417 silly tarball no local data for @sentry/vite-plugin@https://registry.npmjs.org/@sentry/vite-plugin/-/vite-plugin-5.4.0.tgz. Extracting by manifest.
1418 silly tarball no local data for @sentry/tanstackstart-react@https://registry.npmjs.org/@sentry/tanstackstart-react/-/tanstackstart-react-10.70.0.tgz. Extracting by manifest.
1419 silly tarball no local data for @standard-schema/utils@https://registry.npmjs.org/@standard-schema/utils/-/utils-0.3.0.tgz. Extracting by manifest.
1420 silly tarball no local data for @sentry/server-utils@https://registry.npmjs.org/@sentry/server-utils/-/server-utils-10.70.0.tgz. Extracting by manifest.
1421 silly tarball no local data for @sentry/replay-canvas@https://registry.npmjs.org/@sentry/replay-canvas/-/replay-canvas-10.70.0.tgz. Extracting by manifest.
1422 silly tarball no local data for @sentry/replay@https://registry.npmjs.org/@sentry/replay/-/replay-10.70.0.tgz. Extracting by manifest.
1423 silly tarball no local data for @sentry/react@https://registry.npmjs.org/@sentry/react/-/react-10.70.0.tgz. Extracting by manifest.
1424 silly tarball no local data for @sentry/opentelemetry@https://registry.npmjs.org/@sentry/opentelemetry/-/opentelemetry-10.70.0.tgz. Extracting by manifest.
1425 silly tarball no local data for @sentry/node-core@https://registry.npmjs.org/@sentry/node-core/-/node-core-10.70.0.tgz. Extracting by manifest.
1426 silly tarball no local data for @sentry/node@https://registry.npmjs.org/@sentry/node/-/node-10.70.0.tgz. Extracting by manifest.
1427 silly tarball no local data for @sentry/feedback@https://registry.npmjs.org/@sentry/feedback/-/feedback-10.70.0.tgz. Extracting by manifest.
1428 silly tarball no local data for @solid-primitives/event-listener@https://registry.npmjs.org/@solid-primitives/event-listener/-/event-listener-2.4.6.tgz. Extracting by manifest.
1429 silly tarball no local data for @sentry/core@https://registry.npmjs.org/@sentry/core/-/core-10.70.0.tgz. Extracting by manifest.
1430 silly tarball no local data for @sentry/conventions@https://registry.npmjs.org/@sentry/conventions/-/conventions-0.16.0.tgz. Extracting by manifest.
1431 silly tarball no local data for @sentry/cli-linux-x64@https://registry.npmjs.org/@sentry/cli-linux-x64/-/cli-linux-x64-2.58.6.tgz. Extracting by manifest.
1432 silly tarball no local data for @sentry/bundler-plugins@https://registry.npmjs.org/@sentry/bundler-plugins/-/bundler-plugins-10.70.0.tgz. Extracting by manifest.
1433 silly tarball no local data for @sentry/browser-utils@https://registry.npmjs.org/@sentry/browser-utils/-/browser-utils-10.70.0.tgz. Extracting by manifest.
1434 silly tarball no local data for @sentry/browser@https://registry.npmjs.org/@sentry/browser/-/browser-10.70.0.tgz. Extracting by manifest.
1435 silly tarball no local data for @rolldown/pluginutils@https://registry.npmjs.org/@rolldown/pluginutils/-/pluginutils-1.0.1.tgz. Extracting by manifest.
1436 silly tarball no local data for @rolldown/binding-linux-x64-gnu@https://registry.npmjs.org/@rolldown/binding-linux-x64-gnu/-/binding-linux-x64-gnu-1.2.5.tgz. Extracting by manifest.
1437 silly tarball no local data for @react-types/shared@https://registry.npmjs.org/@react-types/shared/-/shared-3.36.1.tgz. Extracting by manifest.
1438 silly tarball no local data for @react-types/color@https://registry.npmjs.org/@react-types/color/-/color-3.2.0.tgz. Extracting by manifest.
1439 silly tarball no local data for @react-stately/utils@https://registry.npmjs.org/@react-stately/utils/-/utils-3.12.1.tgz. Extracting by manifest.
1440 silly tarball no local data for @react-spectrum/provider@https://registry.npmjs.org/@react-spectrum/provider/-/provider-3.11.1.tgz. Extracting by manifest.
1441 silly tarball no local data for @react-aria/utils@https://registry.npmjs.org/@react-aria/utils/-/utils-3.34.1.tgz. Extracting by manifest.
1442 silly tarball no local data for @sentry/cli@https://registry.npmjs.org/@sentry/cli/-/cli-2.58.6.tgz. Extracting by manifest.
1443 silly tarball no local data for @react-aria/ssr@https://registry.npmjs.org/@react-aria/ssr/-/ssr-3.10.1.tgz. Extracting by manifest.
1444 silly tarball no local data for @react-aria/i18n@https://registry.npmjs.org/@react-aria/i18n/-/i18n-3.13.1.tgz. Extracting by manifest.
1445 silly tarball no local data for @radix-ui/react-use-layout-effect@https://registry.npmjs.org/@radix-ui/react-use-layout-effect/-/react-use-layout-effect-1.1.1.tgz. Extracting by manifest.
1446 silly tarball no local data for @radix-ui/react-use-is-hydrated@https://registry.npmjs.org/@radix-ui/react-use-is-hydrated/-/react-use-is-hydrated-0.1.0.tgz. Extracting by manifest.
1447 silly tarball no local data for @react-spectrum/color@https://registry.npmjs.org/@react-spectrum/color/-/color-3.2.1.tgz. Extracting by manifest.
1448 silly tarball no local data for @radix-ui/react-use-effect-event@https://registry.npmjs.org/@radix-ui/react-use-effect-event/-/react-use-effect-event-0.0.2.tgz. Extracting by manifest.
1449 silly tarball no local data for @radix-ui/react-use-controllable-state@https://registry.npmjs.org/@radix-ui/react-use-controllable-state/-/react-use-controllable-state-1.2.2.tgz. Extracting by manifest.
1450 silly tarball no local data for @radix-ui/react-use-callback-ref@https://registry.npmjs.org/@radix-ui/react-use-callback-ref/-/react-use-callback-ref-1.1.1.tgz. Extracting by manifest.
1451 silly tarball no local data for @radix-ui/react-toggle@https://registry.npmjs.org/@radix-ui/react-toggle/-/react-toggle-1.1.10.tgz. Extracting by manifest.
1452 silly tarball no local data for @react-aria/color@https://registry.npmjs.org/@react-aria/color/-/color-3.2.1.tgz. Extracting by manifest.
1453 silly tarball no local data for @radix-ui/react-slot@https://registry.npmjs.org/@radix-ui/react-slot/-/react-slot-1.2.4.tgz. Extracting by manifest.
1454 silly tarball no local data for @react-stately/color@https://registry.npmjs.org/@react-stately/color/-/color-3.10.1.tgz. Extracting by manifest.
1455 silly tarball no local data for @radix-ui/react-compose-refs@https://registry.npmjs.org/@radix-ui/react-compose-refs/-/react-compose-refs-1.1.2.tgz. Extracting by manifest.
1456 silly tarball no local data for @radix-ui/primitive@https://registry.npmjs.org/@radix-ui/primitive/-/primitive-1.1.3.tgz. Extracting by manifest.
1457 silly tarball no local data for @prisma/studio-core@https://registry.npmjs.org/@prisma/studio-core/-/studio-core-0.33.0.tgz. Extracting by manifest.
1458 silly tarball no local data for @radix-ui/react-avatar@https://registry.npmjs.org/@radix-ui/react-avatar/-/react-avatar-1.1.11.tgz. Extracting by manifest.
1459 silly tarball no local data for @radix-ui/react-primitive@https://registry.npmjs.org/@radix-ui/react-primitive/-/react-primitive-2.1.4.tgz. Extracting by manifest.
1460 silly tarball no local data for @prisma/streams-local@https://registry.npmjs.org/@prisma/streams-local/-/streams-local-0.1.11.tgz. Extracting by manifest.
1461 silly tarball no local data for @radix-ui/react-context@https://registry.npmjs.org/@radix-ui/react-context/-/react-context-1.1.3.tgz. Extracting by manifest.
1462 silly tarball no local data for @prisma/query-plan-executor@https://registry.npmjs.org/@prisma/query-plan-executor/-/query-plan-executor-7.2.0.tgz. Extracting by manifest.
1463 silly tarball no local data for @prisma/fetch-engine@https://registry.npmjs.org/@prisma/fetch-engine/-/fetch-engine-7.9.1.tgz. Extracting by manifest.
1464 silly tarball no local data for @prisma/engines-version@https://registry.npmjs.org/@prisma/engines-version/-/engines-version-7.9.0-1.e922089b7d7502aff4249d5da3420f6fa55fc6ad.tgz. Extracting by manifest.
1465 silly tarball no local data for @prisma/engines@https://registry.npmjs.org/@prisma/engines/-/engines-7.9.1.tgz. Extracting by manifest.
1466 silly tarball no local data for @prisma/get-platform@https://registry.npmjs.org/@prisma/get-platform/-/get-platform-7.2.0.tgz. Extracting by manifest.
1467 silly tarball no local data for @prisma/driver-adapter-utils@https://registry.npmjs.org/@prisma/driver-adapter-utils/-/driver-adapter-utils-7.9.1.tgz. Extracting by manifest.
1468 silly tarball no local data for @prisma/client-runtime-utils@https://registry.npmjs.org/@prisma/client-runtime-utils/-/client-runtime-utils-7.9.1.tgz. Extracting by manifest.
1469 silly tarball no local data for @prisma/dev@https://registry.npmjs.org/@prisma/dev/-/dev-0.24.17.tgz. Extracting by manifest.
1470 silly tarball no local data for @prisma/debug@https://registry.npmjs.org/@prisma/debug/-/debug-7.9.1.tgz. Extracting by manifest.
1471 silly tarball no local data for @prisma/config@https://registry.npmjs.org/@prisma/config/-/config-7.9.1.tgz. Extracting by manifest.
1472 silly tarball no local data for @prisma/client@https://registry.npmjs.org/@prisma/client/-/client-7.9.1.tgz. Extracting by manifest.
1473 silly tarball no local data for @oxc-project/types@https://registry.npmjs.org/@oxc-project/types/-/types-0.120.0.tgz. Extracting by manifest.
1474 silly tarball no local data for @prisma/adapter-pg@https://registry.npmjs.org/@prisma/adapter-pg/-/adapter-pg-7.9.1.tgz. Extracting by manifest.
1475 silly tarball no local data for @oxc-parser/binding-linux-x64-gnu@https://registry.npmjs.org/@oxc-parser/binding-linux-x64-gnu/-/binding-linux-x64-gnu-0.120.0.tgz. Extracting by manifest.
1476 silly tarball no local data for @orpc/standard-server-peer@https://registry.npmjs.org/@orpc/standard-server-peer/-/standard-server-peer-1.15.0.tgz. Extracting by manifest.
1477 silly tarball no local data for @orpc/zod@https://registry.npmjs.org/@orpc/zod/-/zod-1.15.0.tgz. Extracting by manifest.
1478 silly tarball no local data for @orpc/tanstack-query@https://registry.npmjs.org/@orpc/tanstack-query/-/tanstack-query-1.15.0.tgz. Extracting by manifest.
1479 silly tarball no local data for @orpc/standard-server-node@https://registry.npmjs.org/@orpc/standard-server-node/-/standard-server-node-1.15.0.tgz. Extracting by manifest.
1480 silly tarball no local data for @orpc/standard-server-fetch@https://registry.npmjs.org/@orpc/standard-server-fetch/-/standard-server-fetch-1.15.0.tgz. Extracting by manifest.
1481 silly tarball no local data for @orpc/server@https://registry.npmjs.org/@orpc/server/-/server-1.15.0.tgz. Extracting by manifest.
1482 silly tarball no local data for @orpc/openapi-client@https://registry.npmjs.org/@orpc/openapi-client/-/openapi-client-1.15.0.tgz. Extracting by manifest.
1483 silly tarball no local data for @orpc/shared@https://registry.npmjs.org/@orpc/shared/-/shared-1.15.0.tgz. Extracting by manifest.
1484 silly tarball no local data for @orpc/standard-server-fastify@https://registry.npmjs.org/@orpc/standard-server-fastify/-/standard-server-fastify-1.15.0.tgz. Extracting by manifest.
1485 silly tarball no local data for @orpc/json-schema@https://registry.npmjs.org/@orpc/json-schema/-/json-schema-1.15.0.tgz. Extracting by manifest.
1486 silly tarball no local data for @orpc/standard-server-aws-lambda@https://registry.npmjs.org/@orpc/standard-server-aws-lambda/-/standard-server-aws-lambda-1.15.0.tgz. Extracting by manifest.
1487 silly tarball no local data for @orpc/interop@https://registry.npmjs.org/@orpc/interop/-/interop-1.15.0.tgz. Extracting by manifest.
1488 silly tarball no local data for @orpc/contract@https://registry.npmjs.org/@orpc/contract/-/contract-1.15.0.tgz. Extracting by manifest.
1489 silly tarball no local data for @opentelemetry/semantic-conventions@https://registry.npmjs.org/@opentelemetry/semantic-conventions/-/semantic-conventions-1.43.0.tgz. Extracting by manifest.
1490 silly tarball no local data for @opentelemetry/sdk-trace-base@https://registry.npmjs.org/@opentelemetry/sdk-trace-base/-/sdk-trace-base-2.10.0.tgz. Extracting by manifest.
1491 silly tarball no local data for @orpc/standard-server@https://registry.npmjs.org/@orpc/standard-server/-/standard-server-1.15.0.tgz. Extracting by manifest.
1492 silly tarball no local data for @orpc/openapi@https://registry.npmjs.org/@orpc/openapi/-/openapi-1.15.0.tgz. Extracting by manifest.
1493 silly tarball no local data for @orpc/client@https://registry.npmjs.org/@orpc/client/-/client-1.15.0.tgz. Extracting by manifest.
1494 silly tarball no local data for @opentelemetry/sdk-trace@https://registry.npmjs.org/@opentelemetry/sdk-trace/-/sdk-trace-2.10.0.tgz. Extracting by manifest.
1495 silly tarball no local data for @opentelemetry/instrumentation@https://registry.npmjs.org/@opentelemetry/instrumentation/-/instrumentation-0.220.0.tgz. Extracting by manifest.
1496 silly tarball no local data for @opentelemetry/resources@https://registry.npmjs.org/@opentelemetry/resources/-/resources-2.10.0.tgz. Extracting by manifest.
1497 silly tarball no local data for @opentelemetry/api-logs@https://registry.npmjs.org/@opentelemetry/api-logs/-/api-logs-0.220.0.tgz. Extracting by manifest.
1498 silly tarball no local data for @opentelemetry/api@https://registry.npmjs.org/@opentelemetry/api/-/api-1.9.1.tgz. Extracting by manifest.
1499 silly tarball no local data for @oozcitak/url@https://registry.npmjs.org/@oozcitak/url/-/url-3.0.0.tgz. Extracting by manifest.
1500 silly tarball no local data for @opentelemetry/core@https://registry.npmjs.org/@opentelemetry/core/-/core-2.10.0.tgz. Extracting by manifest.
1501 silly tarball no local data for @oozcitak/dom@https://registry.npmjs.org/@oozcitak/dom/-/dom-2.0.2.tgz. Extracting by manifest.
1502 silly tarball no local data for @noble/hashes@https://registry.npmjs.org/@noble/hashes/-/hashes-2.3.0.tgz. Extracting by manifest.
1503 silly tarball no local data for @neodrag/solid@https://registry.npmjs.org/@neodrag/solid/-/solid-3.0.0-next.11.tgz. Extracting by manifest.
1504 silly tarball no local data for @oozcitak/util@https://registry.npmjs.org/@oozcitak/util/-/util-10.0.0.tgz. Extracting by manifest.
1505 silly tarball no local data for @noble/ciphers@https://registry.npmjs.org/@noble/ciphers/-/ciphers-2.3.0.tgz. Extracting by manifest.
1506 silly tarball no local data for @jridgewell/trace-mapping@https://registry.npmjs.org/@jridgewell/trace-mapping/-/trace-mapping-0.3.31.tgz. Extracting by manifest.
1507 silly tarball no local data for @jridgewell/sourcemap-codec@https://registry.npmjs.org/@jridgewell/sourcemap-codec/-/sourcemap-codec-1.5.5.tgz. Extracting by manifest.
1508 silly tarball no local data for @oozcitak/infra@https://registry.npmjs.org/@oozcitak/infra/-/infra-2.0.2.tgz. Extracting by manifest.
1509 silly tarball no local data for @jridgewell/gen-mapping@https://registry.npmjs.org/@jridgewell/gen-mapping/-/gen-mapping-0.3.13.tgz. Extracting by manifest.
1510 silly tarball no local data for @internationalized/string@https://registry.npmjs.org/@internationalized/string/-/string-3.2.10.tgz. Extracting by manifest.
1511 silly tarball no local data for @jridgewell/resolve-uri@https://registry.npmjs.org/@jridgewell/resolve-uri/-/resolve-uri-3.1.2.tgz. Extracting by manifest.
1512 silly tarball no local data for @internationalized/message@https://registry.npmjs.org/@internationalized/message/-/message-3.1.10.tgz. Extracting by manifest.
1513 silly tarball no local data for @internationalized/number@https://registry.npmjs.org/@internationalized/number/-/number-3.6.7.tgz. Extracting by manifest.
1514 silly tarball no local data for @internationalized/date@https://registry.npmjs.org/@internationalized/date/-/date-3.12.3.tgz. Extracting by manifest.
1515 silly tarball no local data for @humanfs/types@https://registry.npmjs.org/@humanfs/types/-/types-0.15.0.tgz. Extracting by manifest.
1516 silly tarball no local data for @humanwhocodes/module-importer@https://registry.npmjs.org/@humanwhocodes/module-importer/-/module-importer-1.0.1.tgz. Extracting by manifest.
1517 silly tarball no local data for @jridgewell/remapping@https://registry.npmjs.org/@jridgewell/remapping/-/remapping-2.3.5.tgz. Extracting by manifest.
1518 silly tarball no local data for @napi-rs/wasm-runtime@https://registry.npmjs.org/@napi-rs/wasm-runtime/-/wasm-runtime-1.2.3.tgz. Extracting by manifest.
1519 silly tarball no local data for @humanfs/core@https://registry.npmjs.org/@humanfs/core/-/core-0.19.2.tgz. Extracting by manifest.
1520 silly tarball no local data for @heroui/styles@https://registry.npmjs.org/@heroui/styles/-/styles-3.2.4.tgz. Extracting by manifest.
1521 silly tarball no local data for @heroui/react@https://registry.npmjs.org/@heroui/react/-/react-3.2.4.tgz. Extracting by manifest.
1522 silly tarball no local data for @hookform/resolvers@https://registry.npmjs.org/@hookform/resolvers/-/resolvers-5.4.0.tgz. Extracting by manifest.
1523 silly tarball no local data for @formatjs/icu-skeleton-parser@https://registry.npmjs.org/@formatjs/icu-skeleton-parser/-/icu-skeleton-parser-1.8.16.tgz. Extracting by manifest.
1524 silly tarball no local data for @formatjs/intl-localematcher@https://registry.npmjs.org/@formatjs/intl-localematcher/-/intl-localematcher-0.6.2.tgz. Extracting by manifest.
1525 silly tarball no local data for @formatjs/fast-memoize@https://registry.npmjs.org/@formatjs/fast-memoize/-/fast-memoize-2.2.7.tgz. Extracting by manifest.
1526 silly tarball no local data for @humanwhocodes/retry@https://registry.npmjs.org/@humanwhocodes/retry/-/retry-0.4.3.tgz. Extracting by manifest.
1527 silly tarball no local data for @exodus/bytes@https://registry.npmjs.org/@exodus/bytes/-/bytes-1.15.1.tgz. Extracting by manifest.
1528 silly tarball no local data for @formatjs/icu-messageformat-parser@https://registry.npmjs.org/@formatjs/icu-messageformat-parser/-/icu-messageformat-parser-2.11.4.tgz. Extracting by manifest.
1529 silly tarball no local data for @eslint/plugin-kit@https://registry.npmjs.org/@eslint/plugin-kit/-/plugin-kit-0.4.1.tgz. Extracting by manifest.
1530 silly tarball no local data for @eslint/js@https://registry.npmjs.org/@eslint/js/-/js-9.39.5.tgz. Extracting by manifest.
1531 silly tarball no local data for @eslint/object-schema@https://registry.npmjs.org/@eslint/object-schema/-/object-schema-2.1.7.tgz. Extracting by manifest.
1532 silly tarball no local data for @eslint/eslintrc@https://registry.npmjs.org/@eslint/eslintrc/-/eslintrc-3.3.6.tgz. Extracting by manifest.
1533 silly tarball no local data for @eslint/core@https://registry.npmjs.org/@eslint/core/-/core-0.17.0.tgz. Extracting by manifest.
1534 silly tarball no local data for @eslint/config-helpers@https://registry.npmjs.org/@eslint/config-helpers/-/config-helpers-0.4.2.tgz. Extracting by manifest.
1535 silly tarball no local data for @eslint/config-array@https://registry.npmjs.org/@eslint/config-array/-/config-array-0.21.2.tgz. Extracting by manifest.
1536 silly tarball no local data for @eslint-community/eslint-utils@https://registry.npmjs.org/@eslint-community/eslint-utils/-/eslint-utils-4.10.1.tgz. Extracting by manifest.
1537 silly tarball no local data for @eslint-community/regexpp@https://registry.npmjs.org/@eslint-community/regexpp/-/regexpp-4.12.2.tgz. Extracting by manifest.
1538 silly tarball no local data for @esbuild/linux-x64@https://registry.npmjs.org/@esbuild/linux-x64/-/linux-x64-0.28.2.tgz. Extracting by manifest.
1539 silly tarball no local data for @humanfs/node@https://registry.npmjs.org/@humanfs/node/-/node-0.16.8.tgz. Extracting by manifest.
1540 silly tarball no local data for @emnapi/wasi-threads@https://registry.npmjs.org/@emnapi/wasi-threads/-/wasi-threads-1.2.3.tgz. Extracting by manifest.
1541 silly tarball no local data for @emnapi/core@https://registry.npmjs.org/@emnapi/core/-/core-1.11.3.tgz. Extracting by manifest.
1542 silly tarball no local data for @emnapi/runtime@https://registry.npmjs.org/@emnapi/runtime/-/runtime-1.11.3.tgz. Extracting by manifest.
1543 silly tarball no local data for @electric-sql/pglite-tools@https://registry.npmjs.org/@electric-sql/pglite-tools/-/pglite-tools-0.3.3.tgz. Extracting by manifest.
1544 silly tarball no local data for @electric-sql/pglite-socket@https://registry.npmjs.org/@electric-sql/pglite-socket/-/pglite-socket-0.1.3.tgz. Extracting by manifest.
1545 silly tarball no local data for @formatjs/ecma402-abstract@https://registry.npmjs.org/@formatjs/ecma402-abstract/-/ecma402-abstract-2.3.6.tgz. Extracting by manifest.
1546 silly tarball no local data for @neodrag/core@https://registry.npmjs.org/@neodrag/core/-/core-3.0.0-next.11.tgz. Extracting by manifest.
1547 silly tarball no local data for @csstools/css-syntax-patches-for-csstree@https://registry.npmjs.org/@csstools/css-syntax-patches-for-csstree/-/css-syntax-patches-for-csstree-1.1.8.tgz. Extracting by manifest.
1548 silly tarball no local data for @electric-sql/pglite@https://registry.npmjs.org/@electric-sql/pglite/-/pglite-0.4.3.tgz. Extracting by manifest.
1549 silly tarball no local data for @csstools/css-tokenizer@https://registry.npmjs.org/@csstools/css-tokenizer/-/css-tokenizer-4.0.0.tgz. Extracting by manifest.
1550 silly tarball no local data for @csstools/css-color-parser@https://registry.npmjs.org/@csstools/css-color-parser/-/css-color-parser-4.2.0.tgz. Extracting by manifest.
1551 silly tarball no local data for @csstools/color-helpers@https://registry.npmjs.org/@csstools/color-helpers/-/color-helpers-6.1.1.tgz. Extracting by manifest.
1552 silly tarball no local data for @csstools/css-parser-algorithms@https://registry.npmjs.org/@csstools/css-parser-algorithms/-/css-parser-algorithms-4.0.0.tgz. Extracting by manifest.
1553 silly tarball no local data for @csstools/css-calc@https://registry.npmjs.org/@csstools/css-calc/-/css-calc-3.3.0.tgz. Extracting by manifest.
1554 silly tarball no local data for @bramus/specificity@https://registry.npmjs.org/@bramus/specificity/-/specificity-2.4.2.tgz. Extracting by manifest.
1555 silly tarball no local data for @better-fetch/fetch@https://registry.npmjs.org/@better-fetch/fetch/-/fetch-1.3.1.tgz. Extracting by manifest.
1556 silly tarball no local data for @better-auth/telemetry@https://registry.npmjs.org/@better-auth/telemetry/-/telemetry-1.7.1.tgz. Extracting by manifest.
1557 silly tarball no local data for @better-auth/mongo-adapter@https://registry.npmjs.org/@better-auth/mongo-adapter/-/mongo-adapter-1.7.1.tgz. Extracting by manifest.
1558 silly tarball no local data for @better-auth/prisma-adapter@https://registry.npmjs.org/@better-auth/prisma-adapter/-/prisma-adapter-1.7.1.tgz. Extracting by manifest.
1559 silly tarball no local data for @better-auth/utils@https://registry.npmjs.org/@better-auth/utils/-/utils-0.4.2.tgz. Extracting by manifest.
1560 silly tarball no local data for @better-auth/kysely-adapter@https://registry.npmjs.org/@better-auth/kysely-adapter/-/kysely-adapter-1.7.1.tgz. Extracting by manifest.
1561 silly tarball no local data for @better-auth/drizzle-adapter@https://registry.npmjs.org/@better-auth/drizzle-adapter/-/drizzle-adapter-1.7.1.tgz. Extracting by manifest.
1562 silly tarball no local data for @better-auth/core@https://registry.npmjs.org/@better-auth/core/-/core-1.7.1.tgz. Extracting by manifest.
1563 silly tarball no local data for @better-auth/memory-adapter@https://registry.npmjs.org/@better-auth/memory-adapter/-/memory-adapter-1.7.1.tgz. Extracting by manifest.
1564 silly tarball no local data for @babel/traverse@https://registry.npmjs.org/@babel/traverse/-/traverse-7.29.8.tgz. Extracting by manifest.
1565 silly tarball no local data for @babel/runtime@https://registry.npmjs.org/@babel/runtime/-/runtime-7.29.7.tgz. Extracting by manifest.
1566 silly tarball no local data for @babel/parser@https://registry.npmjs.org/@babel/parser/-/parser-7.29.8.tgz. Extracting by manifest.
1567 silly tarball no local data for @babel/helper-validator-option@https://registry.npmjs.org/@babel/helper-validator-option/-/helper-validator-option-7.29.7.tgz. Extracting by manifest.
1568 silly tarball no local data for @babel/types@https://registry.npmjs.org/@babel/types/-/types-7.29.8.tgz. Extracting by manifest.
1569 silly tarball no local data for @babel/helpers@https://registry.npmjs.org/@babel/helpers/-/helpers-7.29.7.tgz. Extracting by manifest.
1570 silly tarball no local data for @babel/template@https://registry.npmjs.org/@babel/template/-/template-7.29.7.tgz. Extracting by manifest.
1571 silly tarball no local data for @babel/helper-validator-identifier@https://registry.npmjs.org/@babel/helper-validator-identifier/-/helper-validator-identifier-7.29.7.tgz. Extracting by manifest.
1572 silly tarball no local data for @babel/helper-module-imports@https://registry.npmjs.org/@babel/helper-module-imports/-/helper-module-imports-7.29.7.tgz. Extracting by manifest.
1573 silly tarball no local data for @babel/helper-string-parser@https://registry.npmjs.org/@babel/helper-string-parser/-/helper-string-parser-7.29.7.tgz. Extracting by manifest.
1574 silly tarball no local data for @babel/helper-compilation-targets@https://registry.npmjs.org/@babel/helper-compilation-targets/-/helper-compilation-targets-7.29.7.tgz. Extracting by manifest.
1575 silly tarball no local data for @babel/helper-module-transforms@https://registry.npmjs.org/@babel/helper-module-transforms/-/helper-module-transforms-7.29.7.tgz. Extracting by manifest.
1576 silly tarball no local data for @babel/helper-globals@https://registry.npmjs.org/@babel/helper-globals/-/helper-globals-7.29.7.tgz. Extracting by manifest.
1577 silly tarball no local data for @babel/compat-data@https://registry.npmjs.org/@babel/compat-data/-/compat-data-7.29.7.tgz. Extracting by manifest.
1578 silly tarball no local data for @babel/core@https://registry.npmjs.org/@babel/core/-/core-7.29.7.tgz. Extracting by manifest.
1579 silly tarball no local data for @babel/generator@https://registry.npmjs.org/@babel/generator/-/generator-7.29.8.tgz. Extracting by manifest.
1580 silly tarball no local data for @asamuzakjp/generational-cache@https://registry.npmjs.org/@asamuzakjp/generational-cache/-/generational-cache-1.0.1.tgz. Extracting by manifest.
1581 silly tarball no local data for @asamuzakjp/nwsapi@https://registry.npmjs.org/@asamuzakjp/nwsapi/-/nwsapi-2.3.9.tgz. Extracting by manifest.
1582 silly tarball no local data for @asamuzakjp/dom-selector@https://registry.npmjs.org/@asamuzakjp/dom-selector/-/dom-selector-6.8.1.tgz. Extracting by manifest.
1583 silly tarball no local data for @asamuzakjp/css-color@https://registry.npmjs.org/@asamuzakjp/css-color/-/css-color-5.1.11.tgz. Extracting by manifest.
1584 silly tarball no local data for @babel/code-frame@https://registry.npmjs.org/@babel/code-frame/-/code-frame-7.29.7.tgz. Extracting by manifest.
1585 silly tarball no local data for @apm-js-collab/code-transformer@https://registry.npmjs.org/@apm-js-collab/code-transformer/-/code-transformer-0.18.1.tgz. Extracting by manifest.
1586 silly tarball no local data for @adobe/react-spectrum-workflow@https://registry.npmjs.org/@adobe/react-spectrum-workflow/-/react-spectrum-workflow-2.3.5.tgz. Extracting by manifest.
1587 silly tarball no local data for @apm-js-collab/tracing-hooks@https://registry.npmjs.org/@apm-js-collab/tracing-hooks/-/tracing-hooks-0.13.0.tgz. Extracting by manifest.
1588 silly tarball no local data for @apm-js-collab/code-transformer-bundler-plugins@https://registry.npmjs.org/@apm-js-collab/code-transformer-bundler-plugins/-/code-transformer-bundler-plugins-0.7.4.tgz. Extracting by manifest.
1589 silly tarball no local data for @adobe/react-spectrum-ui@https://registry.npmjs.org/@adobe/react-spectrum-ui/-/react-spectrum-ui-1.2.1.tgz. Extracting by manifest.
1590 silly tarball no local data for @adobe/react-spectrum@https://registry.npmjs.org/@adobe/react-spectrum/-/react-spectrum-3.47.3.tgz. Extracting by manifest.
1591 silly tarball no local data for ansi-styles@https://registry.npmjs.org/ansi-styles/-/ansi-styles-4.3.0.tgz. Extracting by manifest.
1592 silly tarball no local data for @acemir/cssom@https://registry.npmjs.org/@acemir/cssom/-/cssom-0.9.31.tgz. Extracting by manifest.
1593 silly tarball no local data for std-env@https://registry.npmjs.org/std-env/-/std-env-4.2.0.tgz. Extracting by manifest.
1594 silly tarball no local data for semver@https://registry.npmjs.org/semver/-/semver-7.8.5.tgz. Extracting by manifest.
1595 silly tarball no local data for lightningcss@https://registry.npmjs.org/lightningcss/-/lightningcss-1.33.0.tgz. Extracting by manifest.
1596 silly tarball no local data for lightningcss-linux-x64-gnu@https://registry.npmjs.org/lightningcss-linux-x64-gnu/-/lightningcss-linux-x64-gnu-1.33.0.tgz. Extracting by manifest.
1597 silly tarball no local data for seroval-plugins@https://registry.npmjs.org/seroval-plugins/-/seroval-plugins-1.5.6.tgz. Extracting by manifest.
1598 silly tarball no local data for seroval@https://registry.npmjs.org/seroval/-/seroval-1.5.6.tgz. Extracting by manifest.
1599 silly tarball no local data for @oxc-project/types@https://registry.npmjs.org/@oxc-project/types/-/types-0.146.0.tgz. Extracting by manifest.
1600 silly tarball no local data for signal-exit@https://registry.npmjs.org/signal-exit/-/signal-exit-3.0.7.tgz. Extracting by manifest.
1601 silly tarball no local data for lru-cache@https://registry.npmjs.org/lru-cache/-/lru-cache-11.5.2.tgz. Extracting by manifest.
1602 silly tarball no local data for tr46@https://registry.npmjs.org/tr46/-/tr46-0.0.3.tgz. Extracting by manifest.
1603 silly tarball no local data for whatwg-url@https://registry.npmjs.org/whatwg-url/-/whatwg-url-5.0.0.tgz. Extracting by manifest.
1604 silly tarball no local data for webidl-conversions@https://registry.npmjs.org/webidl-conversions/-/webidl-conversions-3.0.1.tgz. Extracting by manifest.
1605 silly tarball no local data for https-proxy-agent@https://registry.npmjs.org/https-proxy-agent/-/https-proxy-agent-7.0.6.tgz. Extracting by manifest.
1606 silly tarball no local data for agent-base@https://registry.npmjs.org/agent-base/-/agent-base-7.1.4.tgz. Extracting by manifest.
1607 silly tarball no local data for agent-base@https://registry.npmjs.org/agent-base/-/agent-base-7.1.4.tgz. Extracting by manifest.
1608 silly tarball no local data for rou3@https://registry.npmjs.org/rou3/-/rou3-0.8.1.tgz. Extracting by manifest.
1609 silly tarball no local data for semver@https://registry.npmjs.org/semver/-/semver-7.8.5.tgz. Extracting by manifest.
1610 silly tarball no local data for postgres-array@https://registry.npmjs.org/postgres-array/-/postgres-array-2.0.0.tgz. Extracting by manifest.
1611 silly tarball no local data for brace-expansion@https://registry.npmjs.org/brace-expansion/-/brace-expansion-5.0.9.tgz. Extracting by manifest.
1612 silly tarball no local data for globals@https://registry.npmjs.org/globals/-/globals-15.15.0.tgz. Extracting by manifest.
1613 silly tarball no local data for minimatch@https://registry.npmjs.org/minimatch/-/minimatch-10.2.6.tgz. Extracting by manifest.
1614 silly tarball no local data for semver@https://registry.npmjs.org/semver/-/semver-7.8.5.tgz. Extracting by manifest.
1615 silly tarball no local data for balanced-match@https://registry.npmjs.org/balanced-match/-/balanced-match-4.0.4.tgz. Extracting by manifest.
1616 silly tarball no local data for brace-expansion@https://registry.npmjs.org/brace-expansion/-/brace-expansion-5.0.9.tgz. Extracting by manifest.
1617 silly tarball no local data for minimatch@https://registry.npmjs.org/minimatch/-/minimatch-10.2.6.tgz. Extracting by manifest.
1618 silly tarball no local data for balanced-match@https://registry.npmjs.org/balanced-match/-/balanced-match-4.0.4.tgz. Extracting by manifest.
1619 silly tarball no local data for semver@https://registry.npmjs.org/semver/-/semver-7.8.5.tgz. Extracting by manifest.
1620 silly tarball no local data for react-is@https://registry.npmjs.org/react-is/-/react-is-16.13.1.tgz. Extracting by manifest.
1621 silly tarball no local data for dotenv@https://registry.npmjs.org/dotenv/-/dotenv-16.6.1.tgz. Extracting by manifest.
1622 silly tarball no local data for ansi-styles@https://registry.npmjs.org/ansi-styles/-/ansi-styles-4.3.0.tgz. Extracting by manifest.
1623 silly tarball no local data for escape-string-regexp@https://registry.npmjs.org/escape-string-regexp/-/escape-string-regexp-4.0.0.tgz. Extracting by manifest.
1624 silly tarball no local data for lru-cache@https://registry.npmjs.org/lru-cache/-/lru-cache-11.5.2.tgz. Extracting by manifest.
1625 silly tarball no local data for rou3@https://registry.npmjs.org/rou3/-/rou3-0.9.2.tgz. Extracting by manifest.
1626 silly tarball no local data for chalk@https://registry.npmjs.org/chalk/-/chalk-4.1.2.tgz. Extracting by manifest.
1627 silly tarball no local data for @better-auth/utils@https://registry.npmjs.org/@better-auth/utils/-/utils-0.5.0.tgz. Extracting by manifest.
1628 silly tarball no local data for d3-array@https://registry.npmjs.org/d3-array/-/d3-array-3.2.1.tgz. Extracting by manifest.
1629 silly tarball no local data for @emnapi/wasi-threads@https://registry.npmjs.org/@emnapi/wasi-threads/-/wasi-threads-1.2.1.tgz. Extracting by manifest.
1630 silly tarball no local data for @emnapi/runtime@https://registry.npmjs.org/@emnapi/runtime/-/runtime-1.10.0.tgz. Extracting by manifest.
1631 silly tarball no local data for eslint-visitor-keys@https://registry.npmjs.org/eslint-visitor-keys/-/eslint-visitor-keys-5.0.1.tgz. Extracting by manifest.
1632 silly tarball no local data for minimatch@https://registry.npmjs.org/minimatch/-/minimatch-10.2.6.tgz. Extracting by manifest.
1633 silly tarball no local data for brace-expansion@https://registry.npmjs.org/brace-expansion/-/brace-expansion-5.0.9.tgz. Extracting by manifest.
1634 silly tarball no local data for semver@https://registry.npmjs.org/semver/-/semver-7.8.5.tgz. Extracting by manifest.
1635 silly tarball no local data for @emnapi/core@https://registry.npmjs.org/@emnapi/core/-/core-1.10.0.tgz. Extracting by manifest.
1636 silly tarball no local data for balanced-match@https://registry.npmjs.org/balanced-match/-/balanced-match-4.0.4.tgz. Extracting by manifest.
1637 silly tarball no local data for ignore@https://registry.npmjs.org/ignore/-/ignore-7.0.6.tgz. Extracting by manifest.
1638 silly tarball no local data for source-map@https://registry.npmjs.org/source-map/-/source-map-0.7.6.tgz. Extracting by manifest.
1639 silly tarball no local data for @babel/code-frame@https://registry.npmjs.org/@babel/code-frame/-/code-frame-7.27.1.tgz. Extracting by manifest.
1640 silly tarball no local data for @eslint/js@https://registry.npmjs.org/@eslint/js/-/js-10.0.1.tgz. Extracting by manifest.
1641 silly tarball no local data for @radix-ui/react-slot@https://registry.npmjs.org/@radix-ui/react-slot/-/react-slot-1.2.3.tgz. Extracting by manifest.
1642 silly tarball no local data for @radix-ui/react-primitive@https://registry.npmjs.org/@radix-ui/react-primitive/-/react-primitive-2.1.3.tgz. Extracting by manifest.
1643 silly tarball no local data for json-schema-traverse@https://registry.npmjs.org/json-schema-traverse/-/json-schema-traverse-1.0.0.tgz. Extracting by manifest.
1644 silly tarball no local data for ajv@https://registry.npmjs.org/ajv/-/ajv-8.20.0.tgz. Extracting by manifest.
1645 silly tarball no local data for @prisma/get-platform@https://registry.npmjs.org/@prisma/get-platform/-/get-platform-7.9.1.tgz. Extracting by manifest.
1646 silly tarball no local data for @prisma/get-platform@https://registry.npmjs.org/@prisma/get-platform/-/get-platform-7.9.1.tgz. Extracting by manifest.
1647 silly tarball no local data for eslint-visitor-keys@https://registry.npmjs.org/eslint-visitor-keys/-/eslint-visitor-keys-3.4.3.tgz. Extracting by manifest.
1648 silly tarball no local data for lru-cache@https://registry.npmjs.org/lru-cache/-/lru-cache-11.5.2.tgz. Extracting by manifest.
1649 silly tarball no local data for @prisma/debug@https://registry.npmjs.org/@prisma/debug/-/debug-7.2.0.tgz. Extracting by manifest.
1650 silly tarball no local data for globals@https://registry.npmjs.org/globals/-/globals-14.0.0.tgz. Extracting by manifest.
1651 http fetch POST 200 https://registry.npmjs.org/-/npm/v1/security/advisories/bulk 747ms
1652 silly audit report {
1652 silly audit report   'deepmerge-ts': [
1652 silly audit report     {
1652 silly audit report       id: 1145093,
1652 silly audit report       url: 'https://github.com/advisories/GHSA-ggr8-5vv4-36mx',
1652 silly audit report       title: 'DeepmergeTS has stack exhaustion when merging recursive object graphs',
1652 silly audit report       severity: 'high',
1652 silly audit report       vulnerable_versions: '<8.0.0',
1652 silly audit report       cwe: [Array],
1652 silly audit report       cvss: [Object]
1652 silly audit report     }
1652 silly audit report   ]
1652 silly audit report }
1653 silly packumentCache corgi:https://registry.npmjs.org/deepmerge-ts cache-miss
1654 http fetch GET 200 https://registry.npmjs.org/y18n/-/y18n-5.0.8.tgz 1007ms (cache miss)
1655 http fetch GET 200 https://registry.npmjs.org/which/-/which-2.0.2.tgz 1186ms (cache miss)
1656 http fetch GET 200 https://registry.npmjs.org/xtend/-/xtend-4.0.2.tgz 1346ms (cache miss)
1657 http fetch GET 200 https://registry.npmjs.org/webpack-virtual-modules/-/webpack-virtual-modules-0.6.2.tgz 1365ms (cache miss)
1658 http fetch GET 200 https://registry.npmjs.org/yocto-queue/-/yocto-queue-0.1.0.tgz 1476ms (cache miss)
1659 http fetch GET 200 https://registry.npmjs.org/zeptomatch/-/zeptomatch-2.1.0.tgz 1486ms (cache miss)
1660 http fetch GET 200 https://registry.npmjs.org/xmlchars/-/xmlchars-2.2.0.tgz 1509ms (cache miss)
1661 http fetch GET 200 https://registry.npmjs.org/why-is-node-running/-/why-is-node-running-2.3.0.tgz 1510ms (cache miss)
1662 http fetch GET 200 https://registry.npmjs.org/wrap-ansi/-/wrap-ansi-7.0.0.tgz 1542ms (cache miss)
1663 http fetch GET 200 https://registry.npmjs.org/word-wrap/-/word-wrap-1.2.5.tgz 1562ms (cache miss)
1664 http fetch GET 200 https://registry.npmjs.org/yallist/-/yallist-3.1.1.tgz 1586ms (cache miss)
1665 http fetch GET 200 https://registry.npmjs.org/xml-name-validator/-/xml-name-validator-5.0.0.tgz 1583ms (cache miss)
1666 http fetch GET 200 https://registry.npmjs.org/yargs-parser/-/yargs-parser-21.1.1.tgz 1659ms (cache miss)
1667 http fetch GET 200 https://registry.npmjs.org/whatwg-url/-/whatwg-url-16.0.1.tgz 1860ms (cache miss)
1668 http fetch GET 200 https://registry.npmjs.org/whatwg-mimetype/-/whatwg-mimetype-5.0.0.tgz 1875ms (cache miss)
1669 http fetch GET 200 https://registry.npmjs.org/wildcard-match/-/wildcard-match-5.1.4.tgz 2083ms (cache miss)
1670 http fetch GET 200 https://registry.npmjs.org/yargs/-/yargs-17.7.3.tgz 2204ms (cache miss)
1671 http fetch GET 200 https://registry.npmjs.org/ws/-/ws-8.21.3.tgz 2888ms (cache miss)
1672 http fetch GET 200 https://registry.npmjs.org/webidl-conversions/-/webidl-conversions-8.0.1.tgz 3014ms (cache miss)
1673 http fetch GET 200 https://registry.npmjs.org/undici-types/-/undici-types-6.21.0.tgz 3003ms (cache miss)
1674 http fetch GET 200 https://registry.npmjs.org/unrs-resolver/-/unrs-resolver-1.12.2.tgz 3246ms (cache miss)
1675 http fetch GET 200 https://registry.npmjs.org/update-browserslist-db/-/update-browserslist-db-1.3.1.tgz 3260ms (cache miss)
1676 http fetch GET 200 https://registry.npmjs.org/unplugin/-/unplugin-3.3.0.tgz 3402ms (cache miss)
1677 http fetch GET 200 https://registry.npmjs.org/ufo/-/ufo-1.6.4.tgz 3462ms (cache miss)
1678 http fetch GET 200 https://registry.npmjs.org/vitefu/-/vitefu-1.1.3.tgz 3502ms (cache miss)
1679 http fetch GET 200 https://registry.npmjs.org/util-deprecate/-/util-deprecate-1.0.2.tgz 3516ms (cache miss)
1680 http fetch GET 200 https://registry.npmjs.org/vue-eslint-parser/-/vue-eslint-parser-10.4.1.tgz 3722ms (cache miss)
1681 http fetch GET 200 https://registry.npmjs.org/type-check/-/type-check-0.4.0.tgz 4085ms (cache miss)
1682 http fetch GET 200 https://registry.npmjs.org/use-sync-external-store/-/use-sync-external-store-1.6.0.tgz 4179ms (cache miss)
1683 http fetch GET 200 https://registry.npmjs.org/typescript-eslint/-/typescript-eslint-8.67.0.tgz 12253ms (cache miss)
1684 http fetch GET 200 https://registry.npmjs.org/tr46/-/tr46-6.0.0.tgz 5426ms (cache miss)
1685 http fetch GET 200 https://registry.npmjs.org/tw-animate-css/-/tw-animate-css-1.4.0.tgz 5449ms (cache miss)
1686 http fetch GET 200 https://registry.npmjs.org/w3c-xmlserializer/-/w3c-xmlserializer-5.0.0.tgz 5630ms (cache miss)
1687 http fetch GET 200 https://registry.npmjs.org/ts-declaration-location/-/ts-declaration-location-1.0.7.tgz 5718ms (cache miss)
1688 http fetch GET 200 https://registry.npmjs.org/tslib/-/tslib-2.8.1.tgz 5882ms (cache miss)
1689 http fetch GET 200 https://registry.npmjs.org/uri-js/-/uri-js-4.4.1.tgz 5920ms (cache miss)
1690 http fetch GET 200 https://registry.npmjs.org/xmlbuilder2/-/xmlbuilder2-4.0.3.tgz 5987ms (cache miss)
1691 http fetch GET 200 https://registry.npmjs.org/valibot/-/valibot-1.4.2.tgz 6176ms (cache miss)
1692 http fetch GET 200 https://registry.npmjs.org/tsx/-/tsx-4.23.12.tgz 6286ms (cache miss)
1693 http fetch GET 200 https://registry.npmjs.org/ts-api-utils/-/ts-api-utils-2.5.0.tgz 6378ms (cache miss)
1694 http fetch GET 200 https://registry.npmjs.org/tinyglobby/-/tinyglobby-0.2.17.tgz 6391ms (cache miss)
1695 http fetch GET 200 https://registry.npmjs.org/tinyrainbow/-/tinyrainbow-3.1.1.tgz 6448ms (cache miss)
1696 http fetch GET 200 https://registry.npmjs.org/tinybench/-/tinybench-2.9.0.tgz 7181ms (cache miss)
1697 http fetch GET 200 https://registry.npmjs.org/type-fest/-/type-fest-5.8.0.tgz 7209ms (cache miss)
1698 http fetch GET 200 https://registry.npmjs.org/tldts-core/-/tldts-core-7.4.10.tgz 7443ms (cache miss)
1699 http fetch GET 200 https://registry.npmjs.org/tapable/-/tapable-2.3.3.tgz 7595ms (cache miss)
1700 http fetch GET 200 https://registry.npmjs.org/supports-color/-/supports-color-7.2.0.tgz 7645ms (cache miss)
1701 http fetch GET 200 https://registry.npmjs.org/tagged-tag/-/tagged-tag-1.0.0.tgz 7682ms (cache miss)
1702 http fetch GET 200 https://registry.npmjs.org/zod/-/zod-4.4.3.tgz 7947ms (cache miss)
1703 http fetch GET 200 https://registry.npmjs.org/vitest/-/vitest-4.1.11.tgz 7930ms (cache miss)
1704 http fetch GET 200 https://registry.npmjs.org/symbol-tree/-/symbol-tree-3.2.4.tgz 7953ms (cache miss)
1705 http fetch GET 200 https://registry.npmjs.org/strip-ansi/-/strip-ansi-6.0.1.tgz 8082ms (cache miss)
1706 http fetch GET 200 https://registry.npmjs.org/tailwind-variants/-/tailwind-variants-3.3.1.tgz 8088ms (cache miss)
1707 http fetch GET 200 https://registry.npmjs.org/strip-json-comments/-/strip-json-comments-3.1.1.tgz 8110ms (cache miss)
1708 http fetch GET 200 https://registry.npmjs.org/std-env/-/std-env-3.10.0.tgz 8144ms (cache miss)
1709 http fetch GET 200 https://registry.npmjs.org/tinyexec/-/tinyexec-1.3.0.tgz 8199ms (cache miss)
1710 http fetch GET 200 https://registry.npmjs.org/tailwindcss/-/tailwindcss-4.3.3.tgz 8300ms (cache miss)
1711 http fetch GET 200 https://registry.npmjs.org/string-width/-/string-width-4.2.3.tgz 8335ms (cache miss)
1712 http fetch GET 200 https://registry.npmjs.org/stackback/-/stackback-0.0.2.tgz 8391ms (cache miss)
1713 http fetch GET 200 https://registry.npmjs.org/standardwebhooks/-/standardwebhooks-1.0.0.tgz 8393ms (cache miss)
1714 http fetch GET 200 https://registry.npmjs.org/split2/-/split2-4.2.0.tgz 8586ms (cache miss)
1715 http fetch GET 200 https://registry.npmjs.org/stable-hash-x/-/stable-hash-x-0.2.0.tgz 8628ms (cache miss)
1716 http fetch GET 200 https://registry.npmjs.org/sqlstring/-/sqlstring-2.3.3.tgz 8635ms (cache miss)
1717 http fetch GET 200 https://registry.npmjs.org/signal-exit/-/signal-exit-4.1.0.tgz 8867ms (cache miss)
1718 http fetch GET 200 https://registry.npmjs.org/shebang-command/-/shebang-command-2.0.0.tgz 8867ms (cache miss)
1719 http fetch GET 200 https://registry.npmjs.org/tailwind-merge/-/tailwind-merge-3.4.0.tgz 8968ms (cache miss)
1720 http fetch GET 200 https://registry.npmjs.org/set-cookie-parser/-/set-cookie-parser-3.1.2.tgz 8959ms (cache miss)
1721 http fetch GET 200 https://registry.npmjs.org/shebang-regex/-/shebang-regex-3.0.0.tgz 9102ms (cache miss)
1722 http fetch GET 200 https://registry.npmjs.org/undici/-/undici-7.29.0.tgz 9424ms (cache miss)
1723 http fetch GET 200 https://registry.npmjs.org/shell-quote/-/shell-quote-1.10.0.tgz 9396ms (cache miss)
1724 http fetch GET 200 https://registry.npmjs.org/siginfo/-/siginfo-2.0.0.tgz 9429ms (cache miss)
1725 http fetch GET 200 https://registry.npmjs.org/seroval-plugins/-/seroval-plugins-1.6.3.tgz 9488ms (cache miss)
1726 http fetch GET 200 https://registry.npmjs.org/seq-queue/-/seq-queue-0.0.5.tgz 9585ms (cache miss)
1727 http fetch GET 200 https://registry.npmjs.org/semver/-/semver-6.3.1.tgz 9694ms (cache miss)
1728 http fetch GET 200 https://registry.npmjs.org/source-map-js/-/source-map-js-1.2.1.tgz 9857ms (cache miss)
1729 http fetch GET 200 https://registry.npmjs.org/semifies/-/semifies-1.0.0.tgz 17353ms (cache miss)
1730 http fetch GET 200 https://registry.npmjs.org/safe-regex2/-/safe-regex2-5.1.1.tgz 17439ms (cache miss)
1731 http fetch GET 200 https://registry.npmjs.org/scheduler/-/scheduler-0.27.0.tgz 17455ms (cache miss)
1732 http fetch GET 200 https://registry.npmjs.org/rou3/-/rou3-0.7.12.tgz 17577ms (cache miss)
1733 http fetch GET 200 https://registry.npmjs.org/srvx/-/srvx-0.11.22.tgz 17704ms (cache miss)
1734 http fetch GET 200 https://registry.npmjs.org/solid-js/-/solid-js-1.9.15.tgz 17912ms (cache miss)
1735 http fetch GET 200 https://registry.npmjs.org/saxes/-/saxes-6.0.0.tgz 10157ms (cache miss)
1736 http fetch GET 200 https://registry.npmjs.org/retry/-/retry-0.12.0.tgz 10195ms (cache miss)
1737 http fetch GET 200 https://registry.npmjs.org/safer-buffer/-/safer-buffer-2.1.2.tgz 10286ms (cache miss)
1738 http fetch GET 200 https://registry.npmjs.org/ret/-/ret-0.5.0.tgz 10302ms (cache miss)
1739 http fetch GET 200 https://registry.npmjs.org/seroval/-/seroval-1.6.3.tgz 10367ms (cache miss)
1740 http fetch GET 200 https://registry.npmjs.org/require-in-the-middle/-/require-in-the-middle-8.0.1.tgz 10366ms (cache miss)
1741 http fetch GET 200 https://registry.npmjs.org/resolve-pkg-maps/-/resolve-pkg-maps-1.0.0.tgz 10538ms (cache miss)
1742 http fetch GET 200 https://registry.npmjs.org/resolve-from/-/resolve-from-4.0.0.tgz 10576ms (cache miss)
1743 http fetch GET 200 https://registry.npmjs.org/require-from-string/-/require-from-string-2.0.2.tgz 10648ms (cache miss)
1744 http fetch GET 200 https://registry.npmjs.org/require-directory/-/require-directory-2.1.1.tgz 10792ms (cache miss)
1745 http fetch GET 200 https://registry.npmjs.org/react-is/-/react-is-17.0.2.tgz 12822ms (cache miss)
1746 http fetch GET 200 https://registry.npmjs.org/vite/-/vite-8.2.2.tgz 13428ms (cache miss)
1747 http fetch GET 200 https://registry.npmjs.org/rolldown/-/rolldown-1.2.5.tgz 13699ms (cache miss)
1748 http fetch GET 200 https://registry.npmjs.org/resend/-/resend-6.13.0.tgz 14637ms (cache miss)
1749 http fetch GET 200 https://registry.npmjs.org/rc9/-/rc9-3.0.1.tgz 15428ms (cache miss)
1750 http fetch GET 200 https://registry.npmjs.org/source-map/-/source-map-0.6.1.tgz 15530ms (cache miss)
1751 http fetch GET 200 https://registry.npmjs.org/robust-predicates/-/robust-predicates-3.0.3.tgz 15823ms (cache miss)
1752 http fetch GET 200 https://registry.npmjs.org/tough-cookie/-/tough-cookie-6.0.2.tgz 16320ms (cache miss)
1753 http fetch GET 200 https://registry.npmjs.org/punycode/-/punycode-2.3.1.tgz 17142ms (cache miss)
1754 http fetch GET 200 https://registry.npmjs.org/progress/-/progress-2.0.3.tgz 17919ms (cache miss)
1755 http fetch GET 200 https://registry.npmjs.org/proxy-from-env/-/proxy-from-env-1.1.0.tgz 17992ms (cache miss)
1756 http fetch GET 200 https://registry.npmjs.org/react/-/react-19.2.8.tgz 18047ms (cache miss)
1757 http fetch GET 200 https://registry.npmjs.org/react-transition-group/-/react-transition-group-4.4.5.tgz 18437ms (cache miss)
1758 http fetch GET 200 https://registry.npmjs.org/react-hook-form/-/react-hook-form-7.79.0.tgz 18745ms (cache miss)
1759 http fetch GET 200 https://registry.npmjs.org/proper-lockfile/-/proper-lockfile-4.1.2.tgz 18866ms (cache miss)
1760 http fetch GET 200 https://registry.npmjs.org/prelude-ls/-/prelude-ls-1.2.1.tgz 19517ms (cache miss)
1761 http fetch GET 200 https://registry.npmjs.org/radash/-/radash-12.1.1.tgz 19752ms (cache miss)
1762 http fetch GET 200 https://registry.npmjs.org/postgres-array/-/postgres-array-3.0.4.tgz 27598ms (cache miss)
1763 http fetch GET 200 https://registry.npmjs.org/tldts/-/tldts-7.4.10.tgz 27954ms (cache miss)
1764 http fetch GET 200 https://registry.npmjs.org/prop-types/-/prop-types-15.8.1.tgz 27939ms (cache miss)
1765 http fetch GET 200 https://registry.npmjs.org/postgres-date/-/postgres-date-1.0.7.tgz 20359ms (cache miss)
1766 http fetch GET 200 https://registry.npmjs.org/postgres-bytea/-/postgres-bytea-1.0.1.tgz 20714ms (cache miss)
1767 http fetch GET 200 https://registry.npmjs.org/pretty-format/-/pretty-format-27.5.1.tgz 21038ms (cache miss)
1768 http fetch GET 200 https://registry.npmjs.org/react-stately/-/react-stately-3.49.0.tgz 21220ms (cache miss)
1769 http fetch GET 200 https://registry.npmjs.org/postgres-interval/-/postgres-interval-1.2.0.tgz 21921ms (cache miss)
1770 http fetch GET 200 https://registry.npmjs.org/readdirp/-/readdirp-5.1.1.tgz 22131ms (cache miss)
1771 http fetch GET 200 https://registry.npmjs.org/pure-rand/-/pure-rand-6.1.0.tgz 22147ms (cache miss)
1772 http fetch GET 200 https://registry.npmjs.org/remeda/-/remeda-2.33.4.tgz 22364ms (cache miss)
1773 http fetch GET 200 https://registry.npmjs.org/postal-mime/-/postal-mime-2.7.4.tgz 22470ms (cache miss)
1774 http fetch GET 200 https://registry.npmjs.org/picocolors/-/picocolors-1.1.1.tgz 22494ms (cache miss)
1775 http fetch GET 200 https://registry.npmjs.org/postgres/-/postgres-3.4.7.tgz 22510ms (cache miss)
1776 http fetch GET 200 https://registry.npmjs.org/pgpass/-/pgpass-1.0.5.tgz 22938ms (cache miss)
1777 http fetch GET 200 https://registry.npmjs.org/pg-types/-/pg-types-2.2.0.tgz 23233ms (cache miss)
1778 http fetch GET 200 https://registry.npmjs.org/pg-connection-string/-/pg-connection-string-2.14.0.tgz 24110ms (cache miss)
1779 http fetch GET 200 https://registry.npmjs.org/pkg-types/-/pkg-types-2.3.1.tgz 24773ms (cache miss)
1780 http fetch GET 200 https://registry.npmjs.org/pathe/-/pathe-2.0.3.tgz 24785ms (cache miss)
1781 http fetch GET 200 https://registry.npmjs.org/pg-protocol/-/pg-protocol-1.16.0.tgz 24800ms (cache miss)
1782 http fetch GET 200 https://registry.npmjs.org/pg/-/pg-8.23.0.tgz 32478ms (cache miss)
1783 http fetch GET 200 https://registry.npmjs.org/pg-cloudflare/-/pg-cloudflare-1.4.0.tgz 32638ms (cache miss)
1784 http fetch GET 200 https://registry.npmjs.org/picomatch/-/picomatch-4.0.5.tgz 32733ms (cache miss)
1785 http fetch GET 200 https://registry.npmjs.org/pg-int8/-/pg-int8-1.0.1.tgz 32754ms (cache miss)
1786 http fetch GET 200 https://registry.npmjs.org/perfect-debounce/-/perfect-debounce-2.1.0.tgz 32865ms (cache miss)
1787 http fetch GET 200 https://registry.npmjs.org/p-limit/-/p-limit-3.1.0.tgz 26503ms (cache miss)
1788 http fetch GET 200 https://registry.npmjs.org/path-key/-/path-key-3.1.1.tgz 26606ms (cache miss)
1789 http fetch GET 200 https://registry.npmjs.org/postcss-selector-parser/-/postcss-selector-parser-6.0.10.tgz 28132ms (cache miss)
1790 http fetch GET 200 https://registry.npmjs.org/path-exists/-/path-exists-4.0.0.tgz 28151ms (cache miss)
1791 http fetch GET 200 https://registry.npmjs.org/parse5/-/parse5-8.0.1.tgz 28268ms (cache miss)
1792 http fetch GET 200 https://registry.npmjs.org/parent-module/-/parent-module-1.0.1.tgz 28546ms (cache miss)
1793 http fetch GET 200 https://registry.npmjs.org/openapi-types/-/openapi-types-12.1.3.tgz 28574ms (cache miss)
1794 http fetch GET 200 https://registry.npmjs.org/path-scurry/-/path-scurry-2.0.2.tgz 29088ms (cache miss)
1795 http fetch GET 200 https://registry.npmjs.org/obug/-/obug-2.1.4.tgz 29094ms (cache miss)
1796 http fetch GET 200 https://registry.npmjs.org/ohash/-/ohash-2.0.12.tgz 29243ms (cache miss)
1797 http fetch GET 200 https://registry.npmjs.org/p-locate/-/p-locate-5.0.0.tgz 29246ms (cache miss)
1798 http fetch GET 200 https://registry.npmjs.org/object-assign/-/object-assign-4.1.1.tgz 29425ms (cache miss)
1799 http fetch GET 200 https://registry.npmjs.org/postcss/-/postcss-8.5.26.tgz 30607ms (cache miss)
1800 http fetch GET 200 https://registry.npmjs.org/optionator/-/optionator-0.9.4.tgz 30975ms (cache miss)
1801 http fetch GET 200 https://registry.npmjs.org/natural-compare/-/natural-compare-1.4.0.tgz 39385ms (cache miss)
1802 http fetch GET 200 https://registry.npmjs.org/node-releases/-/node-releases-2.0.53.tgz 32031ms (cache miss)
1803 http fetch GET 200 https://registry.npmjs.org/node-fetch/-/node-fetch-2.7.0.tgz 32210ms (cache miss)
1804 http fetch GET 200 https://registry.npmjs.org/ms/-/ms-2.1.3.tgz 32295ms (cache miss)
1805 http fetch GET 200 https://registry.npmjs.org/napi-postinstall/-/napi-postinstall-0.3.4.tgz 32857ms (cache miss)
1806 http fetch GET 200 https://registry.npmjs.org/module-details-from-path/-/module-details-from-path-1.0.4.tgz 33270ms (cache miss)
1807 http fetch GET 200 https://registry.npmjs.org/named-placeholders/-/named-placeholders-1.1.6.tgz 33555ms (cache miss)
1808 http fetch GET 200 https://registry.npmjs.org/minimatch/-/minimatch-3.1.5.tgz 33596ms (cache miss)
1809 http fetch GET 200 https://registry.npmjs.org/nanostores/-/nanostores-1.5.2.tgz 34146ms (cache miss)
1810 http fetch GET 200 https://registry.npmjs.org/magic-string/-/magic-string-0.30.21.tgz 42536ms (cache miss)
1811 http fetch GET 200 https://registry.npmjs.org/lru-cache/-/lru-cache-5.1.1.tgz 35373ms (cache miss)
1812 http fetch GET 200 https://registry.npmjs.org/minimist/-/minimist-1.2.8.tgz 36046ms (cache miss)
1813 http fetch GET 200 https://registry.npmjs.org/minipass/-/minipass-7.1.3.tgz 38023ms (cache miss)
1814 http fetch GET 200 https://registry.npmjs.org/react-aria-components/-/react-aria-components-1.20.0.tgz 38821ms (cache miss)
1815 http fetch GET 200 https://registry.npmjs.org/pg-pool/-/pg-pool-3.14.0.tgz 38943ms (cache miss)
1816 http fetch GET 200 https://registry.npmjs.org/lz-string/-/lz-string-1.5.0.tgz 38993ms (cache miss)
1817 http fetch GET 200 https://registry.npmjs.org/meriyah/-/meriyah-6.1.4.tgz 39167ms (cache miss)
1818 http fetch GET 200 https://registry.npmjs.org/nanoid/-/nanoid-3.3.18.tgz 39211ms (cache miss)
1819 http fetch GET 200 https://registry.npmjs.org/locate-path/-/locate-path-6.0.0.tgz 39447ms (cache miss)
1820 http fetch GET 200 https://registry.npmjs.org/lru.min/-/lru.min-1.1.4.tgz 39575ms (cache miss)
1821 http fetch GET 200 https://registry.npmjs.org/loose-envify/-/loose-envify-1.4.0.tgz 39591ms (cache miss)
1822 http fetch GET 200 https://registry.npmjs.org/lodash.merge/-/lodash.merge-4.6.2.tgz 39928ms (cache miss)
1823 http fetch GET 200 https://registry.npmjs.org/react-dom/-/react-dom-19.2.8.tgz 40206ms (cache miss)
1824 http fetch GET 200 https://registry.npmjs.org/keyv/-/keyv-4.5.4.tgz 40302ms (cache miss)
1825 http fetch GET 200 https://registry.npmjs.org/levn/-/levn-0.4.1.tgz 41045ms (cache miss)
1826 http fetch GET 200 https://registry.npmjs.org/long/-/long-5.3.2.tgz 41272ms (cache miss)
1827 http fetch GET 200 https://registry.npmjs.org/mdn-data/-/mdn-data-2.27.1.tgz 42097ms (cache miss)
1828 http fetch GET 200 https://registry.npmjs.org/json-stable-stringify-without-jsonify/-/json-stable-stringify-without-jsonify-1.0.1.tgz 42234ms (cache miss)
1829 http fetch GET 200 https://registry.npmjs.org/launch-editor/-/launch-editor-2.14.1.tgz 42289ms (cache miss)
1830 http fetch GET 200 https://registry.npmjs.org/mysql2/-/mysql2-3.15.3.tgz 42472ms (cache miss)
1831 http fetch GET 200 https://registry.npmjs.org/oxc-parser/-/oxc-parser-0.120.0.tgz 42619ms (cache miss)
1832 http fetch GET 200 https://registry.npmjs.org/json-buffer/-/json-buffer-3.0.1.tgz 42757ms (cache miss)
1833 http fetch GET 200 https://registry.npmjs.org/jsesc/-/jsesc-3.1.0.tgz 42940ms (cache miss)
1834 http fetch GET 200 https://registry.npmjs.org/json-schema-traverse/-/json-schema-traverse-0.4.1.tgz 43474ms (cache miss)
1835 http fetch GET 200 https://registry.npmjs.org/json5/-/json5-2.2.3.tgz 43735ms (cache miss)
1836 http fetch GET 200 https://registry.npmjs.org/js-tokens/-/js-tokens-4.0.0.tgz 43784ms (cache miss)
1837 http fetch GET 200 https://registry.npmjs.org/isexe/-/isexe-2.0.0.tgz 44220ms (cache miss)
1838 http fetch GET 200 https://registry.npmjs.org/jose/-/jose-6.2.10.tgz 44469ms (cache miss)
1839 http fetch GET 200 https://registry.npmjs.org/isbot/-/isbot-5.2.1.tgz 44886ms (cache miss)
1840 http fetch GET 200 https://registry.npmjs.org/is-potential-custom-element-name/-/is-potential-custom-element-name-1.0.1.tgz 52464ms (cache miss)
