0 verbose cli /usr/bin/node /usr/bin/npm
1 info using npm@10.9.4
2 info using node@v22.22.0
3 silly config load:file:/usr/lib/node_modules/npm/npmrc
4 silly config load:file:/home/gjugn/.local/share/trueforge/sandboxes/01m13pwnyffsvyyc9snj21949j/01m13pxq97ts3g094ykmjfff8v/.npmrc
5 silly config load:file:/home/gjugn/.local/share/trueforge/sandboxes/01m13pwnyffsvyyc9snj21949j/01m13pxq97ts3g094ykmjfff8v/.home/.npmrc
6 silly config load:file:/usr/etc/npmrc
7 verbose title npm install
8 verbose argv "install" "--legacy-peer-deps"
9 verbose logfile logs-max:10 dir:/home/gjugn/.local/share/trueforge/sandboxes/01m13pwnyffsvyyc9snj21949j/01m13pxq97ts3g094ykmjfff8v/.home/.npm/_logs/2026-08-28T08_16_10_992Z-
10 verbose logfile /home/gjugn/.local/share/trueforge/sandboxes/01m13pwnyffsvyyc9snj21949j/01m13pxq97ts3g094ykmjfff8v/.home/.npm/_logs/2026-08-28T08_16_10_992Z-debug-0.log
11 silly logfile done cleaning log files
12 silly packumentCache heap:2026110976 maxSize:506527744 maxEntrySize:253263872
13 silly idealTree buildDeps
14 silly reify mark retired [
14 silly reify   '/home/gjugn/.local/share/trueforge/sandboxes/01m13pwnyffsvyyc9snj21949j/01m13pxq97ts3g094ykmjfff8v/node_modules/fsevents'
14 silly reify ]
15 silly reify mark retired [
15 silly reify   '/home/gjugn/.local/share/trueforge/sandboxes/01m13pwnyffsvyyc9snj21949j/01m13pxq97ts3g094ykmjfff8v/node_modules/lightningcss-android-arm64'
15 silly reify ]
16 silly reify mark retired [
16 silly reify   '/home/gjugn/.local/share/trueforge/sandboxes/01m13pwnyffsvyyc9snj21949j/01m13pxq97ts3g094ykmjfff8v/node_modules/lightningcss-darwin-arm64'
16 silly reify ]
17 silly reify mark retired [
17 silly reify   '/home/gjugn/.local/share/trueforge/sandboxes/01m13pwnyffsvyyc9snj21949j/01m13pxq97ts3g094ykmjfff8v/node_modules/lightningcss-linux-arm-gnueabihf'
17 silly reify ]
18 silly reify mark retired [
18 silly reify   '/home/gjugn/.local/share/trueforge/sandboxes/01m13pwnyffsvyyc9snj21949j/01m13pxq97ts3g094ykmjfff8v/node_modules/lightningcss-freebsd-x64'
18 silly reify ]
19 silly reify mark retired [
19 silly reify   '/home/gjugn/.local/share/trueforge/sandboxes/01m13pwnyffsvyyc9snj21949j/01m13pxq97ts3g094ykmjfff8v/node_modules/lightningcss-darwin-x64'
19 silly reify ]
20 silly reify mark retired [
20 silly reify   '/home/gjugn/.local/share/trueforge/sandboxes/01m13pwnyffsvyyc9snj21949j/01m13pxq97ts3g094ykmjfff8v/node_modules/lightningcss-linux-arm64-musl'
20 silly reify ]
21 silly reify mark retired [
21 silly reify   '/home/gjugn/.local/share/trueforge/sandboxes/01m13pwnyffsvyyc9snj21949j/01m13pxq97ts3g094ykmjfff8v/node_modules/lightningcss-linux-arm64-gnu'
21 silly reify ]
22 silly reify mark retired [
22 silly reify   '/home/gjugn/.local/share/trueforge/sandboxes/01m13pwnyffsvyyc9snj21949j/01m13pxq97ts3g094ykmjfff8v/node_modules/lightningcss-linux-x64-musl'
22 silly reify ]
23 silly reify mark retired [
23 silly reify   '/home/gjugn/.local/share/trueforge/sandboxes/01m13pwnyffsvyyc9snj21949j/01m13pxq97ts3g094ykmjfff8v/node_modules/lightningcss-win32-arm64-msvc'
23 silly reify ]
24 silly reify mark retired [
24 silly reify   '/home/gjugn/.local/share/trueforge/sandboxes/01m13pwnyffsvyyc9snj21949j/01m13pxq97ts3g094ykmjfff8v/node_modules/lightningcss-win32-x64-msvc'
24 silly reify ]
25 silly reify mark retired [
25 silly reify   '/home/gjugn/.local/share/trueforge/sandboxes/01m13pwnyffsvyyc9snj21949j/01m13pxq97ts3g094ykmjfff8v/node_modules/@esbuild/android-arm'
25 silly reify ]
26 silly reify mark retired [
26 silly reify   '/home/gjugn/.local/share/trueforge/sandboxes/01m13pwnyffsvyyc9snj21949j/01m13pxq97ts3g094ykmjfff8v/node_modules/@esbuild/android-arm64'
26 silly reify ]
27 silly reify mark retired [
27 silly reify   '/home/gjugn/.local/share/trueforge/sandboxes/01m13pwnyffsvyyc9snj21949j/01m13pxq97ts3g094ykmjfff8v/node_modules/@esbuild/aix-ppc64'
27 silly reify ]
28 silly reify mark retired [
28 silly reify   '/home/gjugn/.local/share/trueforge/sandboxes/01m13pwnyffsvyyc9snj21949j/01m13pxq97ts3g094ykmjfff8v/node_modules/@esbuild/android-x64'
28 silly reify ]
29 silly reify mark retired [
29 silly reify   '/home/gjugn/.local/share/trueforge/sandboxes/01m13pwnyffsvyyc9snj21949j/01m13pxq97ts3g094ykmjfff8v/node_modules/@esbuild/darwin-arm64'
29 silly reify ]
30 silly reify mark retired [
30 silly reify   '/home/gjugn/.local/share/trueforge/sandboxes/01m13pwnyffsvyyc9snj21949j/01m13pxq97ts3g094ykmjfff8v/node_modules/@esbuild/darwin-x64'
30 silly reify ]
31 silly reify mark retired [
31 silly reify   '/home/gjugn/.local/share/trueforge/sandboxes/01m13pwnyffsvyyc9snj21949j/01m13pxq97ts3g094ykmjfff8v/node_modules/@esbuild/freebsd-arm64'
31 silly reify ]
32 silly reify mark retired [
32 silly reify   '/home/gjugn/.local/share/trueforge/sandboxes/01m13pwnyffsvyyc9snj21949j/01m13pxq97ts3g094ykmjfff8v/node_modules/@esbuild/linux-arm64'
32 silly reify ]
33 silly reify mark retired [
33 silly reify   '/home/gjugn/.local/share/trueforge/sandboxes/01m13pwnyffsvyyc9snj21949j/01m13pxq97ts3g094ykmjfff8v/node_modules/@esbuild/freebsd-x64'
33 silly reify ]
34 silly reify mark retired [
34 silly reify   '/home/gjugn/.local/share/trueforge/sandboxes/01m13pwnyffsvyyc9snj21949j/01m13pxq97ts3g094ykmjfff8v/node_modules/@esbuild/linux-arm'
34 silly reify ]
35 silly reify mark retired [
35 silly reify   '/home/gjugn/.local/share/trueforge/sandboxes/01m13pwnyffsvyyc9snj21949j/01m13pxq97ts3g094ykmjfff8v/node_modules/@esbuild/linux-ia32'
35 silly reify ]
36 silly reify mark retired [
36 silly reify   '/home/gjugn/.local/share/trueforge/sandboxes/01m13pwnyffsvyyc9snj21949j/01m13pxq97ts3g094ykmjfff8v/node_modules/@esbuild/linux-loong64'
36 silly reify ]
37 silly reify mark retired [
37 silly reify   '/home/gjugn/.local/share/trueforge/sandboxes/01m13pwnyffsvyyc9snj21949j/01m13pxq97ts3g094ykmjfff8v/node_modules/@esbuild/linux-ppc64'
37 silly reify ]
38 silly reify mark retired [
38 silly reify   '/home/gjugn/.local/share/trueforge/sandboxes/01m13pwnyffsvyyc9snj21949j/01m13pxq97ts3g094ykmjfff8v/node_modules/@esbuild/linux-mips64el'
38 silly reify ]
39 silly reify mark retired [
39 silly reify   '/home/gjugn/.local/share/trueforge/sandboxes/01m13pwnyffsvyyc9snj21949j/01m13pxq97ts3g094ykmjfff8v/node_modules/@esbuild/linux-s390x'
39 silly reify ]
40 silly reify mark retired [
40 silly reify   '/home/gjugn/.local/share/trueforge/sandboxes/01m13pwnyffsvyyc9snj21949j/01m13pxq97ts3g094ykmjfff8v/node_modules/@esbuild/linux-riscv64'
40 silly reify ]
41 silly reify mark retired [
41 silly reify   '/home/gjugn/.local/share/trueforge/sandboxes/01m13pwnyffsvyyc9snj21949j/01m13pxq97ts3g094ykmjfff8v/node_modules/@esbuild/netbsd-arm64'
41 silly reify ]
42 silly reify mark retired [
42 silly reify   '/home/gjugn/.local/share/trueforge/sandboxes/01m13pwnyffsvyyc9snj21949j/01m13pxq97ts3g094ykmjfff8v/node_modules/@esbuild/openbsd-arm64'
42 silly reify ]
43 silly reify mark retired [
43 silly reify   '/home/gjugn/.local/share/trueforge/sandboxes/01m13pwnyffsvyyc9snj21949j/01m13pxq97ts3g094ykmjfff8v/node_modules/@esbuild/netbsd-x64'
43 silly reify ]
44 silly reify mark retired [
44 silly reify   '/home/gjugn/.local/share/trueforge/sandboxes/01m13pwnyffsvyyc9snj21949j/01m13pxq97ts3g094ykmjfff8v/node_modules/@esbuild/openbsd-x64'
44 silly reify ]
45 silly reify mark retired [
45 silly reify   '/home/gjugn/.local/share/trueforge/sandboxes/01m13pwnyffsvyyc9snj21949j/01m13pxq97ts3g094ykmjfff8v/node_modules/@esbuild/openharmony-arm64'
45 silly reify ]
46 silly reify mark retired [
46 silly reify   '/home/gjugn/.local/share/trueforge/sandboxes/01m13pwnyffsvyyc9snj21949j/01m13pxq97ts3g094ykmjfff8v/node_modules/@esbuild/sunos-x64'
46 silly reify ]
47 silly reify mark retired [
47 silly reify   '/home/gjugn/.local/share/trueforge/sandboxes/01m13pwnyffsvyyc9snj21949j/01m13pxq97ts3g094ykmjfff8v/node_modules/@esbuild/win32-ia32'
47 silly reify ]
48 silly reify mark retired [
48 silly reify   '/home/gjugn/.local/share/trueforge/sandboxes/01m13pwnyffsvyyc9snj21949j/01m13pxq97ts3g094ykmjfff8v/node_modules/@esbuild/win32-arm64'
48 silly reify ]
49 silly reify mark retired [
49 silly reify   '/home/gjugn/.local/share/trueforge/sandboxes/01m13pwnyffsvyyc9snj21949j/01m13pxq97ts3g094ykmjfff8v/node_modules/@esbuild/win32-x64'
49 silly reify ]
50 silly reify mark retired [
50 silly reify   '/home/gjugn/.local/share/trueforge/sandboxes/01m13pwnyffsvyyc9snj21949j/01m13pxq97ts3g094ykmjfff8v/node_modules/@oxc-parser/binding-android-arm-eabi'
50 silly reify ]
51 silly reify mark retired [
51 silly reify   '/home/gjugn/.local/share/trueforge/sandboxes/01m13pwnyffsvyyc9snj21949j/01m13pxq97ts3g094ykmjfff8v/node_modules/@oxc-parser/binding-android-arm64'
51 silly reify ]
52 silly reify mark retired [
52 silly reify   '/home/gjugn/.local/share/trueforge/sandboxes/01m13pwnyffsvyyc9snj21949j/01m13pxq97ts3g094ykmjfff8v/node_modules/@oxc-parser/binding-darwin-arm64'
52 silly reify ]
53 silly reify mark retired [
53 silly reify   '/home/gjugn/.local/share/trueforge/sandboxes/01m13pwnyffsvyyc9snj21949j/01m13pxq97ts3g094ykmjfff8v/node_modules/@oxc-parser/binding-darwin-x64'
53 silly reify ]
54 silly reify mark retired [
54 silly reify   '/home/gjugn/.local/share/trueforge/sandboxes/01m13pwnyffsvyyc9snj21949j/01m13pxq97ts3g094ykmjfff8v/node_modules/@oxc-parser/binding-freebsd-x64'
54 silly reify ]
55 silly reify mark retired [
55 silly reify   '/home/gjugn/.local/share/trueforge/sandboxes/01m13pwnyffsvyyc9snj21949j/01m13pxq97ts3g094ykmjfff8v/node_modules/@oxc-parser/binding-linux-arm-gnueabihf'
55 silly reify ]
56 silly reify mark retired [
56 silly reify   '/home/gjugn/.local/share/trueforge/sandboxes/01m13pwnyffsvyyc9snj21949j/01m13pxq97ts3g094ykmjfff8v/node_modules/@oxc-parser/binding-linux-arm-musleabihf'
56 silly reify ]
57 silly reify mark retired [
57 silly reify   '/home/gjugn/.local/share/trueforge/sandboxes/01m13pwnyffsvyyc9snj21949j/01m13pxq97ts3g094ykmjfff8v/node_modules/@oxc-parser/binding-linux-arm64-gnu'
57 silly reify ]
58 silly reify mark retired [
58 silly reify   '/home/gjugn/.local/share/trueforge/sandboxes/01m13pwnyffsvyyc9snj21949j/01m13pxq97ts3g094ykmjfff8v/node_modules/@oxc-parser/binding-linux-arm64-musl'
58 silly reify ]
59 silly reify mark retired [
59 silly reify   '/home/gjugn/.local/share/trueforge/sandboxes/01m13pwnyffsvyyc9snj21949j/01m13pxq97ts3g094ykmjfff8v/node_modules/@oxc-parser/binding-linux-ppc64-gnu'
59 silly reify ]
60 silly reify mark retired [
60 silly reify   '/home/gjugn/.local/share/trueforge/sandboxes/01m13pwnyffsvyyc9snj21949j/01m13pxq97ts3g094ykmjfff8v/node_modules/@oxc-parser/binding-linux-riscv64-gnu'
60 silly reify ]
61 silly reify mark retired [
61 silly reify   '/home/gjugn/.local/share/trueforge/sandboxes/01m13pwnyffsvyyc9snj21949j/01m13pxq97ts3g094ykmjfff8v/node_modules/@oxc-parser/binding-linux-s390x-gnu'
61 silly reify ]
62 silly reify mark retired [
62 silly reify   '/home/gjugn/.local/share/trueforge/sandboxes/01m13pwnyffsvyyc9snj21949j/01m13pxq97ts3g094ykmjfff8v/node_modules/@oxc-parser/binding-linux-riscv64-musl'
62 silly reify ]
63 silly reify mark retired [
63 silly reify   '/home/gjugn/.local/share/trueforge/sandboxes/01m13pwnyffsvyyc9snj21949j/01m13pxq97ts3g094ykmjfff8v/node_modules/@oxc-parser/binding-linux-x64-musl'
63 silly reify ]
64 silly reify mark retired [
64 silly reify   '/home/gjugn/.local/share/trueforge/sandboxes/01m13pwnyffsvyyc9snj21949j/01m13pxq97ts3g094ykmjfff8v/node_modules/@oxc-parser/binding-openharmony-arm64'
64 silly reify ]
65 silly reify mark retired [
65 silly reify   '/home/gjugn/.local/share/trueforge/sandboxes/01m13pwnyffsvyyc9snj21949j/01m13pxq97ts3g094ykmjfff8v/node_modules/@oxc-parser/binding-wasm32-wasi'
65 silly reify ]
66 silly reify mark retired [
66 silly reify   '/home/gjugn/.local/share/trueforge/sandboxes/01m13pwnyffsvyyc9snj21949j/01m13pxq97ts3g094ykmjfff8v/node_modules/@oxc-parser/binding-win32-arm64-msvc'
66 silly reify ]
67 silly reify mark retired [
67 silly reify   '/home/gjugn/.local/share/trueforge/sandboxes/01m13pwnyffsvyyc9snj21949j/01m13pxq97ts3g094ykmjfff8v/node_modules/@oxc-parser/binding-win32-ia32-msvc'
67 silly reify ]
68 silly reify mark retired [
68 silly reify   '/home/gjugn/.local/share/trueforge/sandboxes/01m13pwnyffsvyyc9snj21949j/01m13pxq97ts3g094ykmjfff8v/node_modules/@oxc-parser/binding-win32-x64-msvc'
68 silly reify ]
69 silly reify mark retired [
69 silly reify   '/home/gjugn/.local/share/trueforge/sandboxes/01m13pwnyffsvyyc9snj21949j/01m13pxq97ts3g094ykmjfff8v/node_modules/@rolldown/binding-android-arm-eabi'
69 silly reify ]
70 silly reify mark retired [
70 silly reify   '/home/gjugn/.local/share/trueforge/sandboxes/01m13pwnyffsvyyc9snj21949j/01m13pxq97ts3g094ykmjfff8v/node_modules/@rolldown/binding-android-arm64'
70 silly reify ]
71 silly reify mark retired [
71 silly reify   '/home/gjugn/.local/share/trueforge/sandboxes/01m13pwnyffsvyyc9snj21949j/01m13pxq97ts3g094ykmjfff8v/node_modules/@rolldown/binding-darwin-arm64'
71 silly reify ]
72 silly reify mark retired [
72 silly reify   '/home/gjugn/.local/share/trueforge/sandboxes/01m13pwnyffsvyyc9snj21949j/01m13pxq97ts3g094ykmjfff8v/node_modules/@rolldown/binding-darwin-x64'
72 silly reify ]
73 silly reify mark retired [
73 silly reify   '/home/gjugn/.local/share/trueforge/sandboxes/01m13pwnyffsvyyc9snj21949j/01m13pxq97ts3g094ykmjfff8v/node_modules/@rolldown/binding-linux-arm-gnueabihf'
73 silly reify ]
74 silly reify mark retired [
74 silly reify   '/home/gjugn/.local/share/trueforge/sandboxes/01m13pwnyffsvyyc9snj21949j/01m13pxq97ts3g094ykmjfff8v/node_modules/@rolldown/binding-linux-arm64-gnu'
74 silly reify ]
75 silly reify mark retired [
75 silly reify   '/home/gjugn/.local/share/trueforge/sandboxes/01m13pwnyffsvyyc9snj21949j/01m13pxq97ts3g094ykmjfff8v/node_modules/@rolldown/binding-linux-arm64-musl'
75 silly reify ]
76 silly reify mark retired [
76 silly reify   '/home/gjugn/.local/share/trueforge/sandboxes/01m13pwnyffsvyyc9snj21949j/01m13pxq97ts3g094ykmjfff8v/node_modules/@rolldown/binding-linux-ppc64-gnu'
76 silly reify ]
77 silly reify mark retired [
77 silly reify   '/home/gjugn/.local/share/trueforge/sandboxes/01m13pwnyffsvyyc9snj21949j/01m13pxq97ts3g094ykmjfff8v/node_modules/@rolldown/binding-linux-s390x-gnu'
77 silly reify ]
78 silly reify mark retired [
78 silly reify   '/home/gjugn/.local/share/trueforge/sandboxes/01m13pwnyffsvyyc9snj21949j/01m13pxq97ts3g094ykmjfff8v/node_modules/@rolldown/binding-linux-x64-musl'
78 silly reify ]
79 silly reify mark retired [
79 silly reify   '/home/gjugn/.local/share/trueforge/sandboxes/01m13pwnyffsvyyc9snj21949j/01m13pxq97ts3g094ykmjfff8v/node_modules/@rolldown/binding-openharmony-arm64'
79 silly reify ]
80 silly reify mark retired [
80 silly reify   '/home/gjugn/.local/share/trueforge/sandboxes/01m13pwnyffsvyyc9snj21949j/01m13pxq97ts3g094ykmjfff8v/node_modules/@rolldown/binding-win32-arm64-msvc'
80 silly reify ]
81 silly reify mark retired [
81 silly reify   '/home/gjugn/.local/share/trueforge/sandboxes/01m13pwnyffsvyyc9snj21949j/01m13pxq97ts3g094ykmjfff8v/node_modules/@rolldown/binding-win32-x64-msvc'
81 silly reify ]
82 silly reify mark retired [
82 silly reify   '/home/gjugn/.local/share/trueforge/sandboxes/01m13pwnyffsvyyc9snj21949j/01m13pxq97ts3g094ykmjfff8v/node_modules/@sentry/cli-darwin'
82 silly reify ]
83 silly reify mark retired [
83 silly reify   '/home/gjugn/.local/share/trueforge/sandboxes/01m13pwnyffsvyyc9snj21949j/01m13pxq97ts3g094ykmjfff8v/node_modules/@sentry/cli-linux-arm'
83 silly reify ]
84 silly reify mark retired [
84 silly reify   '/home/gjugn/.local/share/trueforge/sandboxes/01m13pwnyffsvyyc9snj21949j/01m13pxq97ts3g094ykmjfff8v/node_modules/@sentry/cli-linux-arm64'
84 silly reify ]
85 silly reify mark retired [
85 silly reify   '/home/gjugn/.local/share/trueforge/sandboxes/01m13pwnyffsvyyc9snj21949j/01m13pxq97ts3g094ykmjfff8v/node_modules/@sentry/cli-linux-i686'
85 silly reify ]
86 silly reify mark retired [
86 silly reify   '/home/gjugn/.local/share/trueforge/sandboxes/01m13pwnyffsvyyc9snj21949j/01m13pxq97ts3g094ykmjfff8v/node_modules/@sentry/cli-win32-arm64'
86 silly reify ]
87 silly reify mark retired [
87 silly reify   '/home/gjugn/.local/share/trueforge/sandboxes/01m13pwnyffsvyyc9snj21949j/01m13pxq97ts3g094ykmjfff8v/node_modules/@sentry/cli-win32-i686'
87 silly reify ]
88 silly reify mark retired [
88 silly reify   '/home/gjugn/.local/share/trueforge/sandboxes/01m13pwnyffsvyyc9snj21949j/01m13pxq97ts3g094ykmjfff8v/node_modules/@sentry/cli-win32-x64'
88 silly reify ]
89 silly reify mark retired [
89 silly reify   '/home/gjugn/.local/share/trueforge/sandboxes/01m13pwnyffsvyyc9snj21949j/01m13pxq97ts3g094ykmjfff8v/node_modules/@rolldown/binding-freebsd-x64'
89 silly reify ]
90 silly reify mark retired [
90 silly reify   '/home/gjugn/.local/share/trueforge/sandboxes/01m13pwnyffsvyyc9snj21949j/01m13pxq97ts3g094ykmjfff8v/node_modules/@tailwindcss/oxide-android-arm64'
90 silly reify ]
91 silly reify mark retired [
91 silly reify   '/home/gjugn/.local/share/trueforge/sandboxes/01m13pwnyffsvyyc9snj21949j/01m13pxq97ts3g094ykmjfff8v/node_modules/@tailwindcss/oxide-darwin-arm64'
91 silly reify ]
92 silly reify mark retired [
92 silly reify   '/home/gjugn/.local/share/trueforge/sandboxes/01m13pwnyffsvyyc9snj21949j/01m13pxq97ts3g094ykmjfff8v/node_modules/@tailwindcss/oxide-freebsd-x64'
92 silly reify ]
93 silly reify mark retired [
93 silly reify   '/home/gjugn/.local/share/trueforge/sandboxes/01m13pwnyffsvyyc9snj21949j/01m13pxq97ts3g094ykmjfff8v/node_modules/@tailwindcss/oxide-darwin-x64'
93 silly reify ]
94 silly reify mark retired [
94 silly reify   '/home/gjugn/.local/share/trueforge/sandboxes/01m13pwnyffsvyyc9snj21949j/01m13pxq97ts3g094ykmjfff8v/node_modules/@tailwindcss/oxide-linux-arm-gnueabihf'
94 silly reify ]
95 silly reify mark retired [
95 silly reify   '/home/gjugn/.local/share/trueforge/sandboxes/01m13pwnyffsvyyc9snj21949j/01m13pxq97ts3g094ykmjfff8v/node_modules/@tailwindcss/oxide-linux-arm64-musl'
95 silly reify ]
96 silly reify mark retired [
96 silly reify   '/home/gjugn/.local/share/trueforge/sandboxes/01m13pwnyffsvyyc9snj21949j/01m13pxq97ts3g094ykmjfff8v/node_modules/@tailwindcss/oxide-linux-arm64-gnu'
96 silly reify ]
97 silly reify mark retired [
97 silly reify   '/home/gjugn/.local/share/trueforge/sandboxes/01m13pwnyffsvyyc9snj21949j/01m13pxq97ts3g094ykmjfff8v/node_modules/@tailwindcss/oxide-linux-x64-musl'
97 silly reify ]
98 silly reify mark retired [
98 silly reify   '/home/gjugn/.local/share/trueforge/sandboxes/01m13pwnyffsvyyc9snj21949j/01m13pxq97ts3g094ykmjfff8v/node_modules/@tailwindcss/oxide-win32-arm64-msvc'
98 silly reify ]
99 silly reify mark retired [
99 silly reify   '/home/gjugn/.local/share/trueforge/sandboxes/01m13pwnyffsvyyc9snj21949j/01m13pxq97ts3g094ykmjfff8v/node_modules/@tailwindcss/oxide-wasm32-wasi'
99 silly reify ]
100 silly reify mark retired [
100 silly reify   '/home/gjugn/.local/share/trueforge/sandboxes/01m13pwnyffsvyyc9snj21949j/01m13pxq97ts3g094ykmjfff8v/node_modules/@tailwindcss/oxide-win32-x64-msvc'
100 silly reify ]
101 silly reify mark retired [
101 silly reify   '/home/gjugn/.local/share/trueforge/sandboxes/01m13pwnyffsvyyc9snj21949j/01m13pxq97ts3g094ykmjfff8v/node_modules/@unrs/resolver-binding-android-arm-eabi'
101 silly reify ]
102 silly reify mark retired [
102 silly reify   '/home/gjugn/.local/share/trueforge/sandboxes/01m13pwnyffsvyyc9snj21949j/01m13pxq97ts3g094ykmjfff8v/node_modules/@unrs/resolver-binding-darwin-arm64'
102 silly reify ]
103 silly reify mark retired [
103 silly reify   '/home/gjugn/.local/share/trueforge/sandboxes/01m13pwnyffsvyyc9snj21949j/01m13pxq97ts3g094ykmjfff8v/node_modules/@unrs/resolver-binding-android-arm64'
103 silly reify ]
104 silly reify mark retired [
104 silly reify   '/home/gjugn/.local/share/trueforge/sandboxes/01m13pwnyffsvyyc9snj21949j/01m13pxq97ts3g094ykmjfff8v/node_modules/@unrs/resolver-binding-darwin-x64'
104 silly reify ]
105 silly reify mark retired [
105 silly reify   '/home/gjugn/.local/share/trueforge/sandboxes/01m13pwnyffsvyyc9snj21949j/01m13pxq97ts3g094ykmjfff8v/node_modules/@unrs/resolver-binding-freebsd-x64'
105 silly reify ]
106 silly reify mark retired [
106 silly reify   '/home/gjugn/.local/share/trueforge/sandboxes/01m13pwnyffsvyyc9snj21949j/01m13pxq97ts3g094ykmjfff8v/node_modules/@unrs/resolver-binding-linux-arm-musleabihf'
106 silly reify ]
107 silly reify mark retired [
107 silly reify   '/home/gjugn/.local/share/trueforge/sandboxes/01m13pwnyffsvyyc9snj21949j/01m13pxq97ts3g094ykmjfff8v/node_modules/@unrs/resolver-binding-linux-arm-gnueabihf'
107 silly reify ]
108 silly reify mark retired [
108 silly reify   '/home/gjugn/.local/share/trueforge/sandboxes/01m13pwnyffsvyyc9snj21949j/01m13pxq97ts3g094ykmjfff8v/node_modules/@unrs/resolver-binding-linux-arm64-gnu'
108 silly reify ]
109 silly reify mark retired [
109 silly reify   '/home/gjugn/.local/share/trueforge/sandboxes/01m13pwnyffsvyyc9snj21949j/01m13pxq97ts3g094ykmjfff8v/node_modules/@unrs/resolver-binding-linux-arm64-musl'
109 silly reify ]
110 silly reify mark retired [
110 silly reify   '/home/gjugn/.local/share/trueforge/sandboxes/01m13pwnyffsvyyc9snj21949j/01m13pxq97ts3g094ykmjfff8v/node_modules/@unrs/resolver-binding-linux-loong64-gnu'
110 silly reify ]
111 silly reify mark retired [
111 silly reify   '/home/gjugn/.local/share/trueforge/sandboxes/01m13pwnyffsvyyc9snj21949j/01m13pxq97ts3g094ykmjfff8v/node_modules/@unrs/resolver-binding-linux-loong64-musl'
111 silly reify ]
112 silly reify mark retired [
112 silly reify   '/home/gjugn/.local/share/trueforge/sandboxes/01m13pwnyffsvyyc9snj21949j/01m13pxq97ts3g094ykmjfff8v/node_modules/@unrs/resolver-binding-linux-ppc64-gnu'
112 silly reify ]
113 silly reify mark retired [
113 silly reify   '/home/gjugn/.local/share/trueforge/sandboxes/01m13pwnyffsvyyc9snj21949j/01m13pxq97ts3g094ykmjfff8v/node_modules/@unrs/resolver-binding-linux-riscv64-gnu'
113 silly reify ]
114 silly reify mark retired [
114 silly reify   '/home/gjugn/.local/share/trueforge/sandboxes/01m13pwnyffsvyyc9snj21949j/01m13pxq97ts3g094ykmjfff8v/node_modules/@unrs/resolver-binding-linux-riscv64-musl'
114 silly reify ]
115 silly reify mark retired [
115 silly reify   '/home/gjugn/.local/share/trueforge/sandboxes/01m13pwnyffsvyyc9snj21949j/01m13pxq97ts3g094ykmjfff8v/node_modules/@unrs/resolver-binding-linux-s390x-gnu'
115 silly reify ]
116 silly reify mark retired [
116 silly reify   '/home/gjugn/.local/share/trueforge/sandboxes/01m13pwnyffsvyyc9snj21949j/01m13pxq97ts3g094ykmjfff8v/node_modules/@unrs/resolver-binding-linux-x64-musl'
116 silly reify ]
117 silly reify mark retired [
117 silly reify   '/home/gjugn/.local/share/trueforge/sandboxes/01m13pwnyffsvyyc9snj21949j/01m13pxq97ts3g094ykmjfff8v/node_modules/@unrs/resolver-binding-openharmony-arm64'
117 silly reify ]
118 silly reify mark retired [
118 silly reify   '/home/gjugn/.local/share/trueforge/sandboxes/01m13pwnyffsvyyc9snj21949j/01m13pxq97ts3g094ykmjfff8v/node_modules/@unrs/resolver-binding-wasm32-wasi'
118 silly reify ]
119 silly reify mark retired [
119 silly reify   '/home/gjugn/.local/share/trueforge/sandboxes/01m13pwnyffsvyyc9snj21949j/01m13pxq97ts3g094ykmjfff8v/node_modules/@unrs/resolver-binding-win32-arm64-msvc'
119 silly reify ]
120 silly reify mark retired [
120 silly reify   '/home/gjugn/.local/share/trueforge/sandboxes/01m13pwnyffsvyyc9snj21949j/01m13pxq97ts3g094ykmjfff8v/node_modules/@unrs/resolver-binding-win32-ia32-msvc'
120 silly reify ]
121 silly reify mark retired [
121 silly reify   '/home/gjugn/.local/share/trueforge/sandboxes/01m13pwnyffsvyyc9snj21949j/01m13pxq97ts3g094ykmjfff8v/node_modules/@unrs/resolver-binding-win32-x64-msvc'
121 silly reify ]
122 silly reify mark retired [
122 silly reify   '/home/gjugn/.local/share/trueforge/sandboxes/01m13pwnyffsvyyc9snj21949j/01m13pxq97ts3g094ykmjfff8v/node_modules/acorn',
122 silly reify   '/home/gjugn/.local/share/trueforge/sandboxes/01m13pwnyffsvyyc9snj21949j/01m13pxq97ts3g094ykmjfff8v/node_modules/.bin/acorn'
122 silly reify ]
123 silly reify mark retired [
123 silly reify   '/home/gjugn/.local/share/trueforge/sandboxes/01m13pwnyffsvyyc9snj21949j/01m13pxq97ts3g094ykmjfff8v/node_modules/astring',
123 silly reify   '/home/gjugn/.local/share/trueforge/sandboxes/01m13pwnyffsvyyc9snj21949j/01m13pxq97ts3g094ykmjfff8v/node_modules/.bin/astring'
123 silly reify ]
124 silly reify mark retired [
124 silly reify   '/home/gjugn/.local/share/trueforge/sandboxes/01m13pwnyffsvyyc9snj21949j/01m13pxq97ts3g094ykmjfff8v/node_modules/baseline-browser-mapping',
124 silly reify   '/home/gjugn/.local/share/trueforge/sandboxes/01m13pwnyffsvyyc9snj21949j/01m13pxq97ts3g094ykmjfff8v/node_modules/.bin/baseline-browser-mapping'
124 silly reify ]
125 silly reify mark retired [
125 silly reify   '/home/gjugn/.local/share/trueforge/sandboxes/01m13pwnyffsvyyc9snj21949j/01m13pxq97ts3g094ykmjfff8v/node_modules/browserslist',
125 silly reify   '/home/gjugn/.local/share/trueforge/sandboxes/01m13pwnyffsvyyc9snj21949j/01m13pxq97ts3g094ykmjfff8v/node_modules/.bin/browserslist'
125 silly reify ]
126 silly reify mark retired [
126 silly reify   '/home/gjugn/.local/share/trueforge/sandboxes/01m13pwnyffsvyyc9snj21949j/01m13pxq97ts3g094ykmjfff8v/node_modules/cssesc',
126 silly reify   '/home/gjugn/.local/share/trueforge/sandboxes/01m13pwnyffsvyyc9snj21949j/01m13pxq97ts3g094ykmjfff8v/node_modules/.bin/cssesc'
126 silly reify ]
127 silly reify mark retired [
127 silly reify   '/home/gjugn/.local/share/trueforge/sandboxes/01m13pwnyffsvyyc9snj21949j/01m13pxq97ts3g094ykmjfff8v/node_modules/dodopayments',
127 silly reify   '/home/gjugn/.local/share/trueforge/sandboxes/01m13pwnyffsvyyc9snj21949j/01m13pxq97ts3g094ykmjfff8v/node_modules/.bin/dodopayments'
127 silly reify ]
128 silly reify mark retired [
128 silly reify   '/home/gjugn/.local/share/trueforge/sandboxes/01m13pwnyffsvyyc9snj21949j/01m13pxq97ts3g094ykmjfff8v/node_modules/dotenv-cli',
128 silly reify   '/home/gjugn/.local/share/trueforge/sandboxes/01m13pwnyffsvyyc9snj21949j/01m13pxq97ts3g094ykmjfff8v/node_modules/.bin/dotenv'
128 silly reify ]
129 silly reify mark retired [
129 silly reify   '/home/gjugn/.local/share/trueforge/sandboxes/01m13pwnyffsvyyc9snj21949j/01m13pxq97ts3g094ykmjfff8v/node_modules/eslint-compat-utils/node_modules/semver',
129 silly reify   '/home/gjugn/.local/share/trueforge/sandboxes/01m13pwnyffsvyyc9snj21949j/01m13pxq97ts3g094ykmjfff8v/node_modules/eslint-compat-utils/node_modules/.bin/semver'
129 silly reify ]
130 silly reify mark retired [
130 silly reify   '/home/gjugn/.local/share/trueforge/sandboxes/01m13pwnyffsvyyc9snj21949j/01m13pxq97ts3g094ykmjfff8v/node_modules/esbuild',
130 silly reify   '/home/gjugn/.local/share/trueforge/sandboxes/01m13pwnyffsvyyc9snj21949j/01m13pxq97ts3g094ykmjfff8v/node_modules/.bin/esbuild'
130 silly reify ]
131 silly reify mark retired [
131 silly reify   '/home/gjugn/.local/share/trueforge/sandboxes/01m13pwnyffsvyyc9snj21949j/01m13pxq97ts3g094ykmjfff8v/node_modules/eslint',
131 silly reify   '/home/gjugn/.local/share/trueforge/sandboxes/01m13pwnyffsvyyc9snj21949j/01m13pxq97ts3g094ykmjfff8v/node_modules/.bin/eslint'
131 silly reify ]
132 silly reify mark retired [
132 silly reify   '/home/gjugn/.local/share/trueforge/sandboxes/01m13pwnyffsvyyc9snj21949j/01m13pxq97ts3g094ykmjfff8v/node_modules/eslint-plugin-n/node_modules/semver',
132 silly reify   '/home/gjugn/.local/share/trueforge/sandboxes/01m13pwnyffsvyyc9snj21949j/01m13pxq97ts3g094ykmjfff8v/node_modules/eslint-plugin-n/node_modules/.bin/semver'
132 silly reify ]
133 silly reify mark retired [
133 silly reify   '/home/gjugn/.local/share/trueforge/sandboxes/01m13pwnyffsvyyc9snj21949j/01m13pxq97ts3g094ykmjfff8v/node_modules/giget',
133 silly reify   '/home/gjugn/.local/share/trueforge/sandboxes/01m13pwnyffsvyyc9snj21949j/01m13pxq97ts3g094ykmjfff8v/node_modules/.bin/giget'
133 silly reify ]
134 silly reify mark retired [
134 silly reify   '/home/gjugn/.local/share/trueforge/sandboxes/01m13pwnyffsvyyc9snj21949j/01m13pxq97ts3g094ykmjfff8v/node_modules/h3-v2',
134 silly reify   '/home/gjugn/.local/share/trueforge/sandboxes/01m13pwnyffsvyyc9snj21949j/01m13pxq97ts3g094ykmjfff8v/node_modules/.bin/h3'
134 silly reify ]
135 silly reify mark retired [
135 silly reify   '/home/gjugn/.local/share/trueforge/sandboxes/01m13pwnyffsvyyc9snj21949j/01m13pxq97ts3g094ykmjfff8v/node_modules/intl-messageformat'
135 silly reify ]
136 silly reify mark retired [
136 silly reify   '/home/gjugn/.local/share/trueforge/sandboxes/01m13pwnyffsvyyc9snj21949j/01m13pxq97ts3g094ykmjfff8v/node_modules/eslint-plugin-import-x/node_modules/semver',
136 silly reify   '/home/gjugn/.local/share/trueforge/sandboxes/01m13pwnyffsvyyc9snj21949j/01m13pxq97ts3g094ykmjfff8v/node_modules/eslint-plugin-import-x/node_modules/.bin/semver'
136 silly reify ]
137 silly reify mark retired [
137 silly reify   '/home/gjugn/.local/share/trueforge/sandboxes/01m13pwnyffsvyyc9snj21949j/01m13pxq97ts3g094ykmjfff8v/node_modules/js-yaml',
137 silly reify   '/home/gjugn/.local/share/trueforge/sandboxes/01m13pwnyffsvyyc9snj21949j/01m13pxq97ts3g094ykmjfff8v/node_modules/.bin/js-yaml'
137 silly reify ]
138 silly reify mark retired [
138 silly reify   '/home/gjugn/.local/share/trueforge/sandboxes/01m13pwnyffsvyyc9snj21949j/01m13pxq97ts3g094ykmjfff8v/node_modules/jsesc',
138 silly reify   '/home/gjugn/.local/share/trueforge/sandboxes/01m13pwnyffsvyyc9snj21949j/01m13pxq97ts3g094ykmjfff8v/node_modules/.bin/jsesc'
138 silly reify ]
139 silly reify mark retired [
139 silly reify   '/home/gjugn/.local/share/trueforge/sandboxes/01m13pwnyffsvyyc9snj21949j/01m13pxq97ts3g094ykmjfff8v/node_modules/jiti',
139 silly reify   '/home/gjugn/.local/share/trueforge/sandboxes/01m13pwnyffsvyyc9snj21949j/01m13pxq97ts3g094ykmjfff8v/node_modules/.bin/jiti'
139 silly reify ]
140 silly reify mark retired [
140 silly reify   '/home/gjugn/.local/share/trueforge/sandboxes/01m13pwnyffsvyyc9snj21949j/01m13pxq97ts3g094ykmjfff8v/node_modules/json5',
140 silly reify   '/home/gjugn/.local/share/trueforge/sandboxes/01m13pwnyffsvyyc9snj21949j/01m13pxq97ts3g094ykmjfff8v/node_modules/.bin/json5'
140 silly reify ]
141 silly reify mark retired [
141 silly reify   '/home/gjugn/.local/share/trueforge/sandboxes/01m13pwnyffsvyyc9snj21949j/01m13pxq97ts3g094ykmjfff8v/node_modules/loose-envify',
141 silly reify   '/home/gjugn/.local/share/trueforge/sandboxes/01m13pwnyffsvyyc9snj21949j/01m13pxq97ts3g094ykmjfff8v/node_modules/.bin/loose-envify'
141 silly reify ]
142 silly reify mark retired [
142 silly reify   '/home/gjugn/.local/share/trueforge/sandboxes/01m13pwnyffsvyyc9snj21949j/01m13pxq97ts3g094ykmjfff8v/node_modules/lz-string',
142 silly reify   '/home/gjugn/.local/share/trueforge/sandboxes/01m13pwnyffsvyyc9snj21949j/01m13pxq97ts3g094ykmjfff8v/node_modules/.bin/lz-string'
142 silly reify ]
143 silly reify mark retired [
143 silly reify   '/home/gjugn/.local/share/trueforge/sandboxes/01m13pwnyffsvyyc9snj21949j/01m13pxq97ts3g094ykmjfff8v/node_modules/nanoid',
143 silly reify   '/home/gjugn/.local/share/trueforge/sandboxes/01m13pwnyffsvyyc9snj21949j/01m13pxq97ts3g094ykmjfff8v/node_modules/.bin/nanoid'
143 silly reify ]
144 silly reify mark retired [
144 silly reify   '/home/gjugn/.local/share/trueforge/sandboxes/01m13pwnyffsvyyc9snj21949j/01m13pxq97ts3g094ykmjfff8v/node_modules/napi-postinstall',
144 silly reify   '/home/gjugn/.local/share/trueforge/sandboxes/01m13pwnyffsvyyc9snj21949j/01m13pxq97ts3g094ykmjfff8v/node_modules/.bin/napi-postinstall'
144 silly reify ]
145 silly reify mark retired [
145 silly reify   '/home/gjugn/.local/share/trueforge/sandboxes/01m13pwnyffsvyyc9snj21949j/01m13pxq97ts3g094ykmjfff8v/node_modules/prettier',
145 silly reify   '/home/gjugn/.local/share/trueforge/sandboxes/01m13pwnyffsvyyc9snj21949j/01m13pxq97ts3g094ykmjfff8v/node_modules/.bin/prettier'
145 silly reify ]
146 silly reify mark retired [
146 silly reify   '/home/gjugn/.local/share/trueforge/sandboxes/01m13pwnyffsvyyc9snj21949j/01m13pxq97ts3g094ykmjfff8v/node_modules/prisma',
146 silly reify   '/home/gjugn/.local/share/trueforge/sandboxes/01m13pwnyffsvyyc9snj21949j/01m13pxq97ts3g094ykmjfff8v/node_modules/.bin/prisma'
146 silly reify ]
147 silly reify mark retired [
147 silly reify   '/home/gjugn/.local/share/trueforge/sandboxes/01m13pwnyffsvyyc9snj21949j/01m13pxq97ts3g094ykmjfff8v/node_modules/rolldown',
147 silly reify   '/home/gjugn/.local/share/trueforge/sandboxes/01m13pwnyffsvyyc9snj21949j/01m13pxq97ts3g094ykmjfff8v/node_modules/.bin/rolldown'
147 silly reify ]
148 silly reify mark retired [
148 silly reify   '/home/gjugn/.local/share/trueforge/sandboxes/01m13pwnyffsvyyc9snj21949j/01m13pxq97ts3g094ykmjfff8v/node_modules/safe-regex2',
148 silly reify   '/home/gjugn/.local/share/trueforge/sandboxes/01m13pwnyffsvyyc9snj21949j/01m13pxq97ts3g094ykmjfff8v/node_modules/.bin/safe-regex2'
148 silly reify ]
149 silly reify mark retired [
149 silly reify   '/home/gjugn/.local/share/trueforge/sandboxes/01m13pwnyffsvyyc9snj21949j/01m13pxq97ts3g094ykmjfff8v/node_modules/semver',
149 silly reify   '/home/gjugn/.local/share/trueforge/sandboxes/01m13pwnyffsvyyc9snj21949j/01m13pxq97ts3g094ykmjfff8v/node_modules/.bin/semver'
149 silly reify ]
150 silly reify mark retired [
150 silly reify   '/home/gjugn/.local/share/trueforge/sandboxes/01m13pwnyffsvyyc9snj21949j/01m13pxq97ts3g094ykmjfff8v/node_modules/srvx',
150 silly reify   '/home/gjugn/.local/share/trueforge/sandboxes/01m13pwnyffsvyyc9snj21949j/01m13pxq97ts3g094ykmjfff8v/node_modules/.bin/srvx'
150 silly reify ]
151 silly reify mark retired [
151 silly reify   '/home/gjugn/.local/share/trueforge/sandboxes/01m13pwnyffsvyyc9snj21949j/01m13pxq97ts3g094ykmjfff8v/node_modules/tldts',
151 silly reify   '/home/gjugn/.local/share/trueforge/sandboxes/01m13pwnyffsvyyc9snj21949j/01m13pxq97ts3g094ykmjfff8v/node_modules/.bin/tldts'
151 silly reify ]
152 silly reify mark retired [
152 silly reify   '/home/gjugn/.local/share/trueforge/sandboxes/01m13pwnyffsvyyc9snj21949j/01m13pxq97ts3g094ykmjfff8v/node_modules/tsx',
152 silly reify   '/home/gjugn/.local/share/trueforge/sandboxes/01m13pwnyffsvyyc9snj21949j/01m13pxq97ts3g094ykmjfff8v/node_modules/.bin/tsx'
152 silly reify ]
153 silly reify mark retired [
153 silly reify   '/home/gjugn/.local/share/trueforge/sandboxes/01m13pwnyffsvyyc9snj21949j/01m13pxq97ts3g094ykmjfff8v/node_modules/typescript',
153 silly reify   '/home/gjugn/.local/share/trueforge/sandboxes/01m13pwnyffsvyyc9snj21949j/01m13pxq97ts3g094ykmjfff8v/node_modules/.bin/tsc',
153 silly reify   '/home/gjugn/.local/share/trueforge/sandboxes/01m13pwnyffsvyyc9snj21949j/01m13pxq97ts3g094ykmjfff8v/node_modules/.bin/tsserver'
153 silly reify ]
154 silly reify mark retired [
154 silly reify   '/home/gjugn/.local/share/trueforge/sandboxes/01m13pwnyffsvyyc9snj21949j/01m13pxq97ts3g094ykmjfff8v/node_modules/update-browserslist-db',
154 silly reify   '/home/gjugn/.local/share/trueforge/sandboxes/01m13pwnyffsvyyc9snj21949j/01m13pxq97ts3g094ykmjfff8v/node_modules/.bin/update-browserslist-db'
154 silly reify ]
155 silly reify mark retired [
155 silly reify   '/home/gjugn/.local/share/trueforge/sandboxes/01m13pwnyffsvyyc9snj21949j/01m13pxq97ts3g094ykmjfff8v/node_modules/vitest',
155 silly reify   '/home/gjugn/.local/share/trueforge/sandboxes/01m13pwnyffsvyyc9snj21949j/01m13pxq97ts3g094ykmjfff8v/node_modules/.bin/vitest'
155 silly reify ]
156 silly reify mark retired [
156 silly reify   '/home/gjugn/.local/share/trueforge/sandboxes/01m13pwnyffsvyyc9snj21949j/01m13pxq97ts3g094ykmjfff8v/node_modules/vite',
156 silly reify   '/home/gjugn/.local/share/trueforge/sandboxes/01m13pwnyffsvyyc9snj21949j/01m13pxq97ts3g094ykmjfff8v/node_modules/.bin/vite'
156 silly reify ]
157 silly reify mark retired [
157 silly reify   '/home/gjugn/.local/share/trueforge/sandboxes/01m13pwnyffsvyyc9snj21949j/01m13pxq97ts3g094ykmjfff8v/node_modules/vue-eslint-parser/node_modules/semver',
157 silly reify   '/home/gjugn/.local/share/trueforge/sandboxes/01m13pwnyffsvyyc9snj21949j/01m13pxq97ts3g094ykmjfff8v/node_modules/vue-eslint-parser/node_modules/.bin/semver'
157 silly reify ]
158 silly reify mark retired [
158 silly reify   '/home/gjugn/.local/share/trueforge/sandboxes/01m13pwnyffsvyyc9snj21949j/01m13pxq97ts3g094ykmjfff8v/node_modules/which',
158 silly reify   '/home/gjugn/.local/share/trueforge/sandboxes/01m13pwnyffsvyyc9snj21949j/01m13pxq97ts3g094ykmjfff8v/node_modules/.bin/node-which'
158 silly reify ]
159 silly reify mark retired [
159 silly reify   '/home/gjugn/.local/share/trueforge/sandboxes/01m13pwnyffsvyyc9snj21949j/01m13pxq97ts3g094ykmjfff8v/node_modules/why-is-node-running',
159 silly reify   '/home/gjugn/.local/share/trueforge/sandboxes/01m13pwnyffsvyyc9snj21949j/01m13pxq97ts3g094ykmjfff8v/node_modules/.bin/why-is-node-running'
159 silly reify ]
160 silly reify mark retired [
160 silly reify   '/home/gjugn/.local/share/trueforge/sandboxes/01m13pwnyffsvyyc9snj21949j/01m13pxq97ts3g094ykmjfff8v/node_modules/@apm-js-collab/code-transformer',
160 silly reify   '/home/gjugn/.local/share/trueforge/sandboxes/01m13pwnyffsvyyc9snj21949j/01m13pxq97ts3g094ykmjfff8v/node_modules/.bin/code-transformer'
160 silly reify ]
161 silly reify mark retired [
161 silly reify   '/home/gjugn/.local/share/trueforge/sandboxes/01m13pwnyffsvyyc9snj21949j/01m13pxq97ts3g094ykmjfff8v/node_modules/@babel/parser',
161 silly reify   '/home/gjugn/.local/share/trueforge/sandboxes/01m13pwnyffsvyyc9snj21949j/01m13pxq97ts3g094ykmjfff8v/node_modules/.bin/parser'
161 silly reify ]
162 silly reify mark retired [
162 silly reify   '/home/gjugn/.local/share/trueforge/sandboxes/01m13pwnyffsvyyc9snj21949j/01m13pxq97ts3g094ykmjfff8v/node_modules/@electric-sql/pglite-socket',
162 silly reify   '/home/gjugn/.local/share/trueforge/sandboxes/01m13pwnyffsvyyc9snj21949j/01m13pxq97ts3g094ykmjfff8v/node_modules/.bin/pglite-server'
162 silly reify ]
163 silly reify mark retired [
163 silly reify   '/home/gjugn/.local/share/trueforge/sandboxes/01m13pwnyffsvyyc9snj21949j/01m13pxq97ts3g094ykmjfff8v/node_modules/@formatjs/ecma402-abstract'
163 silly reify ]
164 silly reify mark retired [
164 silly reify   '/home/gjugn/.local/share/trueforge/sandboxes/01m13pwnyffsvyyc9snj21949j/01m13pxq97ts3g094ykmjfff8v/node_modules/@formatjs/fast-memoize'
164 silly reify ]
165 silly reify mark retired [
165 silly reify   '/home/gjugn/.local/share/trueforge/sandboxes/01m13pwnyffsvyyc9snj21949j/01m13pxq97ts3g094ykmjfff8v/node_modules/@formatjs/icu-skeleton-parser'
165 silly reify ]
166 silly reify mark retired [
166 silly reify   '/home/gjugn/.local/share/trueforge/sandboxes/01m13pwnyffsvyyc9snj21949j/01m13pxq97ts3g094ykmjfff8v/node_modules/@formatjs/icu-messageformat-parser'
166 silly reify ]
167 silly reify mark retired [
167 silly reify   '/home/gjugn/.local/share/trueforge/sandboxes/01m13pwnyffsvyyc9snj21949j/01m13pxq97ts3g094ykmjfff8v/node_modules/@formatjs/intl-localematcher'
167 silly reify ]
168 silly reify mark retired [
168 silly reify   '/home/gjugn/.local/share/trueforge/sandboxes/01m13pwnyffsvyyc9snj21949j/01m13pxq97ts3g094ykmjfff8v/node_modules/@internationalized/message'
168 silly reify ]
169 silly reify mark retired [
169 silly reify   '/home/gjugn/.local/share/trueforge/sandboxes/01m13pwnyffsvyyc9snj21949j/01m13pxq97ts3g094ykmjfff8v/node_modules/@bramus/specificity',
169 silly reify   '/home/gjugn/.local/share/trueforge/sandboxes/01m13pwnyffsvyyc9snj21949j/01m13pxq97ts3g094ykmjfff8v/node_modules/.bin/specificity'
169 silly reify ]
170 silly reify mark retired [
170 silly reify   '/home/gjugn/.local/share/trueforge/sandboxes/01m13pwnyffsvyyc9snj21949j/01m13pxq97ts3g094ykmjfff8v/node_modules/@react-aria/i18n'
170 silly reify ]
171 silly reify mark retired [
171 silly reify   '/home/gjugn/.local/share/trueforge/sandboxes/01m13pwnyffsvyyc9snj21949j/01m13pxq97ts3g094ykmjfff8v/node_modules/@react-aria/ssr'
171 silly reify ]
172 silly reify mark retired [
172 silly reify   '/home/gjugn/.local/share/trueforge/sandboxes/01m13pwnyffsvyyc9snj21949j/01m13pxq97ts3g094ykmjfff8v/node_modules/@react-aria/utils'
172 silly reify ]
173 silly reify mark retired [
173 silly reify   '/home/gjugn/.local/share/trueforge/sandboxes/01m13pwnyffsvyyc9snj21949j/01m13pxq97ts3g094ykmjfff8v/node_modules/@react-spectrum/provider'
173 silly reify ]
174 silly reify mark retired [
174 silly reify   '/home/gjugn/.local/share/trueforge/sandboxes/01m13pwnyffsvyyc9snj21949j/01m13pxq97ts3g094ykmjfff8v/node_modules/@sentry/cli',
174 silly reify   '/home/gjugn/.local/share/trueforge/sandboxes/01m13pwnyffsvyyc9snj21949j/01m13pxq97ts3g094ykmjfff8v/node_modules/.bin/sentry-cli'
174 silly reify ]
175 silly reify mark retired [
175 silly reify   '/home/gjugn/.local/share/trueforge/sandboxes/01m13pwnyffsvyyc9snj21949j/01m13pxq97ts3g094ykmjfff8v/node_modules/@tanstack/devtools-vite',
175 silly reify   '/home/gjugn/.local/share/trueforge/sandboxes/01m13pwnyffsvyyc9snj21949j/01m13pxq97ts3g094ykmjfff8v/node_modules/.bin/intent'
175 silly reify ]
176 silly reify mark retired [
176 silly reify   '/home/gjugn/.local/share/trueforge/sandboxes/01m13pwnyffsvyyc9snj21949j/01m13pxq97ts3g094ykmjfff8v/node_modules/@tanstack/devtools-event-client',
176 silly reify   '/home/gjugn/.local/share/trueforge/sandboxes/01m13pwnyffsvyyc9snj21949j/01m13pxq97ts3g094ykmjfff8v/node_modules/.bin/intent'
176 silly reify ]
177 silly reify mark retired [
177 silly reify   '/home/gjugn/.local/share/trueforge/sandboxes/01m13pwnyffsvyyc9snj21949j/01m13pxq97ts3g094ykmjfff8v/node_modules/@tanstack/devtools',
177 silly reify   '/home/gjugn/.local/share/trueforge/sandboxes/01m13pwnyffsvyyc9snj21949j/01m13pxq97ts3g094ykmjfff8v/node_modules/.bin/intent'
177 silly reify ]
178 silly reify mark retired [
178 silly reify   '/home/gjugn/.local/share/trueforge/sandboxes/01m13pwnyffsvyyc9snj21949j/01m13pxq97ts3g094ykmjfff8v/node_modules/@tanstack/router-cli',
178 silly reify   '/home/gjugn/.local/share/trueforge/sandboxes/01m13pwnyffsvyyc9snj21949j/01m13pxq97ts3g094ykmjfff8v/node_modules/.bin/tsr'
178 silly reify ]
179 silly reify mark retired [
179 silly reify   '/home/gjugn/.local/share/trueforge/sandboxes/01m13pwnyffsvyyc9snj21949j/01m13pxq97ts3g094ykmjfff8v/node_modules/@typescript-eslint/typescript-estree/node_modules/semver',
179 silly reify   '/home/gjugn/.local/share/trueforge/sandboxes/01m13pwnyffsvyyc9snj21949j/01m13pxq97ts3g094ykmjfff8v/node_modules/@typescript-eslint/typescript-estree/node_modules/.bin/semver'
179 silly reify ]
180 silly reify moves {
180 silly reify   '/home/gjugn/.local/share/trueforge/sandboxes/01m13pwnyffsvyyc9snj21949j/01m13pxq97ts3g094ykmjfff8v/node_modules/fsevents': '/home/gjugn/.local/share/trueforge/sandboxes/01m13pwnyffsvyyc9snj21949j/01m13pxq97ts3g094ykmjfff8v/node_modules/.fsevents-50hFv1ry',
180 silly reify   '/home/gjugn/.local/share/trueforge/sandboxes/01m13pwnyffsvyyc9snj21949j/01m13pxq97ts3g094ykmjfff8v/node_modules/lightningcss-android-arm64': '/home/gjugn/.local/share/trueforge/sandboxes/01m13pwnyffsvyyc9snj21949j/01m13pxq97ts3g094ykmjfff8v/node_modules/.lightningcss-android-arm64-DDBD1i2f',
180 silly reify   '/home/gjugn/.local/share/trueforge/sandboxes/01m13pwnyffsvyyc9snj21949j/01m13pxq97ts3g094ykmjfff8v/node_modules/lightningcss-darwin-arm64': '/home/gjugn/.local/share/trueforge/sandboxes/01m13pwnyffsvyyc9snj21949j/01m13pxq97ts3g094ykmjfff8v/node_modules/.lightningcss-darwin-arm64-rTcO6G2x',
180 silly reify   '/home/gjugn/.local/share/trueforge/sandboxes/01m13pwnyffsvyyc9snj21949j/01m13pxq97ts3g094ykmjfff8v/node_modules/lightningcss-linux-arm-gnueabihf': '/home/gjugn/.local/share/trueforge/sandboxes/01m13pwnyffsvyyc9snj21949j/01m13pxq97ts3g094ykmjfff8v/node_modules/.lightningcss-linux-arm-gnueabihf-iozBQJnf',
180 silly reify   '/home/gjugn/.local/share/trueforge/sandboxes/01m13pwnyffsvyyc9snj21949j/01m13pxq97ts3g094ykmjfff8v/node_modules/lightningcss-freebsd-x64': '/home/gjugn/.local/share/trueforge/sandboxes/01m13pwnyffsvyyc9snj21949j/01m13pxq97ts3g094ykmjfff8v/node_modules/.lightningcss-freebsd-x64-7vHV5dOq',
180 silly reify   '/home/gjugn/.local/share/trueforge/sandboxes/01m13pwnyffsvyyc9snj21949j/01m13pxq97ts3g094ykmjfff8v/node_modules/lightningcss-darwin-x64': '/home/gjugn/.local/share/trueforge/sandboxes/01m13pwnyffsvyyc9snj21949j/01m13pxq97ts3g094ykmjfff8v/node_modules/.lightningcss-darwin-x64-KVpKrN3w',
180 silly reify   '/home/gjugn/.local/share/trueforge/sandboxes/01m13pwnyffsvyyc9snj21949j/01m13pxq97ts3g094ykmjfff8v/node_modules/lightningcss-linux-arm64-musl': '/home/gjugn/.local/share/trueforge/sandboxes/01m13pwnyffsvyyc9snj21949j/01m13pxq97ts3g094ykmjfff8v/node_modules/.lightningcss-linux-arm64-musl-HzXJQPM7',
180 silly reify   '/home/gjugn/.local/share/trueforge/sandboxes/01m13pwnyffsvyyc9snj21949j/01m13pxq97ts3g094ykmjfff8v/node_modules/lightningcss-linux-arm64-gnu': '/home/gjugn/.local/share/trueforge/sandboxes/01m13pwnyffsvyyc9snj21949j/01m13pxq97ts3g094ykmjfff8v/node_modules/.lightningcss-linux-arm64-gnu-Cg6ICQJH',
180 silly reify   '/home/gjugn/.local/share/trueforge/sandboxes/01m13pwnyffsvyyc9snj21949j/01m13pxq97ts3g094ykmjfff8v/node_modules/lightningcss-linux-x64-musl': '/home/gjugn/.local/share/trueforge/sandboxes/01m13pwnyffsvyyc9snj21949j/01m13pxq97ts3g094ykmjfff8v/node_modules/.lightningcss-linux-x64-musl-kEa0loVI',
180 silly reify   '/home/gjugn/.local/share/trueforge/sandboxes/01m13pwnyffsvyyc9snj21949j/01m13pxq97ts3g094ykmjfff8v/node_modules/lightningcss-win32-arm64-msvc': '/home/gjugn/.local/share/trueforge/sandboxes/01m13pwnyffsvyyc9snj21949j/01m13pxq97ts3g094ykmjfff8v/node_modules/.lightningcss-win32-arm64-msvc-ss2YRyba',
180 silly reify   '/home/gjugn/.local/share/trueforge/sandboxes/01m13pwnyffsvyyc9snj21949j/01m13pxq97ts3g094ykmjfff8v/node_modules/lightningcss-win32-x64-msvc': '/home/gjugn/.local/share/trueforge/sandboxes/01m13pwnyffsvyyc9snj21949j/01m13pxq97ts3g094ykmjfff8v/node_modules/.lightningcss-win32-x64-msvc-rEAsRfRr',
180 silly reify   '/home/gjugn/.local/share/trueforge/sandboxes/01m13pwnyffsvyyc9snj21949j/01m13pxq97ts3g094ykmjfff8v/node_modules/@esbuild/android-arm': '/home/gjugn/.local/share/trueforge/sandboxes/01m13pwnyffsvyyc9snj21949j/01m13pxq97ts3g094ykmjfff8v/node_modules/@esbuild/.android-arm-MDsxM7wK',
180 silly reify   '/home/gjugn/.local/share/trueforge/sandboxes/01m13pwnyffsvyyc9snj21949j/01m13pxq97ts3g094ykmjfff8v/node_modules/@esbuild/android-arm64': '/home/gjugn/.local/share/trueforge/sandboxes/01m13pwnyffsvyyc9snj21949j/01m13pxq97ts3g094ykmjfff8v/node_modules/@esbuild/.android-arm64-UIhLu3LL',
180 silly reify   '/home/gjugn/.local/share/trueforge/sandboxes/01m13pwnyffsvyyc9snj21949j/01m13pxq97ts3g094ykmjfff8v/node_modules/@esbuild/aix-ppc64': '/home/gjugn/.local/share/trueforge/sandboxes/01m13pwnyffsvyyc9snj21949j/01m13pxq97ts3g094ykmjfff8v/node_modules/@esbuild/.aix-ppc64-nnFAQpsk',
180 silly reify   '/home/gjugn/.local/share/trueforge/sandboxes/01m13pwnyffsvyyc9snj21949j/01m13pxq97ts3g094ykmjfff8v/node_modules/@esbuild/android-x64': '/home/gjugn/.local/share/trueforge/sandboxes/01m13pwnyffsvyyc9snj21949j/01m13pxq97ts3g094ykmjfff8v/node_modules/@esbuild/.android-x64-hjVB8Whm',
180 silly reify   '/home/gjugn/.local/share/trueforge/sandboxes/01m13pwnyffsvyyc9snj21949j/01m13pxq97ts3g094ykmjfff8v/node_modules/@esbuild/darwin-arm64': '/home/gjugn/.local/share/trueforge/sandboxes/01m13pwnyffsvyyc9snj21949j/01m13pxq97ts3g094ykmjfff8v/node_modules/@esbuild/.darwin-arm64-gUSSd1tv',
180 silly reify   '/home/gjugn/.local/share/trueforge/sandboxes/01m13pwnyffsvyyc9snj21949j/01m13pxq97ts3g094ykmjfff8v/node_modules/@esbuild/darwin-x64': '/home/gjugn/.local/share/trueforge/sandboxes/01m13pwnyffsvyyc9snj21949j/01m13pxq97ts3g094ykmjfff8v/node_modules/@esbuild/.darwin-x64-ISiecPEe',
180 silly reify   '/home/gjugn/.local/share/trueforge/sandboxes/01m13pwnyffsvyyc9snj21949j/01m13pxq97ts3g094ykmjfff8v/node_modules/@esbuild/freebsd-arm64': '/home/gjugn/.local/share/trueforge/sandboxes/01m13pwnyffsvyyc9snj21949j/01m13pxq97ts3g094ykmjfff8v/node_modules/@esbuild/.freebsd-arm64-i8glMf7K',
180 silly reify   '/home/gjugn/.local/share/trueforge/sandboxes/01m13pwnyffsvyyc9snj21949j/01m13pxq97ts3g094ykmjfff8v/node_modules/@esbuild/linux-arm64': '/home/gjugn/.local/share/trueforge/sandboxes/01m13pwnyffsvyyc9snj21949j/01m13pxq97ts3g094ykmjfff8v/node_modules/@esbuild/.linux-arm64-vzJYUvgh',
180 silly reify   '/home/gjugn/.local/share/trueforge/sandboxes/01m13pwnyffsvyyc9snj21949j/01m13pxq97ts3g094ykmjfff8v/node_modules/@esbuild/freebsd-x64': '/home/gjugn/.local/share/trueforge/sandboxes/01m13pwnyffsvyyc9snj21949j/01m13pxq97ts3g094ykmjfff8v/node_modules/@esbuild/.freebsd-x64-WNcz3KL8',
180 silly reify   '/home/gjugn/.local/share/trueforge/sandboxes/01m13pwnyffsvyyc9snj21949j/01m13pxq97ts3g094ykmjfff8v/node_modules/@esbuild/linux-arm': '/home/gjugn/.local/share/trueforge/sandboxes/01m13pwnyffsvyyc9snj21949j/01m13pxq97ts3g094ykmjfff8v/node_modules/@esbuild/.linux-arm-oh8LcVjo',
180 silly reify   '/home/gjugn/.local/share/trueforge/sandboxes/01m13pwnyffsvyyc9snj21949j/01m13pxq97ts3g094ykmjfff8v/node_modules/@esbuild/linux-ia32': '/home/gjugn/.local/share/trueforge/sandboxes/01m13pwnyffsvyyc9snj21949j/01m13pxq97ts3g094ykmjfff8v/node_modules/@esbuild/.linux-ia32-fjbVsJmG',
180 silly reify   '/home/gjugn/.local/share/trueforge/sandboxes/01m13pwnyffsvyyc9snj21949j/01m13pxq97ts3g094ykmjfff8v/node_modules/@esbuild/linux-loong64': '/home/gjugn/.local/share/trueforge/sandboxes/01m13pwnyffsvyyc9snj21949j/01m13pxq97ts3g094ykmjfff8v/node_modules/@esbuild/.linux-loong64-5CocnUSg',
180 silly reify   '/home/gjugn/.local/share/trueforge/sandboxes/01m13pwnyffsvyyc9snj21949j/01m13pxq97ts3g094ykmjfff8v/node_modules/@esbuild/linux-ppc64': '/home/gjugn/.local/share/trueforge/sandboxes/01m13pwnyffsvyyc9snj21949j/01m13pxq97ts3g094ykmjfff8v/node_modules/@esbuild/.linux-ppc64-Qns4KhIk',
180 silly reify   '/home/gjugn/.local/share/trueforge/sandboxes/01m13pwnyffsvyyc9snj21949j/01m13pxq97ts3g094ykmjfff8v/node_modules/@esbuild/linux-mips64el': '/home/gjugn/.local/share/trueforge/sandboxes/01m13pwnyffsvyyc9snj21949j/01m13pxq97ts3g094ykmjfff8v/node_modules/@esbuild/.linux-mips64el-K0bsUIeE',
180 silly reify   '/home/gjugn/.local/share/trueforge/sandboxes/01m13pwnyffsvyyc9snj21949j/01m13pxq97ts3g094ykmjfff8v/node_modules/@esbuild/linux-s390x': '/home/gjugn/.local/share/trueforge/sandboxes/01m13pwnyffsvyyc9snj21949j/01m13pxq97ts3g094ykmjfff8v/node_modules/@esbuild/.linux-s390x-81kTQtmF',
180 silly reify   '/home/gjugn/.local/share/trueforge/sandboxes/01m13pwnyffsvyyc9snj21949j/01m13pxq97ts3g094ykmjfff8v/node_modules/@esbuild/linux-riscv64': '/home/gjugn/.local/share/trueforge/sandboxes/01m13pwnyffsvyyc9snj21949j/01m13pxq97ts3g094ykmjfff8v/node_modules/@esbuild/.linux-riscv64-fNph7wQH',
180 silly reify   '/home/gjugn/.local/share/trueforge/sandboxes/01m13pwnyffsvyyc9snj21949j/01m13pxq97ts3g094ykmjfff8v/node_modules/@esbuild/netbsd-arm64': '/home/gjugn/.local/share/trueforge/sandboxes/01m13pwnyffsvyyc9snj21949j/01m13pxq97ts3g094ykmjfff8v/node_modules/@esbuild/.netbsd-arm64-JHfekHt6',
180 silly reify   '/home/gjugn/.local/share/trueforge/sandboxes/01m13pwnyffsvyyc9snj21949j/01m13pxq97ts3g094ykmjfff8v/node_modules/@esbuild/openbsd-arm64': '/home/gjugn/.local/share/trueforge/sandboxes/01m13pwnyffsvyyc9snj21949j/01m13pxq97ts3g094ykmjfff8v/node_modules/@esbuild/.openbsd-arm64-UBBm67zB',
180 silly reify   '/home/gjugn/.local/share/trueforge/sandboxes/01m13pwnyffsvyyc9snj21949j/01m13pxq97ts3g094ykmjfff8v/node_modules/@esbuild/netbsd-x64': '/home/gjugn/.local/share/trueforge/sandboxes/01m13pwnyffsvyyc9snj21949j/01m13pxq97ts3g094ykmjfff8v/node_modules/@esbuild/.netbsd-x64-ocE3xXlD',
180 silly reify   '/home/gjugn/.local/share/trueforge/sandboxes/01m13pwnyffsvyyc9snj21949j/01m13pxq97ts3g094ykmjfff8v/node_modules/@esbuild/openbsd-x64': '/home/gjugn/.local/share/trueforge/sandboxes/01m13pwnyffsvyyc9snj21949j/01m13pxq97ts3g094ykmjfff8v/node_modules/@esbuild/.openbsd-x64-UyLItLur',
180 silly reify   '/home/gjugn/.local/share/trueforge/sandboxes/01m13pwnyffsvyyc9snj21949j/01m13pxq97ts3g094ykmjfff8v/node_modules/@esbuild/openharmony-arm64': '/home/gjugn/.local/share/trueforge/sandboxes/01m13pwnyffsvyyc9snj21949j/01m13pxq97ts3g094ykmjfff8v/node_modules/@esbuild/.openharmony-arm64-1PdCn4TK',
180 silly reify   '/home/gjugn/.local/share/trueforge/sandboxes/01m13pwnyffsvyyc9snj21949j/01m13pxq97ts3g094ykmjfff8v/node_modules/@esbuild/sunos-x64': '/home/gjugn/.local/share/trueforge/sandboxes/01m13pwnyffsvyyc9snj21949j/01m13pxq97ts3g094ykmjfff8v/node_modules/@esbuild/.sunos-x64-ZHkl5ZPr',
180 silly reify   '/home/gjugn/.local/share/trueforge/sandboxes/01m13pwnyffsvyyc9snj21949j/01m13pxq97ts3g094ykmjfff8v/node_modules/@esbuild/win32-ia32': '/home/gjugn/.local/share/trueforge/sandboxes/01m13pwnyffsvyyc9snj21949j/01m13pxq97ts3g094ykmjfff8v/node_modules/@esbuild/.win32-ia32-sGDRMCEF',
180 silly reify   '/home/gjugn/.local/share/trueforge/sandboxes/01m13pwnyffsvyyc9snj21949j/01m13pxq97ts3g094ykmjfff8v/node_modules/@esbuild/win32-arm64': '/home/gjugn/.local/share/trueforge/sandboxes/01m13pwnyffsvyyc9snj21949j/01m13pxq97ts3g094ykmjfff8v/node_modules/@esbuild/.win32-arm64-5z6W4F0l',
180 silly reify   '/home/gjugn/.local/share/trueforge/sandboxes/01m13pwnyffsvyyc9snj21949j/01m13pxq97ts3g094ykmjfff8v/node_modules/@esbuild/win32-x64': '/home/gjugn/.local/share/trueforge/sandboxes/01m13pwnyffsvyyc9snj21949j/01m13pxq97ts3g094ykmjfff8v/node_modules/@esbuild/.win32-x64-5djdU5nK',
180 silly reify   '/home/gjugn/.local/share/trueforge/sandboxes/01m13pwnyffsvyyc9snj21949j/01m13pxq97ts3g094ykmjfff8v/node_modules/@oxc-parser/binding-android-arm-eabi': '/home/gjugn/.local/share/trueforge/sandboxes/01m13pwnyffsvyyc9snj21949j/01m13pxq97ts3g094ykmjfff8v/node_modules/@oxc-parser/.binding-android-arm-eabi-UMuYCo6z',
180 silly reify   '/home/gjugn/.local/share/trueforge/sandboxes/01m13pwnyffsvyyc9snj21949j/01m13pxq97ts3g094ykmjfff8v/node_modules/@oxc-parser/binding-android-arm64': '/home/gjugn/.local/share/trueforge/sandboxes/01m13pwnyffsvyyc9snj21949j/01m13pxq97ts3g094ykmjfff8v/node_modules/@oxc-parser/.binding-android-arm64-0nmjGY9g',
180 silly reify   '/home/gjugn/.local/share/trueforge/sandboxes/01m13pwnyffsvyyc9snj21949j/01m13pxq97ts3g094ykmjfff8v/node_modules/@oxc-parser/binding-darwin-arm64': '/home/gjugn/.local/share/trueforge/sandboxes/01m13pwnyffsvyyc9snj21949j/01m13pxq97ts3g094ykmjfff8v/node_modules/@oxc-parser/.binding-darwin-arm64-OJhIgTJs',
180 silly reify   '/home/gjugn/.local/share/trueforge/sandboxes/01m13pwnyffsvyyc9snj21949j/01m13pxq97ts3g094ykmjfff8v/node_modules/@oxc-parser/binding-darwin-x64': '/home/gjugn/.local/share/trueforge/sandboxes/01m13pwnyffsvyyc9snj21949j/01m13pxq97ts3g094ykmjfff8v/node_modules/@oxc-parser/.binding-darwin-x64-zBpxw9xK',
180 silly reify   '/home/gjugn/.local/share/trueforge/sandboxes/01m13pwnyffsvyyc9snj21949j/01m13pxq97ts3g094ykmjfff8v/node_modules/@oxc-parser/binding-freebsd-x64': '/home/gjugn/.local/share/trueforge/sandboxes/01m13pwnyffsvyyc9snj21949j/01m13pxq97ts3g094ykmjfff8v/node_modules/@oxc-parser/.binding-freebsd-x64-GY1LOzPI',
180 silly reify   '/home/gjugn/.local/share/trueforge/sandboxes/01m13pwnyffsvyyc9snj21949j/01m13pxq97ts3g094ykmjfff8v/node_modules/@oxc-parser/binding-linux-arm-gnueabihf': '/home/gjugn/.local/share/trueforge/sandboxes/01m13pwnyffsvyyc9snj21949j/01m13pxq97ts3g094ykmjfff8v/node_modules/@oxc-parser/.binding-linux-arm-gnueabihf-LW2M9cMI',
180 silly reify   '/home/gjugn/.local/share/trueforge/sandboxes/01m13pwnyffsvyyc9snj21949j/01m13pxq97ts3g094ykmjfff8v/node_modules/@oxc-parser/binding-linux-arm-musleabihf': '/home/gjugn/.local/share/trueforge/sandboxes/01m13pwnyffsvyyc9snj21949j/01m13pxq97ts3g094ykmjfff8v/node_modules/@oxc-parser/.binding-linux-arm-musleabihf-e5ZRE1H5',
180 silly reify   '/home/gjugn/.local/share/trueforge/sandboxes/01m13pwnyffsvyyc9snj21949j/01m13pxq97ts3g094ykmjfff8v/node_modules/@oxc-parser/binding-linux-arm64-gnu': '/home/gjugn/.local/share/trueforge/sandboxes/01m13pwnyffsvyyc9snj21949j/01m13pxq97ts3g094ykmjfff8v/node_modules/@oxc-parser/.binding-linux-arm64-gnu-WSxWepbk',
180 silly reify   '/home/gjugn/.local/share/trueforge/sandboxes/01m13pwnyffsvyyc9snj21949j/01m13pxq97ts3g094ykmjfff8v/node_modules/@oxc-parser/binding-linux-arm64-musl': '/home/gjugn/.local/share/trueforge/sandboxes/01m13pwnyffsvyyc9snj21949j/01m13pxq97ts3g094ykmjfff8v/node_modules/@oxc-parser/.binding-linux-arm64-musl-oDFB7W3N',
180 silly reify   '/home/gjugn/.local/share/trueforge/sandboxes/01m13pwnyffsvyyc9snj21949j/01m13pxq97ts3g094ykmjfff8v/node_modules/@oxc-parser/binding-linux-ppc64-gnu': '/home/gjugn/.local/share/trueforge/sandboxes/01m13pwnyffsvyyc9snj21949j/01m13pxq97ts3g094ykmjfff8v/node_modules/@oxc-parser/.binding-linux-ppc64-gnu-PmBegVqg',
180 silly reify   '/home/gjugn/.local/share/trueforge/sandboxes/01m13pwnyffsvyyc9snj21949j/01m13pxq97ts3g094ykmjfff8v/node_modules/@oxc-parser/binding-linux-riscv64-gnu': '/home/gjugn/.local/share/trueforge/sandboxes/01m13pwnyffsvyyc9snj21949j/01m13pxq97ts3g094ykmjfff8v/node_modules/@oxc-parser/.binding-linux-riscv64-gnu-K2gFBKNs',
180 silly reify   '/home/gjugn/.local/share/trueforge/sandboxes/01m13pwnyffsvyyc9snj21949j/01m13pxq97ts3g094ykmjfff8v/node_modules/@oxc-parser/binding-linux-s390x-gnu': '/home/gjugn/.local/share/trueforge/sandboxes/01m13pwnyffsvyyc9snj21949j/01m13pxq97ts3g094ykmjfff8v/node_modules/@oxc-parser/.binding-linux-s390x-gnu-sxbcEW4t',
180 silly reify   '/home/gjugn/.local/share/trueforge/sandboxes/01m13pwnyffsvyyc9snj21949j/01m13pxq97ts3g094ykmjfff8v/node_modules/@oxc-parser/binding-linux-riscv64-musl': '/home/gjugn/.local/share/trueforge/sandboxes/01m13pwnyffsvyyc9snj21949j/01m13pxq97ts3g094ykmjfff8v/node_modules/@oxc-parser/.binding-linux-riscv64-musl-i9s9Rxqp',
180 silly reify   '/home/gjugn/.local/share/trueforge/sandboxes/01m13pwnyffsvyyc9snj21949j/01m13pxq97ts3g094ykmjfff8v/node_modules/@oxc-parser/binding-linux-x64-musl': '/home/gjugn/.local/share/trueforge/sandboxes/01m13pwnyffsvyyc9snj21949j/01m13pxq97ts3g094ykmjfff8v/node_modules/@oxc-parser/.binding-linux-x64-musl-5qT9CAdB',
180 silly reify   '/home/gjugn/.local/share/trueforge/sandboxes/01m13pwnyffsvyyc9snj21949j/01m13pxq97ts3g094ykmjfff8v/node_modules/@oxc-parser/binding-openharmony-arm64': '/home/gjugn/.local/share/trueforge/sandboxes/01m13pwnyffsvyyc9snj21949j/01m13pxq97ts3g094ykmjfff8v/node_modules/@oxc-parser/.binding-openharmony-arm64-o11653x8',
180 silly reify   '/home/gjugn/.local/share/trueforge/sandboxes/01m13pwnyffsvyyc9snj21949j/01m13pxq97ts3g094ykmjfff8v/node_modules/@oxc-parser/binding-wasm32-wasi': '/home/gjugn/.local/share/trueforge/sandboxes/01m13pwnyffsvyyc9snj21949j/01m13pxq97ts3g094ykmjfff8v/node_modules/@oxc-parser/.binding-wasm32-wasi-sweYu0hd',
180 silly reify   '/home/gjugn/.local/share/trueforge/sandboxes/01m13pwnyffsvyyc9snj21949j/01m13pxq97ts3g094ykmjfff8v/node_modules/@oxc-parser/binding-win32-arm64-msvc': '/home/gjugn/.local/share/trueforge/sandboxes/01m13pwnyffsvyyc9snj21949j/01m13pxq97ts3g094ykmjfff8v/node_modules/@oxc-parser/.binding-win32-arm64-msvc-NIBOlUUi',
180 silly reify   '/home/gjugn/.local/share/trueforge/sandboxes/01m13pwnyffsvyyc9snj21949j/01m13pxq97ts3g094ykmjfff8v/node_modules/@oxc-parser/binding-win32-ia32-msvc': '/home/gjugn/.local/share/trueforge/sandboxes/01m13pwnyffsvyyc9snj21949j/01m13pxq97ts3g094ykmjfff8v/node_modules/@oxc-parser/.binding-win32-ia32-msvc-hZNBogUy',
180 silly reify   '/home/gjugn/.local/share/trueforge/sandboxes/01m13pwnyffsvyyc9snj21949j/01m13pxq97ts3g094ykmjfff8v/node_modules/@oxc-parser/binding-win32-x64-msvc': '/home/gjugn/.local/share/trueforge/sandboxes/01m13pwnyffsvyyc9snj21949j/01m13pxq97ts3g094ykmjfff8v/node_modules/@oxc-parser/.binding-win32-x64-msvc-GZcOx3Uf',
180 silly reify   '/home/gjugn/.local/share/trueforge/sandboxes/01m13pwnyffsvyyc9snj21949j/01m13pxq97ts3g094ykmjfff8v/node_modules/@rolldown/binding-android-arm-eabi': '/home/gjugn/.local/share/trueforge/sandboxes/01m13pwnyffsvyyc9snj21949j/01m13pxq97ts3g094ykmjfff8v/node_modules/@rolldown/.binding-android-arm-eabi-Pqau0qtC',
180 silly reify   '/home/gjugn/.local/share/trueforge/sandboxes/01m13pwnyffsvyyc9snj21949j/01m13pxq97ts3g094ykmjfff8v/node_modules/@rolldown/binding-android-arm64': '/home/gjugn/.local/share/trueforge/sandboxes/01m13pwnyffsvyyc9snj21949j/01m13pxq97ts3g094ykmjfff8v/node_modules/@rolldown/.binding-android-arm64-ToRxppvc',
180 silly reify   '/home/gjugn/.local/share/trueforge/sandboxes/01m13pwnyffsvyyc9snj21949j/01m13pxq97ts3g094ykmjfff8v/node_modules/@rolldown/binding-darwin-arm64': '/home/gjugn/.local/share/trueforge/sandboxes/01m13pwnyffsvyyc9snj21949j/01m13pxq97ts3g094ykmjfff8v/node_modules/@rolldown/.binding-darwin-arm64-Hj0WsGSH',
180 silly reify   '/home/gjugn/.local/share/trueforge/sandboxes/01m13pwnyffsvyyc9snj21949j/01m13pxq97ts3g094ykmjfff8v/node_modules/@rolldown/binding-darwin-x64': '/home/gjugn/.local/share/trueforge/sandboxes/01m13pwnyffsvyyc9snj21949j/01m13pxq97ts3g094ykmjfff8v/node_modules/@rolldown/.binding-darwin-x64-K7pxl9Rb',
180 silly reify   '/home/gjugn/.local/share/trueforge/sandboxes/01m13pwnyffsvyyc9snj21949j/01m13pxq97ts3g094ykmjfff8v/node_modules/@rolldown/binding-linux-arm-gnueabihf': '/home/gjugn/.local/share/trueforge/sandboxes/01m13pwnyffsvyyc9snj21949j/01m13pxq97ts3g094ykmjfff8v/node_modules/@rolldown/.binding-linux-arm-gnueabihf-BIZ8INLL',
180 silly reify   '/home/gjugn/.local/share/trueforge/sandboxes/01m13pwnyffsvyyc9snj21949j/01m13pxq97ts3g094ykmjfff8v/node_modules/@rolldown/binding-linux-arm64-gnu': '/home/gjugn/.local/share/trueforge/sandboxes/01m13pwnyffsvyyc9snj21949j/01m13pxq97ts3g094ykmjfff8v/node_modules/@rolldown/.binding-linux-arm64-gnu-atHoskUP',
180 silly reify   '/home/gjugn/.local/share/trueforge/sandboxes/01m13pwnyffsvyyc9snj21949j/01m13pxq97ts3g094ykmjfff8v/node_modules/@rolldown/binding-linux-arm64-musl': '/home/gjugn/.local/share/trueforge/sandboxes/01m13pwnyffsvyyc9snj21949j/01m13pxq97ts3g094ykmjfff8v/node_modules/@rolldown/.binding-linux-arm64-musl-EpTbrlbM',
180 silly reify   '/home/gjugn/.local/share/trueforge/sandboxes/01m13pwnyffsvyyc9snj21949j/01m13pxq97ts3g094ykmjfff8v/node_modules/@rolldown/binding-linux-ppc64-gnu': '/home/gjugn/.local/share/trueforge/sandboxes/01m13pwnyffsvyyc9snj21949j/01m13pxq97ts3g094ykmjfff8v/node_modules/@rolldown/.binding-linux-ppc64-gnu-rLwKR7Nu',
180 silly reify   '/home/gjugn/.local/share/trueforge/sandboxes/01m13pwnyffsvyyc9snj21949j/01m13pxq97ts3g094ykmjfff8v/node_modules/@rolldown/binding-linux-s390x-gnu': '/home/gjugn/.local/share/trueforge/sandboxes/01m13pwnyffsvyyc9snj21949j/01m13pxq97ts3g094ykmjfff8v/node_modules/@rolldown/.binding-linux-s390x-gnu-xQp9WYFB',
180 silly reify   '/home/gjugn/.local/share/trueforge/sandboxes/01m13pwnyffsvyyc9snj21949j/01m13pxq97ts3g094ykmjfff8v/node_modules/@rolldown/binding-linux-x64-musl': '/home/gjugn/.local/share/trueforge/sandboxes/01m13pwnyffsvyyc9snj21949j/01m13pxq97ts3g094ykmjfff8v/node_modules/@rolldown/.binding-linux-x64-musl-SAg7iLR5',
180 silly reify   '/home/gjugn/.local/share/trueforge/sandboxes/01m13pwnyffsvyyc9snj21949j/01m13pxq97ts3g094ykmjfff8v/node_modules/@rolldown/binding-openharmony-arm64': '/home/gjugn/.local/share/trueforge/sandboxes/01m13pwnyffsvyyc9snj21949j/01m13pxq97ts3g094ykmjfff8v/node_modules/@rolldown/.binding-openharmony-arm64-kJCAV2Zg',
180 silly reify   '/home/gjugn/.local/share/trueforge/sandboxes/01m13pwnyffsvyyc9snj21949j/01m13pxq97ts3g094ykmjfff8v/node_modules/@rolldown/binding-win32-arm64-msvc': '/home/gjugn/.local/share/trueforge/sandboxes/01m13pwnyffsvyyc9snj21949j/01m13pxq97ts3g094ykmjfff8v/node_modules/@rolldown/.binding-win32-arm64-msvc-UhMeWQtd',
180 silly reify   '/home/gjugn/.local/share/trueforge/sandboxes/01m13pwnyffsvyyc9snj21949j/01m13pxq97ts3g094ykmjfff8v/node_modules/@rolldown/binding-win32-x64-msvc': '/home/gjugn/.local/share/trueforge/sandboxes/01m13pwnyffsvyyc9snj21949j/01m13pxq97ts3g094ykmjfff8v/node_modules/@rolldown/.binding-win32-x64-msvc-kCdM4wPV',
180 silly reify   '/home/gjugn/.local/share/trueforge/sandboxes/01m13pwnyffsvyyc9snj21949j/01m13pxq97ts3g094ykmjfff8v/node_modules/@sentry/cli-darwin': '/home/gjugn/.local/share/trueforge/sandboxes/01m13pwnyffsvyyc9snj21949j/01m13pxq97ts3g094ykmjfff8v/node_modules/@sentry/.cli-darwin-fj6eAqZJ',
180 silly reify   '/home/gjugn/.local/share/trueforge/sandboxes/01m13pwnyffsvyyc9snj21949j/01m13pxq97ts3g094ykmjfff8v/node_modules/@sentry/cli-linux-arm': '/home/gjugn/.local/share/trueforge/sandboxes/01m13pwnyffsvyyc9snj21949j/01m13pxq97ts3g094ykmjfff8v/node_modules/@sentry/.cli-linux-arm-Ho0zBhNb',
180 silly reify   '/home/gjugn/.local/share/trueforge/sandboxes/01m13pwnyffsvyyc9snj21949j/01m13pxq97ts3g094ykmjfff8v/node_modules/@sentry/cli-linux-arm64': '/home/gjugn/.local/share/trueforge/sandboxes/01m13pwnyffsvyyc9snj21949j/01m13pxq97ts3g094ykmjfff8v/node_modules/@sentry/.cli-linux-arm64-QXSxVnIl',
180 silly reify   '/home/gjugn/.local/share/trueforge/sandboxes/01m13pwnyffsvyyc9snj21949j/01m13pxq97ts3g094ykmjfff8v/node_modules/@sentry/cli-linux-i686': '/home/gjugn/.local/share/trueforge/sandboxes/01m13pwnyffsvyyc9snj21949j/01m13pxq97ts3g094ykmjfff8v/node_modules/@sentry/.cli-linux-i686-oDi43n8F',
180 silly reify   '/home/gjugn/.local/share/trueforge/sandboxes/01m13pwnyffsvyyc9snj21949j/01m13pxq97ts3g094ykmjfff8v/node_modules/@sentry/cli-win32-arm64': '/home/gjugn/.local/share/trueforge/sandboxes/01m13pwnyffsvyyc9snj21949j/01m13pxq97ts3g094ykmjfff8v/node_modules/@sentry/.cli-win32-arm64-yZouw5Xc',
180 silly reify   '/home/gjugn/.local/share/trueforge/sandboxes/01m13pwnyffsvyyc9snj21949j/01m13pxq97ts3g094ykmjfff8v/node_modules/@sentry/cli-win32-i686': '/home/gjugn/.local/share/trueforge/sandboxes/01m13pwnyffsvyyc9snj21949j/01m13pxq97ts3g094ykmjfff8v/node_modules/@sentry/.cli-win32-i686-qxFl6woQ',
180 silly reify   '/home/gjugn/.local/share/trueforge/sandboxes/01m13pwnyffsvyyc9snj21949j/01m13pxq97ts3g094ykmjfff8v/node_modules/@sentry/cli-win32-x64': '/home/gjugn/.local/share/trueforge/sandboxes/01m13pwnyffsvyyc9snj21949j/01m13pxq97ts3g094ykmjfff8v/node_modules/@sentry/.cli-win32-x64-WVMFQbG1',
180 silly reify   '/home/gjugn/.local/share/trueforge/sandboxes/01m13pwnyffsvyyc9snj21949j/01m13pxq97ts3g094ykmjfff8v/node_modules/@rolldown/binding-freebsd-x64': '/home/gjugn/.local/share/trueforge/sandboxes/01m13pwnyffsvyyc9snj21949j/01m13pxq97ts3g094ykmjfff8v/node_modules/@rolldown/.binding-freebsd-x64-TLVWjybx',
180 silly reify   '/home/gjugn/.local/share/trueforge/sandboxes/01m13pwnyffsvyyc9snj21949j/01m13pxq97ts3g094ykmjfff8v/node_modules/@tailwindcss/oxide-android-arm64': '/home/gjugn/.local/share/trueforge/sandboxes/01m13pwnyffsvyyc9snj21949j/01m13pxq97ts3g094ykmjfff8v/node_modules/@tailwindcss/.oxide-android-arm64-HnQwjt22',
180 silly reify   '/home/gjugn/.local/share/trueforge/sandboxes/01m13pwnyffsvyyc9snj21949j/01m13pxq97ts3g094ykmjfff8v/node_modules/@tailwindcss/oxide-darwin-arm64': '/home/gjugn/.local/share/trueforge/sandboxes/01m13pwnyffsvyyc9snj21949j/01m13pxq97ts3g094ykmjfff8v/node_modules/@tailwindcss/.oxide-darwin-arm64-Ye3slwUw',
180 silly reify   '/home/gjugn/.local/share/trueforge/sandboxes/01m13pwnyffsvyyc9snj21949j/01m13pxq97ts3g094ykmjfff8v/node_modules/@tailwindcss/oxide-freebsd-x64': '/home/gjugn/.local/share/trueforge/sandboxes/01m13pwnyffsvyyc9snj21949j/01m13pxq97ts3g094ykmjfff8v/node_modules/@tailwindcss/.oxide-freebsd-x64-lg1D65Qp',
180 silly reify   '/home/gjugn/.local/share/trueforge/sandboxes/01m13pwnyffsvyyc9snj21949j/01m13pxq97ts3g094ykmjfff8v/node_modules/@tailwindcss/oxide-darwin-x64': '/home/gjugn/.local/share/trueforge/sandboxes/01m13pwnyffsvyyc9snj21949j/01m13pxq97ts3g094ykmjfff8v/node_modules/@tailwindcss/.oxide-darwin-x64-umtZ3CYx',
180 silly reify   '/home/gjugn/.local/share/trueforge/sandboxes/01m13pwnyffsvyyc9snj21949j/01m13pxq97ts3g094ykmjfff8v/node_modules/@tailwindcss/oxide-linux-arm-gnueabihf': '/home/gjugn/.local/share/trueforge/sandboxes/01m13pwnyffsvyyc9snj21949j/01m13pxq97ts3g094ykmjfff8v/node_modules/@tailwindcss/.oxide-linux-arm-gnueabihf-6kaaoXgi',
180 silly reify   '/home/gjugn/.local/share/trueforge/sandboxes/01m13pwnyffsvyyc9snj21949j/01m13pxq97ts3g094ykmjfff8v/node_modules/@tailwindcss/oxide-linux-arm64-musl': '/home/gjugn/.local/share/trueforge/sandboxes/01m13pwnyffsvyyc9snj21949j/01m13pxq97ts3g094ykmjfff8v/node_modules/@tailwindcss/.oxide-linux-arm64-musl-HXeL8TNQ',
180 silly reify   '/home/gjugn/.local/share/trueforge/sandboxes/01m13pwnyffsvyyc9snj21949j/01m13pxq97ts3g094ykmjfff8v/node_modules/@tailwindcss/oxide-linux-arm64-gnu': '/home/gjugn/.local/share/trueforge/sandboxes/01m13pwnyffsvyyc9snj21949j/01m13pxq97ts3g094ykmjfff8v/node_modules/@tailwindcss/.oxide-linux-arm64-gnu-BJE7x8hB',
180 silly reify   '/home/gjugn/.local/share/trueforge/sandboxes/01m13pwnyffsvyyc9snj21949j/01m13pxq97ts3g094ykmjfff8v/node_modules/@tailwindcss/oxide-linux-x64-musl': '/home/gjugn/.local/share/trueforge/sandboxes/01m13pwnyffsvyyc9snj21949j/01m13pxq97ts3g094ykmjfff8v/node_modules/@tailwindcss/.oxide-linux-x64-musl-bi6aSUhL',
180 silly reify   '/home/gjugn/.local/share/trueforge/sandboxes/01m13pwnyffsvyyc9snj21949j/01m13pxq97ts3g094ykmjfff8v/node_modules/@tailwindcss/oxide-win32-arm64-msvc': '/home/gjugn/.local/share/trueforge/sandboxes/01m13pwnyffsvyyc9snj21949j/01m13pxq97ts3g094ykmjfff8v/node_modules/@tailwindcss/.oxide-win32-arm64-msvc-7LXOOTAb',
180 silly reify   '/home/gjugn/.local/share/trueforge/sandboxes/01m13pwnyffsvyyc9snj21949j/01m13pxq97ts3g094ykmjfff8v/node_modules/@tailwindcss/oxide-wasm32-wasi': '/home/gjugn/.local/share/trueforge/sandboxes/01m13pwnyffsvyyc9snj21949j/01m13pxq97ts3g094ykmjfff8v/node_modules/@tailwindcss/.oxide-wasm32-wasi-ECHdpoAf',
180 silly reify   '/home/gjugn/.local/share/trueforge/sandboxes/01m13pwnyffsvyyc9snj21949j/01m13pxq97ts3g094ykmjfff8v/node_modules/@tailwindcss/oxide-win32-x64-msvc': '/home/gjugn/.local/share/trueforge/sandboxes/01m13pwnyffsvyyc9snj21949j/01m13pxq97ts3g094ykmjfff8v/node_modules/@tailwindcss/.oxide-win32-x64-msvc-LkYDkhsQ',
180 silly reify   '/home/gjugn/.local/share/trueforge/sandboxes/01m13pwnyffsvyyc9snj21949j/01m13pxq97ts3g094ykmjfff8v/node_modules/@unrs/resolver-binding-android-arm-eabi': '/home/gjugn/.local/share/trueforge/sandboxes/01m13pwnyffsvyyc9snj21949j/01m13pxq97ts3g094ykmjfff8v/node_modules/@unrs/.resolver-binding-android-arm-eabi-h8JXIIKs',
180 silly reify   '/home/gjugn/.local/share/trueforge/sandboxes/01m13pwnyffsvyyc9snj21949j/01m13pxq97ts3g094ykmjfff8v/node_modules/@unrs/resolver-binding-darwin-arm64': '/home/gjugn/.local/share/trueforge/sandboxes/01m13pwnyffsvyyc9snj21949j/01m13pxq97ts3g094ykmjfff8v/node_modules/@unrs/.resolver-binding-darwin-arm64-y3DPrGVB',
180 silly reify   '/home/gjugn/.local/share/trueforge/sandboxes/01m13pwnyffsvyyc9snj21949j/01m13pxq97ts3g094ykmjfff8v/node_modules/@unrs/resolver-binding-android-arm64': '/home/gjugn/.local/share/trueforge/sandboxes/01m13pwnyffsvyyc9snj21949j/01m13pxq97ts3g094ykmjfff8v/node_modules/@unrs/.resolver-binding-android-arm64-9YdbUhgO',
180 silly reify   '/home/gjugn/.local/share/trueforge/sandboxes/01m13pwnyffsvyyc9snj21949j/01m13pxq97ts3g094ykmjfff8v/node_modules/@unrs/resolver-binding-darwin-x64': '/home/gjugn/.local/share/trueforge/sandboxes/01m13pwnyffsvyyc9snj21949j/01m13pxq97ts3g094ykmjfff8v/node_modules/@unrs/.resolver-binding-darwin-x64-AGmMosHf',
180 silly reify   '/home/gjugn/.local/share/trueforge/sandboxes/01m13pwnyffsvyyc9snj21949j/01m13pxq97ts3g094ykmjfff8v/node_modules/@unrs/resolver-binding-freebsd-x64': '/home/gjugn/.local/share/trueforge/sandboxes/01m13pwnyffsvyyc9snj21949j/01m13pxq97ts3g094ykmjfff8v/node_modules/@unrs/.resolver-binding-freebsd-x64-uQZjfqNE',
180 silly reify   '/home/gjugn/.local/share/trueforge/sandboxes/01m13pwnyffsvyyc9snj21949j/01m13pxq97ts3g094ykmjfff8v/node_modules/@unrs/resolver-binding-linux-arm-musleabihf': '/home/gjugn/.local/share/trueforge/sandboxes/01m13pwnyffsvyyc9snj21949j/01m13pxq97ts3g094ykmjfff8v/node_modules/@unrs/.resolver-binding-linux-arm-musleabihf-Wdr3S3pS',
180 silly reify   '/home/gjugn/.local/share/trueforge/sandboxes/01m13pwnyffsvyyc9snj21949j/01m13pxq97ts3g094ykmjfff8v/node_modules/@unrs/resolver-binding-linux-arm-gnueabihf': '/home/gjugn/.local/share/trueforge/sandboxes/01m13pwnyffsvyyc9snj21949j/01m13pxq97ts3g094ykmjfff8v/node_modules/@unrs/.resolver-binding-linux-arm-gnueabihf-s23L3ggz',
180 silly reify   '/home/gjugn/.local/share/trueforge/sandboxes/01m13pwnyffsvyyc9snj21949j/01m13pxq97ts3g094ykmjfff8v/node_modules/@unrs/resolver-binding-linux-arm64-gnu': '/home/gjugn/.local/share/trueforge/sandboxes/01m13pwnyffsvyyc9snj21949j/01m13pxq97ts3g094ykmjfff8v/node_modules/@unrs/.resolver-binding-linux-arm64-gnu-EOmp8Y73',
180 silly reify   '/home/gjugn/.local/share/trueforge/sandboxes/01m13pwnyffsvyyc9snj21949j/01m13pxq97ts3g094ykmjfff8v/node_modules/@unrs/resolver-binding-linux-arm64-musl': '/home/gjugn/.local/share/trueforge/sandboxes/01m13pwnyffsvyyc9snj21949j/01m13pxq97ts3g094ykmjfff8v/node_modules/@unrs/.resolver-binding-linux-arm64-musl-AjT12HJW',
180 silly reify   '/home/gjugn/.local/share/trueforge/sandboxes/01m13pwnyffsvyyc9snj21949j/01m13pxq97ts3g094ykmjfff8v/node_modules/@unrs/resolver-binding-linux-loong64-gnu': '/home/gjugn/.local/share/trueforge/sandboxes/01m13pwnyffsvyyc9snj21949j/01m13pxq97ts3g094ykmjfff8v/node_modules/@unrs/.resolver-binding-linux-loong64-gnu-7yi8ylei',
180 silly reify   '/home/gjugn/.local/share/trueforge/sandboxes/01m13pwnyffsvyyc9snj21949j/01m13pxq97ts3g094ykmjfff8v/node_modules/@unrs/resolver-binding-linux-loong64-musl': '/home/gjugn/.local/share/trueforge/sandboxes/01m13pwnyffsvyyc9snj21949j/01m13pxq97ts3g094ykmjfff8v/node_modules/@unrs/.resolver-binding-linux-loong64-musl-Nmd803l8',
180 silly reify   '/home/gjugn/.local/share/trueforge/sandboxes/01m13pwnyffsvyyc9snj21949j/01m13pxq97ts3g094ykmjfff8v/node_modules/@unrs/resolver-binding-linux-ppc64-gnu': '/home/gjugn/.local/share/trueforge/sandboxes/01m13pwnyffsvyyc9snj21949j/01m13pxq97ts3g094ykmjfff8v/node_modules/@unrs/.resolver-binding-linux-ppc64-gnu-Mw4qR7d1',
180 silly reify   '/home/gjugn/.local/share/trueforge/sandboxes/01m13pwnyffsvyyc9snj21949j/01m13pxq97ts3g094ykmjfff8v/node_modules/@unrs/resolver-binding-linux-riscv64-gnu': '/home/gjugn/.local/share/trueforge/sandboxes/01m13pwnyffsvyyc9snj21949j/01m13pxq97ts3g094ykmjfff8v/node_modules/@unrs/.resolver-binding-linux-riscv64-gnu-eNxLsPAp',
180 silly reify   '/home/gjugn/.local/share/trueforge/sandboxes/01m13pwnyffsvyyc9snj21949j/01m13pxq97ts3g094ykmjfff8v/node_modules/@unrs/resolver-binding-linux-riscv64-musl': '/home/gjugn/.local/share/trueforge/sandboxes/01m13pwnyffsvyyc9snj21949j/01m13pxq97ts3g094ykmjfff8v/node_modules/@unrs/.resolver-binding-linux-riscv64-musl-TqVInsES',
180 silly reify   '/home/gjugn/.local/share/trueforge/sandboxes/01m13pwnyffsvyyc9snj21949j/01m13pxq97ts3g094ykmjfff8v/node_modules/@unrs/resolver-binding-linux-s390x-gnu': '/home/gjugn/.local/share/trueforge/sandboxes/01m13pwnyffsvyyc9snj21949j/01m13pxq97ts3g094ykmjfff8v/node_modules/@unrs/.resolver-binding-linux-s390x-gnu-IpoIJbdU',
180 silly reify   '/home/gjugn/.local/share/trueforge/sandboxes/01m13pwnyffsvyyc9snj21949j/01m13pxq97ts3g094ykmjfff8v/node_modules/@unrs/resolver-binding-linux-x64-musl': '/home/gjugn/.local/share/trueforge/sandboxes/01m13pwnyffsvyyc9snj21949j/01m13pxq97ts3g094ykmjfff8v/node_modules/@unrs/.resolver-binding-linux-x64-musl-sbprGhMs',
180 silly reify   '/home/gjugn/.local/share/trueforge/sandboxes/01m13pwnyffsvyyc9snj21949j/01m13pxq97ts3g094ykmjfff8v/node_modules/@unrs/resolver-binding-openharmony-arm64': '/home/gjugn/.local/share/trueforge/sandboxes/01m13pwnyffsvyyc9snj21949j/01m13pxq97ts3g094ykmjfff8v/node_modules/@unrs/.resolver-binding-openharmony-arm64-jouDknYJ',
180 silly reify   '/home/gjugn/.local/share/trueforge/sandboxes/01m13pwnyffsvyyc9snj21949j/01m13pxq97ts3g094ykmjfff8v/node_modules/@unrs/resolver-binding-wasm32-wasi': '/home/gjugn/.local/share/trueforge/sandboxes/01m13pwnyffsvyyc9snj21949j/01m13pxq97ts3g094ykmjfff8v/node_modules/@unrs/.resolver-binding-wasm32-wasi-RyH88m2l',
180 silly reify   '/home/gjugn/.local/share/trueforge/sandboxes/01m13pwnyffsvyyc9snj21949j/01m13pxq97ts3g094ykmjfff8v/node_modules/@unrs/resolver-binding-win32-arm64-msvc': '/home/gjugn/.local/share/trueforge/sandboxes/01m13pwnyffsvyyc9snj21949j/01m13pxq97ts3g094ykmjfff8v/node_modules/@unrs/.resolver-binding-win32-arm64-msvc-VrtkEsRS',
180 silly reify   '/home/gjugn/.local/share/trueforge/sandboxes/01m13pwnyffsvyyc9snj21949j/01m13pxq97ts3g094ykmjfff8v/node_modules/@unrs/resolver-binding-win32-ia32-msvc': '/home/gjugn/.local/share/trueforge/sandboxes/01m13pwnyffsvyyc9snj21949j/01m13pxq97ts3g094ykmjfff8v/node_modules/@unrs/.resolver-binding-win32-ia32-msvc-DAftEk7f',
180 silly reify   '/home/gjugn/.local/share/trueforge/sandboxes/01m13pwnyffsvyyc9snj21949j/01m13pxq97ts3g094ykmjfff8v/node_modules/@unrs/resolver-binding-win32-x64-msvc': '/home/gjugn/.local/share/trueforge/sandboxes/01m13pwnyffsvyyc9snj21949j/01m13pxq97ts3g094ykmjfff8v/node_modules/@unrs/.resolver-binding-win32-x64-msvc-pVq7X7Ar',
180 silly reify   '/home/gjugn/.local/share/trueforge/sandboxes/01m13pwnyffsvyyc9snj21949j/01m13pxq97ts3g094ykmjfff8v/node_modules/acorn': '/home/gjugn/.local/share/trueforge/sandboxes/01m13pwnyffsvyyc9snj21949j/01m13pxq97ts3g094ykmjfff8v/node_modules/.acorn-oxFZ0QQm',
180 silly reify   '/home/gjugn/.local/share/trueforge/sandboxes/01m13pwnyffsvyyc9snj21949j/01m13pxq97ts3g094ykmjfff8v/node_modules/.bin/acorn': '/home/gjugn/.local/share/trueforge/sandboxes/01m13pwnyffsvyyc9snj21949j/01m13pxq97ts3g094ykmjfff8v/node_modules/.bin/.acorn-uIJmkyZt',
180 silly reify   '/home/gjugn/.local/share/trueforge/sandboxes/01m13pwnyffsvyyc9snj21949j/01m13pxq97ts3g094ykmjfff8v/node_modules/astring': '/home/gjugn/.local/share/trueforge/sandboxes/01m13pwnyffsvyyc9snj21949j/01m13pxq97ts3g094ykmjfff8v/node_modules/.astring-567wjXoy',
180 silly reify   '/home/gjugn/.local/share/trueforge/sandboxes/01m13pwnyffsvyyc9snj21949j/01m13pxq97ts3g094ykmjfff8v/node_modules/.bin/astring': '/home/gjugn/.local/share/trueforge/sandboxes/01m13pwnyffsvyyc9snj21949j/01m13pxq97ts3g094ykmjfff8v/node_modules/.bin/.astring-fqQPTzpi',
180 silly reify   '/home/gjugn/.local/share/trueforge/sandboxes/01m13pwnyffsvyyc9snj21949j/01m13pxq97ts3g094ykmjfff8v/node_modules/baseline-browser-mapping': '/home/gjugn/.local/share/trueforge/sandboxes/01m13pwnyffsvyyc9snj21949j/01m13pxq97ts3g094ykmjfff8v/node_modules/.baseline-browser-mapping-HDv4NVSX',
180 silly reify   '/home/gjugn/.local/share/trueforge/sandboxes/01m13pwnyffsvyyc9snj21949j/01m13pxq97ts3g094ykmjfff8v/node_modules/.bin/baseline-browser-mapping': '/home/gjugn/.local/share/trueforge/sandboxes/01m13pwnyffsvyyc9snj21949j/01m13pxq97ts3g094ykmjfff8v/node_modules/.bin/.baseline-browser-mapping-NuCn32d1',
180 silly reify   '/home/gjugn/.local/share/trueforge/sandboxes/01m13pwnyffsvyyc9snj21949j/01m13pxq97ts3g094ykmjfff8v/node_modules/browserslist': '/home/gjugn/.local/share/trueforge/sandboxes/01m13pwnyffsvyyc9snj21949j/01m13pxq97ts3g094ykmjfff8v/node_modules/.browserslist-K3weouuU',
180 silly reify   '/home/gjugn/.local/share/trueforge/sandboxes/01m13pwnyffsvyyc9snj21949j/01m13pxq97ts3g094ykmjfff8v/node_modules/.bin/browserslist': '/home/gjugn/.local/share/trueforge/sandboxes/01m13pwnyffsvyyc9snj21949j/01m13pxq97ts3g094ykmjfff8v/node_modules/.bin/.browserslist-f4d1QWzK',
180 silly reify   '/home/gjugn/.local/share/trueforge/sandboxes/01m13pwnyffsvyyc9snj21949j/01m13pxq97ts3g094ykmjfff8v/node_modules/cssesc': '/home/gjugn/.local/share/trueforge/sandboxes/01m13pwnyffsvyyc9snj21949j/01m13pxq97ts3g094ykmjfff8v/node_modules/.cssesc-PNU3uJDF',
180 silly reify   '/home/gjugn/.local/share/trueforge/sandboxes/01m13pwnyffsvyyc9snj21949j/01m13pxq97ts3g094ykmjfff8v/node_modules/.bin/cssesc': '/home/gjugn/.local/share/trueforge/sandboxes/01m13pwnyffsvyyc9snj21949j/01m13pxq97ts3g094ykmjfff8v/node_modules/.bin/.cssesc-Jqx5DQLe',
180 silly reify   '/home/gjugn/.local/share/trueforge/sandboxes/01m13pwnyffsvyyc9snj21949j/01m13pxq97ts3g094ykmjfff8v/node_modules/dodopayments': '/home/gjugn/.local/share/trueforge/sandboxes/01m13pwnyffsvyyc9snj21949j/01m13pxq97ts3g094ykmjfff8v/node_modules/.dodopayments-8yS63ldi',
180 silly reify   '/home/gjugn/.local/share/trueforge/sandboxes/01m13pwnyffsvyyc9snj21949j/01m13pxq97ts3g094ykmjfff8v/node_modules/.bin/dodopayments': '/home/gjugn/.local/share/trueforge/sandboxes/01m13pwnyffsvyyc9snj21949j/01m13pxq97ts3g094ykmjfff8v/node_modules/.bin/.dodopayments-1QgR5kVb',
180 silly reify   '/home/gjugn/.local/share/trueforge/sandboxes/01m13pwnyffsvyyc9snj21949j/01m13pxq97ts3g094ykmjfff8v/node_modules/dotenv-cli': '/home/gjugn/.local/share/trueforge/sandboxes/01m13pwnyffsvyyc9snj21949j/01m13pxq97ts3g094ykmjfff8v/node_modules/.dotenv-cli-XGCQyh1v',
180 silly reify   '/home/gjugn/.local/share/trueforge/sandboxes/01m13pwnyffsvyyc9snj21949j/01m13pxq97ts3g094ykmjfff8v/node_modules/.bin/dotenv': '/home/gjugn/.local/share/trueforge/sandboxes/01m13pwnyffsvyyc9snj21949j/01m13pxq97ts3g094ykmjfff8v/node_modules/.bin/.dotenv-3HY5F8As',
180 silly reify   '/home/gjugn/.local/share/trueforge/sandboxes/01m13pwnyffsvyyc9snj21949j/01m13pxq97ts3g094ykmjfff8v/node_modules/eslint-compat-utils/node_modules/semver': '/home/gjugn/.local/share/trueforge/sandboxes/01m13pwnyffsvyyc9snj21949j/01m13pxq97ts3g094ykmjfff8v/node_modules/eslint-compat-utils/node_modules/.semver-WebPXd2a',
180 silly reify   '/home/gjugn/.local/share/trueforge/sandboxes/01m13pwnyffsvyyc9snj21949j/01m13pxq97ts3g094ykmjfff8v/node_modules/eslint-compat-utils/node_modules/.bin/semver': '/home/gjugn/.local/share/trueforge/sandboxes/01m13pwnyffsvyyc9snj21949j/01m13pxq97ts3g094ykmjfff8v/node_modules/eslint-compat-utils/node_modules/.bin/.semver-1eW7iUYy',
180 silly reify   '/home/gjugn/.local/share/trueforge/sandboxes/01m13pwnyffsvyyc9snj21949j/01m13pxq97ts3g094ykmjfff8v/node_modules/esbuild': '/home/gjugn/.local/share/trueforge/sandboxes/01m13pwnyffsvyyc9snj21949j/01m13pxq97ts3g094ykmjfff8v/node_modules/.esbuild-gNaMJjYT',
180 silly reify   '/home/gjugn/.local/share/trueforge/sandboxes/01m13pwnyffsvyyc9snj21949j/01m13pxq97ts3g094ykmjfff8v/node_modules/.bin/esbuild': '/home/gjugn/.local/share/trueforge/sandboxes/01m13pwnyffsvyyc9snj21949j/01m13pxq97ts3g094ykmjfff8v/node_modules/.bin/.esbuild-ItBjP7KO',
180 silly reify   '/home/gjugn/.local/share/trueforge/sandboxes/01m13pwnyffsvyyc9snj21949j/01m13pxq97ts3g094ykmjfff8v/node_modules/eslint': '/home/gjugn/.local/share/trueforge/sandboxes/01m13pwnyffsvyyc9snj21949j/01m13pxq97ts3g094ykmjfff8v/node_modules/.eslint-ZsQoD8jx',
180 silly reify   '/home/gjugn/.local/share/trueforge/sandboxes/01m13pwnyffsvyyc9snj21949j/01m13pxq97ts3g094ykmjfff8v/node_modules/.bin/eslint': '/home/gjugn/.local/share/trueforge/sandboxes/01m13pwnyffsvyyc9snj21949j/01m13pxq97ts3g094ykmjfff8v/node_modules/.bin/.eslint-1csGVM9H',
180 silly reify   '/home/gjugn/.local/share/trueforge/sandboxes/01m13pwnyffsvyyc9snj21949j/01m13pxq97ts3g094ykmjfff8v/node_modules/eslint-plugin-n/node_modules/semver': '/home/gjugn/.local/share/trueforge/sandboxes/01m13pwnyffsvyyc9snj21949j/01m13pxq97ts3g094ykmjfff8v/node_modules/eslint-plugin-n/node_modules/.semver-jGJllCXM',
180 silly reify   '/home/gjugn/.local/share/trueforge/sandboxes/01m13pwnyffsvyyc9snj21949j/01m13pxq97ts3g094ykmjfff8v/node_modules/eslint-plugin-n/node_modules/.bin/semver': '/home/gjugn/.local/share/trueforge/sandboxes/01m13pwnyffsvyyc9snj21949j/01m13pxq97ts3g094ykmjfff8v/node_modules/eslint-plugin-n/node_modules/.bin/.semver-HpLqZLVV',
180 silly reify   '/home/gjugn/.local/share/trueforge/sandboxes/01m13pwnyffsvyyc9snj21949j/01m13pxq97ts3g094ykmjfff8v/node_modules/giget': '/home/gjugn/.local/share/trueforge/sandboxes/01m13pwnyffsvyyc9snj21949j/01m13pxq97ts3g094ykmjfff8v/node_modules/.giget-9VkhbqYi',
180 silly reify   '/home/gjugn/.local/share/trueforge/sandboxes/01m13pwnyffsvyyc9snj21949j/01m13pxq97ts3g094ykmjfff8v/node_modules/.bin/giget': '/home/gjugn/.local/share/trueforge/sandboxes/01m13pwnyffsvyyc9snj21949j/01m13pxq97ts3g094ykmjfff8v/node_modules/.bin/.giget-FYtI9EyZ',
180 silly reify   '/home/gjugn/.local/share/trueforge/sandboxes/01m13pwnyffsvyyc9snj21949j/01m13pxq97ts3g094ykmjfff8v/node_modules/h3-v2': '/home/gjugn/.local/share/trueforge/sandboxes/01m13pwnyffsvyyc9snj21949j/01m13pxq97ts3g094ykmjfff8v/node_modules/.h3-v2-fvqZbovC',
180 silly reify   '/home/gjugn/.local/share/trueforge/sandboxes/01m13pwnyffsvyyc9snj21949j/01m13pxq97ts3g094ykmjfff8v/node_modules/.bin/h3': '/home/gjugn/.local/share/trueforge/sandboxes/01m13pwnyffsvyyc9snj21949j/01m13pxq97ts3g094ykmjfff8v/node_modules/.bin/.h3-44p43PQf',
180 silly reify   '/home/gjugn/.local/share/trueforge/sandboxes/01m13pwnyffsvyyc9snj21949j/01m13pxq97ts3g094ykmjfff8v/node_modules/intl-messageformat': '/home/gjugn/.local/share/trueforge/sandboxes/01m13pwnyffsvyyc9snj21949j/01m13pxq97ts3g094ykmjfff8v/node_modules/.intl-messageformat-JP2z35oF',
180 silly reify   '/home/gjugn/.local/share/trueforge/sandboxes/01m13pwnyffsvyyc9snj21949j/01m13pxq97ts3g094ykmjfff8v/node_modules/eslint-plugin-import-x/node_modules/semver': '/home/gjugn/.local/share/trueforge/sandboxes/01m13pwnyffsvyyc9snj21949j/01m13pxq97ts3g094ykmjfff8v/node_modules/eslint-plugin-import-x/node_modules/.semver-B7T292KZ',
180 silly reify   '/home/gjugn/.local/share/trueforge/sandboxes/01m13pwnyffsvyyc9snj21949j/01m13pxq97ts3g094ykmjfff8v/node_modules/eslint-plugin-import-x/node_modules/.bin/semver': '/home/gjugn/.local/share/trueforge/sandboxes/01m13pwnyffsvyyc9snj21949j/01m13pxq97ts3g094ykmjfff8v/node_modules/eslint-plugin-import-x/node_modules/.bin/.semver-PyOxJQoG',
180 silly reify   '/home/gjugn/.local/share/trueforge/sandboxes/01m13pwnyffsvyyc9snj21949j/01m13pxq97ts3g094ykmjfff8v/node_modules/js-yaml': '/home/gjugn/.local/share/trueforge/sandboxes/01m13pwnyffsvyyc9snj21949j/01m13pxq97ts3g094ykmjfff8v/node_modules/.js-yaml-zIw3qziL',
180 silly reify   '/home/gjugn/.local/share/trueforge/sandboxes/01m13pwnyffsvyyc9snj21949j/01m13pxq97ts3g094ykmjfff8v/node_modules/.bin/js-yaml': '/home/gjugn/.local/share/trueforge/sandboxes/01m13pwnyffsvyyc9snj21949j/01m13pxq97ts3g094ykmjfff8v/node_modules/.bin/.js-yaml-O1drnQ5i',
180 silly reify   '/home/gjugn/.local/share/trueforge/sandboxes/01m13pwnyffsvyyc9snj21949j/01m13pxq97ts3g094ykmjfff8v/node_modules/jsesc': '/home/gjugn/.local/share/trueforge/sandboxes/01m13pwnyffsvyyc9snj21949j/01m13pxq97ts3g094ykmjfff8v/node_modules/.jsesc-BHPKrDuX',
180 silly reify   '/home/gjugn/.local/share/trueforge/sandboxes/01m13pwnyffsvyyc9snj21949j/01m13pxq97ts3g094ykmjfff8v/node_modules/.bin/jsesc': '/home/gjugn/.local/share/trueforge/sandboxes/01m13pwnyffsvyyc9snj21949j/01m13pxq97ts3g094ykmjfff8v/node_modules/.bin/.jsesc-Bij0al3S',
180 silly reify   '/home/gjugn/.local/share/trueforge/sandboxes/01m13pwnyffsvyyc9snj21949j/01m13pxq97ts3g094ykmjfff8v/node_modules/jiti': '/home/gjugn/.local/share/trueforge/sandboxes/01m13pwnyffsvyyc9snj21949j/01m13pxq97ts3g094ykmjfff8v/node_modules/.jiti-fUmabtTv',
180 silly reify   '/home/gjugn/.local/share/trueforge/sandboxes/01m13pwnyffsvyyc9snj21949j/01m13pxq97ts3g094ykmjfff8v/node_modules/.bin/jiti': '/home/gjugn/.local/share/trueforge/sandboxes/01m13pwnyffsvyyc9snj21949j/01m13pxq97ts3g094ykmjfff8v/node_modules/.bin/.jiti-ti9xLWBT',
180 silly reify   '/home/gjugn/.local/share/trueforge/sandboxes/01m13pwnyffsvyyc9snj21949j/01m13pxq97ts3g094ykmjfff8v/node_modules/json5': '/home/gjugn/.local/share/trueforge/sandboxes/01m13pwnyffsvyyc9snj21949j/01m13pxq97ts3g094ykmjfff8v/node_modules/.json5-hx4dbdPY',
180 silly reify   '/home/gjugn/.local/share/trueforge/sandboxes/01m13pwnyffsvyyc9snj21949j/01m13pxq97ts3g094ykmjfff8v/node_modules/.bin/json5': '/home/gjugn/.local/share/trueforge/sandboxes/01m13pwnyffsvyyc9snj21949j/01m13pxq97ts3g094ykmjfff8v/node_modules/.bin/.json5-U3c80L5u',
180 silly reify   '/home/gjugn/.local/share/trueforge/sandboxes/01m13pwnyffsvyyc9snj21949j/01m13pxq97ts3g094ykmjfff8v/node_modules/loose-envify': '/home/gjugn/.local/share/trueforge/sandboxes/01m13pwnyffsvyyc9snj21949j/01m13pxq97ts3g094ykmjfff8v/node_modules/.loose-envify-RWSkmigD',
180 silly reify   '/home/gjugn/.local/share/trueforge/sandboxes/01m13pwnyffsvyyc9snj21949j/01m13pxq97ts3g094ykmjfff8v/node_modules/.bin/loose-envify': '/home/gjugn/.local/share/trueforge/sandboxes/01m13pwnyffsvyyc9snj21949j/01m13pxq97ts3g094ykmjfff8v/node_modules/.bin/.loose-envify-3fHEmFpv',
180 silly reify   '/home/gjugn/.local/share/trueforge/sandboxes/01m13pwnyffsvyyc9snj21949j/01m13pxq97ts3g094ykmjfff8v/node_modules/lz-string': '/home/gjugn/.local/share/trueforge/sandboxes/01m13pwnyffsvyyc9snj21949j/01m13pxq97ts3g094ykmjfff8v/node_modules/.lz-string-XUqoIYK0',
180 silly reify   '/home/gjugn/.local/share/trueforge/sandboxes/01m13pwnyffsvyyc9snj21949j/01m13pxq97ts3g094ykmjfff8v/node_modules/.bin/lz-string': '/home/gjugn/.local/share/trueforge/sandboxes/01m13pwnyffsvyyc9snj21949j/01m13pxq97ts3g094ykmjfff8v/node_modules/.bin/.lz-string-r6DfbdR5',
180 silly reify   '/home/gjugn/.local/share/trueforge/sandboxes/01m13pwnyffsvyyc9snj21949j/01m13pxq97ts3g094ykmjfff8v/node_modules/nanoid': '/home/gjugn/.local/share/trueforge/sandboxes/01m13pwnyffsvyyc9snj21949j/01m13pxq97ts3g094ykmjfff8v/node_modules/.nanoid-iJbtmFCS',
180 silly reify   '/home/gjugn/.local/share/trueforge/sandboxes/01m13pwnyffsvyyc9snj21949j/01m13pxq97ts3g094ykmjfff8v/node_modules/.bin/nanoid': '/home/gjugn/.local/share/trueforge/sandboxes/01m13pwnyffsvyyc9snj21949j/01m13pxq97ts3g094ykmjfff8v/node_modules/.bin/.nanoid-rQXKWuTW',
180 silly reify   '/home/gjugn/.local/share/trueforge/sandboxes/01m13pwnyffsvyyc9snj21949j/01m13pxq97ts3g094ykmjfff8v/node_modules/napi-postinstall': '/home/gjugn/.local/share/trueforge/sandboxes/01m13pwnyffsvyyc9snj21949j/01m13pxq97ts3g094ykmjfff8v/node_modules/.napi-postinstall-nDhKwKHR',
180 silly reify   '/home/gjugn/.local/share/trueforge/sandboxes/01m13pwnyffsvyyc9snj21949j/01m13pxq97ts3g094ykmjfff8v/node_modules/.bin/napi-postinstall': '/home/gjugn/.local/share/trueforge/sandboxes/01m13pwnyffsvyyc9snj21949j/01m13pxq97ts3g094ykmjfff8v/node_modules/.bin/.napi-postinstall-xRZJ4AbF',
180 silly reify   '/home/gjugn/.local/share/trueforge/sandboxes/01m13pwnyffsvyyc9snj21949j/01m13pxq97ts3g094ykmjfff8v/node_modules/prettier': '/home/gjugn/.local/share/trueforge/sandboxes/01m13pwnyffsvyyc9snj21949j/01m13pxq97ts3g094ykmjfff8v/node_modules/.prettier-TW4qLK2j',
180 silly reify   '/home/gjugn/.local/share/trueforge/sandboxes/01m13pwnyffsvyyc9snj21949j/01m13pxq97ts3g094ykmjfff8v/node_modules/.bin/prettier': '/home/gjugn/.local/share/trueforge/sandboxes/01m13pwnyffsvyyc9snj21949j/01m13pxq97ts3g094ykmjfff8v/node_modules/.bin/.prettier-E88vFqpA',
180 silly reify   '/home/gjugn/.local/share/trueforge/sandboxes/01m13pwnyffsvyyc9snj21949j/01m13pxq97ts3g094ykmjfff8v/node_modules/prisma': '/home/gjugn/.local/share/trueforge/sandboxes/01m13pwnyffsvyyc9snj21949j/01m13pxq97ts3g094ykmjfff8v/node_modules/.prisma-4enD15ty',
180 silly reify   '/home/gjugn/.local/share/trueforge/sandboxes/01m13pwnyffsvyyc9snj21949j/01m13pxq97ts3g094ykmjfff8v/node_modules/.bin/prisma': '/home/gjugn/.local/share/trueforge/sandboxes/01m13pwnyffsvyyc9snj21949j/01m13pxq97ts3g094ykmjfff8v/node_modules/.bin/.prisma-2b3YPY4R',
180 silly reify   '/home/gjugn/.local/share/trueforge/sandboxes/01m13pwnyffsvyyc9snj21949j/01m13pxq97ts3g094ykmjfff8v/node_modules/rolldown': '/home/gjugn/.local/share/trueforge/sandboxes/01m13pwnyffsvyyc9snj21949j/01m13pxq97ts3g094ykmjfff8v/node_modules/.rolldown-P8ncmCO9',
180 silly reify   '/home/gjugn/.local/share/trueforge/sandboxes/01m13pwnyffsvyyc9snj21949j/01m13pxq97ts3g094ykmjfff8v/node_modules/.bin/rolldown': '/home/gjugn/.local/share/trueforge/sandboxes/01m13pwnyffsvyyc9snj21949j/01m13pxq97ts3g094ykmjfff8v/node_modules/.bin/.rolldown-IQqapiUc',
180 silly reify   '/home/gjugn/.local/share/trueforge/sandboxes/01m13pwnyffsvyyc9snj21949j/01m13pxq97ts3g094ykmjfff8v/node_modules/safe-regex2': '/home/gjugn/.local/share/trueforge/sandboxes/01m13pwnyffsvyyc9snj21949j/01m13pxq97ts3g094ykmjfff8v/node_modules/.safe-regex2-Jtqav5MW',
180 silly reify   '/home/gjugn/.local/share/trueforge/sandboxes/01m13pwnyffsvyyc9snj21949j/01m13pxq97ts3g094ykmjfff8v/node_modules/.bin/safe-regex2': '/home/gjugn/.local/share/trueforge/sandboxes/01m13pwnyffsvyyc9snj21949j/01m13pxq97ts3g094ykmjfff8v/node_modules/.bin/.safe-regex2-8m04zakw',
180 silly reify   '/home/gjugn/.local/share/trueforge/sandboxes/01m13pwnyffsvyyc9snj21949j/01m13pxq97ts3g094ykmjfff8v/node_modules/semver': '/home/gjugn/.local/share/trueforge/sandboxes/01m13pwnyffsvyyc9snj21949j/01m13pxq97ts3g094ykmjfff8v/node_modules/.semver-hhv1mUy6',
180 silly reify   '/home/gjugn/.local/share/trueforge/sandboxes/01m13pwnyffsvyyc9snj21949j/01m13pxq97ts3g094ykmjfff8v/node_modules/.bin/semver': '/home/gjugn/.local/share/trueforge/sandboxes/01m13pwnyffsvyyc9snj21949j/01m13pxq97ts3g094ykmjfff8v/node_modules/.bin/.semver-7gj6BDCb',
180 silly reify   '/home/gjugn/.local/share/trueforge/sandboxes/01m13pwnyffsvyyc9snj21949j/01m13pxq97ts3g094ykmjfff8v/node_modules/srvx': '/home/gjugn/.local/share/trueforge/sandboxes/01m13pwnyffsvyyc9snj21949j/01m13pxq97ts3g094ykmjfff8v/node_modules/.srvx-fUjy5MNj',
180 silly reify   '/home/gjugn/.local/share/trueforge/sandboxes/01m13pwnyffsvyyc9snj21949j/01m13pxq97ts3g094ykmjfff8v/node_modules/.bin/srvx': '/home/gjugn/.local/share/trueforge/sandboxes/01m13pwnyffsvyyc9snj21949j/01m13pxq97ts3g094ykmjfff8v/node_modules/.bin/.srvx-hCHtW2jZ',
180 silly reify   '/home/gjugn/.local/share/trueforge/sandboxes/01m13pwnyffsvyyc9snj21949j/01m13pxq97ts3g094ykmjfff8v/node_modules/tldts': '/home/gjugn/.local/share/trueforge/sandboxes/01m13pwnyffsvyyc9snj21949j/01m13pxq97ts3g094ykmjfff8v/node_modules/.tldts-3G8ENPya',
180 silly reify   '/home/gjugn/.local/share/trueforge/sandboxes/01m13pwnyffsvyyc9snj21949j/01m13pxq97ts3g094ykmjfff8v/node_modules/.bin/tldts': '/home/gjugn/.local/share/trueforge/sandboxes/01m13pwnyffsvyyc9snj21949j/01m13pxq97ts3g094ykmjfff8v/node_modules/.bin/.tldts-0kUzgfHr',
180 silly reify   '/home/gjugn/.local/share/trueforge/sandboxes/01m13pwnyffsvyyc9snj21949j/01m13pxq97ts3g094ykmjfff8v/node_modules/tsx': '/home/gjugn/.local/share/trueforge/sandboxes/01m13pwnyffsvyyc9snj21949j/01m13pxq97ts3g094ykmjfff8v/node_modules/.tsx-ZYtQdJgr',
180 silly reify   '/home/gjugn/.local/share/trueforge/sandboxes/01m13pwnyffsvyyc9snj21949j/01m13pxq97ts3g094ykmjfff8v/node_modules/.bin/tsx': '/home/gjugn/.local/share/trueforge/sandboxes/01m13pwnyffsvyyc9snj21949j/01m13pxq97ts3g094ykmjfff8v/node_modules/.bin/.tsx-cGQtom8n',
180 silly reify   '/home/gjugn/.local/share/trueforge/sandboxes/01m13pwnyffsvyyc9snj21949j/01m13pxq97ts3g094ykmjfff8v/node_modules/typescript': '/home/gjugn/.local/share/trueforge/sandboxes/01m13pwnyffsvyyc9snj21949j/01m13pxq97ts3g094ykmjfff8v/node_modules/.typescript-zZnt5u9N',
180 silly reify   '/home/gjugn/.local/share/trueforge/sandboxes/01m13pwnyffsvyyc9snj21949j/01m13pxq97ts3g094ykmjfff8v/node_modules/.bin/tsc': '/home/gjugn/.local/share/trueforge/sandboxes/01m13pwnyffsvyyc9snj21949j/01m13pxq97ts3g094ykmjfff8v/node_modules/.bin/.tsc-OfOOLCcW',
180 silly reify   '/home/gjugn/.local/share/trueforge/sandboxes/01m13pwnyffsvyyc9snj21949j/01m13pxq97ts3g094ykmjfff8v/node_modules/.bin/tsserver': '/home/gjugn/.local/share/trueforge/sandboxes/01m13pwnyffsvyyc9snj21949j/01m13pxq97ts3g094ykmjfff8v/node_modules/.bin/.tsserver-AULROg4v',
180 silly reify   '/home/gjugn/.local/share/trueforge/sandboxes/01m13pwnyffsvyyc9snj21949j/01m13pxq97ts3g094ykmjfff8v/node_modules/update-browserslist-db': '/home/gjugn/.local/share/trueforge/sandboxes/01m13pwnyffsvyyc9snj21949j/01m13pxq97ts3g094ykmjfff8v/node_modules/.update-browserslist-db-zJ1cbCf5',
180 silly reify   '/home/gjugn/.local/share/trueforge/sandboxes/01m13pwnyffsvyyc9snj21949j/01m13pxq97ts3g094ykmjfff8v/node_modules/.bin/update-browserslist-db': '/home/gjugn/.local/share/trueforge/sandboxes/01m13pwnyffsvyyc9snj21949j/01m13pxq97ts3g094ykmjfff8v/node_modules/.bin/.update-browserslist-db-Tw4y1Ktq',
180 silly reify   '/home/gjugn/.local/share/trueforge/sandboxes/01m13pwnyffsvyyc9snj21949j/01m13pxq97ts3g094ykmjfff8v/node_modules/vitest': '/home/gjugn/.local/share/trueforge/sandboxes/01m13pwnyffsvyyc9snj21949j/01m13pxq97ts3g094ykmjfff8v/node_modules/.vitest-KrK3QF11',
180 silly reify   '/home/gjugn/.local/share/trueforge/sandboxes/01m13pwnyffsvyyc9snj21949j/01m13pxq97ts3g094ykmjfff8v/node_modules/.bin/vitest': '/home/gjugn/.local/share/trueforge/sandboxes/01m13pwnyffsvyyc9snj21949j/01m13pxq97ts3g094ykmjfff8v/node_modules/.bin/.vitest-xSzRWSf1',
180 silly reify   '/home/gjugn/.local/share/trueforge/sandboxes/01m13pwnyffsvyyc9snj21949j/01m13pxq97ts3g094ykmjfff8v/node_modules/vite': '/home/gjugn/.local/share/trueforge/sandboxes/01m13pwnyffsvyyc9snj21949j/01m13pxq97ts3g094ykmjfff8v/node_modules/.vite-opPBtVVV',
180 silly reify   '/home/gjugn/.local/share/trueforge/sandboxes/01m13pwnyffsvyyc9snj21949j/01m13pxq97ts3g094ykmjfff8v/node_modules/.bin/vite': '/home/gjugn/.local/share/trueforge/sandboxes/01m13pwnyffsvyyc9snj21949j/01m13pxq97ts3g094ykmjfff8v/node_modules/.bin/.vite-4ZqII5c4',
180 silly reify   '/home/gjugn/.local/share/trueforge/sandboxes/01m13pwnyffsvyyc9snj21949j/01m13pxq97ts3g094ykmjfff8v/node_modules/vue-eslint-parser/node_modules/semver': '/home/gjugn/.local/share/trueforge/sandboxes/01m13pwnyffsvyyc9snj21949j/01m13pxq97ts3g094ykmjfff8v/node_modules/vue-eslint-parser/node_modules/.semver-apIWYBCF',
180 silly reify   '/home/gjugn/.local/share/trueforge/sandboxes/01m13pwnyffsvyyc9snj21949j/01m13pxq97ts3g094ykmjfff8v/node_modules/vue-eslint-parser/node_modules/.bin/semver': '/home/gjugn/.local/share/trueforge/sandboxes/01m13pwnyffsvyyc9snj21949j/01m13pxq97ts3g094ykmjfff8v/node_modules/vue-eslint-parser/node_modules/.bin/.semver-snYvDOVE',
180 silly reify   '/home/gjugn/.local/share/trueforge/sandboxes/01m13pwnyffsvyyc9snj21949j/01m13pxq97ts3g094ykmjfff8v/node_modules/which': '/home/gjugn/.local/share/trueforge/sandboxes/01m13pwnyffsvyyc9snj21949j/01m13pxq97ts3g094ykmjfff8v/node_modules/.which-Ly9nT4c7',
180 silly reify   '/home/gjugn/.local/share/trueforge/sandboxes/01m13pwnyffsvyyc9snj21949j/01m13pxq97ts3g094ykmjfff8v/node_modules/.bin/node-which': '/home/gjugn/.local/share/trueforge/sandboxes/01m13pwnyffsvyyc9snj21949j/01m13pxq97ts3g094ykmjfff8v/node_modules/.bin/.node-which-KfzJCWGt',
180 silly reify   '/home/gjugn/.local/share/trueforge/sandboxes/01m13pwnyffsvyyc9snj21949j/01m13pxq97ts3g094ykmjfff8v/node_modules/why-is-node-running': '/home/gjugn/.local/share/trueforge/sandboxes/01m13pwnyffsvyyc9snj21949j/01m13pxq97ts3g094ykmjfff8v/node_modules/.why-is-node-running-hbzPO9AO',
180 silly reify   '/home/gjugn/.local/share/trueforge/sandboxes/01m13pwnyffsvyyc9snj21949j/01m13pxq97ts3g094ykmjfff8v/node_modules/.bin/why-is-node-running': '/home/gjugn/.local/share/trueforge/sandboxes/01m13pwnyffsvyyc9snj21949j/01m13pxq97ts3g094ykmjfff8v/node_modules/.bin/.why-is-node-running-nhpssT8o',
180 silly reify   '/home/gjugn/.local/share/trueforge/sandboxes/01m13pwnyffsvyyc9snj21949j/01m13pxq97ts3g094ykmjfff8v/node_modules/@apm-js-collab/code-transformer': '/home/gjugn/.local/share/trueforge/sandboxes/01m13pwnyffsvyyc9snj21949j/01m13pxq97ts3g094ykmjfff8v/node_modules/@apm-js-collab/.code-transformer-nESZbN9m',
180 silly reify   '/home/gjugn/.local/share/trueforge/sandboxes/01m13pwnyffsvyyc9snj21949j/01m13pxq97ts3g094ykmjfff8v/node_modules/.bin/code-transformer': '/home/gjugn/.local/share/trueforge/sandboxes/01m13pwnyffsvyyc9snj21949j/01m13pxq97ts3g094ykmjfff8v/node_modules/.bin/.code-transformer-hLB47aoH',
180 silly reify   '/home/gjugn/.local/share/trueforge/sandboxes/01m13pwnyffsvyyc9snj21949j/01m13pxq97ts3g094ykmjfff8v/node_modules/@babel/parser': '/home/gjugn/.local/share/trueforge/sandboxes/01m13pwnyffsvyyc9snj21949j/01m13pxq97ts3g094ykmjfff8v/node_modules/@babel/.parser-olnh6u53',
180 silly reify   '/home/gjugn/.local/share/trueforge/sandboxes/01m13pwnyffsvyyc9snj21949j/01m13pxq97ts3g094ykmjfff8v/node_modules/.bin/parser': '/home/gjugn/.local/share/trueforge/sandboxes/01m13pwnyffsvyyc9snj21949j/01m13pxq97ts3g094ykmjfff8v/node_modules/.bin/.parser-KnPhDYlV',
180 silly reify   '/home/gjugn/.local/share/trueforge/sandboxes/01m13pwnyffsvyyc9snj21949j/01m13pxq97ts3g094ykmjfff8v/node_modules/@electric-sql/pglite-socket': '/home/gjugn/.local/share/trueforge/sandboxes/01m13pwnyffsvyyc9snj21949j/01m13pxq97ts3g094ykmjfff8v/node_modules/@electric-sql/.pglite-socket-TnesbVpW',
180 silly reify   '/home/gjugn/.local/share/trueforge/sandboxes/01m13pwnyffsvyyc9snj21949j/01m13pxq97ts3g094ykmjfff8v/node_modules/.bin/pglite-server': '/home/gjugn/.local/share/trueforge/sandboxes/01m13pwnyffsvyyc9snj21949j/01m13pxq97ts3g094ykmjfff8v/node_modules/.bin/.pglite-server-fK7biuQ2',
180 silly reify   '/home/gjugn/.local/share/trueforge/sandboxes/01m13pwnyffsvyyc9snj21949j/01m13pxq97ts3g094ykmjfff8v/node_modules/@formatjs/ecma402-abstract': '/home/gjugn/.local/share/trueforge/sandboxes/01m13pwnyffsvyyc9snj21949j/01m13pxq97ts3g094ykmjfff8v/node_modules/@formatjs/.ecma402-abstract-Oo9SH8nq',
180 silly reify   '/home/gjugn/.local/share/trueforge/sandboxes/01m13pwnyffsvyyc9snj21949j/01m13pxq97ts3g094ykmjfff8v/node_modules/@formatjs/fast-memoize': '/home/gjugn/.local/share/trueforge/sandboxes/01m13pwnyffsvyyc9snj21949j/01m13pxq97ts3g094ykmjfff8v/node_modules/@formatjs/.fast-memoize-GdF8nIdq',
180 silly reify   '/home/gjugn/.local/share/trueforge/sandboxes/01m13pwnyffsvyyc9snj21949j/01m13pxq97ts3g094ykmjfff8v/node_modules/@formatjs/icu-skeleton-parser': '/home/gjugn/.local/share/trueforge/sandboxes/01m13pwnyffsvyyc9snj21949j/01m13pxq97ts3g094ykmjfff8v/node_modules/@formatjs/.icu-skeleton-parser-EbPivLUm',
180 silly reify   '/home/gjugn/.local/share/trueforge/sandboxes/01m13pwnyffsvyyc9snj21949j/01m13pxq97ts3g094ykmjfff8v/node_modules/@formatjs/icu-messageformat-parser': '/home/gjugn/.local/share/trueforge/sandboxes/01m13pwnyffsvyyc9snj21949j/01m13pxq97ts3g094ykmjfff8v/node_modules/@formatjs/.icu-messageformat-parser-dhQOK3SL',
180 silly reify   '/home/gjugn/.local/share/trueforge/sandboxes/01m13pwnyffsvyyc9snj21949j/01m13pxq97ts3g094ykmjfff8v/node_modules/@formatjs/intl-localematcher': '/home/gjugn/.local/share/trueforge/sandboxes/01m13pwnyffsvyyc9snj21949j/01m13pxq97ts3g094ykmjfff8v/node_modules/@formatjs/.intl-localematcher-a7hSXorf',
180 silly reify   '/home/gjugn/.local/share/trueforge/sandboxes/01m13pwnyffsvyyc9snj21949j/01m13pxq97ts3g094ykmjfff8v/node_modules/@internationalized/message': '/home/gjugn/.local/share/trueforge/sandboxes/01m13pwnyffsvyyc9snj21949j/01m13pxq97ts3g094ykmjfff8v/node_modules/@internationalized/.message-PSwncYi6',
180 silly reify   '/home/gjugn/.local/share/trueforge/sandboxes/01m13pwnyffsvyyc9snj21949j/01m13pxq97ts3g094ykmjfff8v/node_modules/@bramus/specificity': '/home/gjugn/.local/share/trueforge/sandboxes/01m13pwnyffsvyyc9snj21949j/01m13pxq97ts3g094ykmjfff8v/node_modules/@bramus/.specificity-PoyzH8C5',
180 silly reify   '/home/gjugn/.local/share/trueforge/sandboxes/01m13pwnyffsvyyc9snj21949j/01m13pxq97ts3g094ykmjfff8v/node_modules/.bin/specificity': '/home/gjugn/.local/share/trueforge/sandboxes/01m13pwnyffsvyyc9snj21949j/01m13pxq97ts3g094ykmjfff8v/node_modules/.bin/.specificity-45YAby7r',
180 silly reify   '/home/gjugn/.local/share/trueforge/sandboxes/01m13pwnyffsvyyc9snj21949j/01m13pxq97ts3g094ykmjfff8v/node_modules/@react-aria/i18n': '/home/gjugn/.local/share/trueforge/sandboxes/01m13pwnyffsvyyc9snj21949j/01m13pxq97ts3g094ykmjfff8v/node_modules/@react-aria/.i18n-wuqlXK8m',
180 silly reify   '/home/gjugn/.local/share/trueforge/sandboxes/01m13pwnyffsvyyc9snj21949j/01m13pxq97ts3g094ykmjfff8v/node_modules/@react-aria/ssr': '/home/gjugn/.local/share/trueforge/sandboxes/01m13pwnyffsvyyc9snj21949j/01m13pxq97ts3g094ykmjfff8v/node_modules/@react-aria/.ssr-ra9JzcnL',
180 silly reify   '/home/gjugn/.local/share/trueforge/sandboxes/01m13pwnyffsvyyc9snj21949j/01m13pxq97ts3g094ykmjfff8v/node_modules/@react-aria/utils': '/home/gjugn/.local/share/trueforge/sandboxes/01m13pwnyffsvyyc9snj21949j/01m13pxq97ts3g094ykmjfff8v/node_modules/@react-aria/.utils-tFKAFkjG',
180 silly reify   '/home/gjugn/.local/share/trueforge/sandboxes/01m13pwnyffsvyyc9snj21949j/01m13pxq97ts3g094ykmjfff8v/node_modules/@react-spectrum/provider': '/home/gjugn/.local/share/trueforge/sandboxes/01m13pwnyffsvyyc9snj21949j/01m13pxq97ts3g094ykmjfff8v/node_modules/@react-spectrum/.provider-u4hwDlY8',
180 silly reify   '/home/gjugn/.local/share/trueforge/sandboxes/01m13pwnyffsvyyc9snj21949j/01m13pxq97ts3g094ykmjfff8v/node_modules/@sentry/cli': '/home/gjugn/.local/share/trueforge/sandboxes/01m13pwnyffsvyyc9snj21949j/01m13pxq97ts3g094ykmjfff8v/node_modules/@sentry/.cli-3hbU1VOQ',
180 silly reify   '/home/gjugn/.local/share/trueforge/sandboxes/01m13pwnyffsvyyc9snj21949j/01m13pxq97ts3g094ykmjfff8v/node_modules/.bin/sentry-cli': '/home/gjugn/.local/share/trueforge/sandboxes/01m13pwnyffsvyyc9snj21949j/01m13pxq97ts3g094ykmjfff8v/node_modules/.bin/.sentry-cli-NTrwtcHe',
180 silly reify   '/home/gjugn/.local/share/trueforge/sandboxes/01m13pwnyffsvyyc9snj21949j/01m13pxq97ts3g094ykmjfff8v/node_modules/@tanstack/devtools-vite': '/home/gjugn/.local/share/trueforge/sandboxes/01m13pwnyffsvyyc9snj21949j/01m13pxq97ts3g094ykmjfff8v/node_modules/@tanstack/.devtools-vite-bUaoQaXf',
180 silly reify   '/home/gjugn/.local/share/trueforge/sandboxes/01m13pwnyffsvyyc9snj21949j/01m13pxq97ts3g094ykmjfff8v/node_modules/.bin/intent': '/home/gjugn/.local/share/trueforge/sandboxes/01m13pwnyffsvyyc9snj21949j/01m13pxq97ts3g094ykmjfff8v/node_modules/.bin/.intent-9PmwNpjw',
180 silly reify   '/home/gjugn/.local/share/trueforge/sandboxes/01m13pwnyffsvyyc9snj21949j/01m13pxq97ts3g094ykmjfff8v/node_modules/@tanstack/devtools-event-client': '/home/gjugn/.local/share/trueforge/sandboxes/01m13pwnyffsvyyc9snj21949j/01m13pxq97ts3g094ykmjfff8v/node_modules/@tanstack/.devtools-event-client-efYF3c5l',
180 silly reify   '/home/gjugn/.local/share/trueforge/sandboxes/01m13pwnyffsvyyc9snj21949j/01m13pxq97ts3g094ykmjfff8v/node_modules/@tanstack/devtools': '/home/gjugn/.local/share/trueforge/sandboxes/01m13pwnyffsvyyc9snj21949j/01m13pxq97ts3g094ykmjfff8v/node_modules/@tanstack/.devtools-HoEgjs2K',
180 silly reify   '/home/gjugn/.local/share/trueforge/sandboxes/01m13pwnyffsvyyc9snj21949j/01m13pxq97ts3g094ykmjfff8v/node_modules/@tanstack/router-cli': '/home/gjugn/.local/share/trueforge/sandboxes/01m13pwnyffsvyyc9snj21949j/01m13pxq97ts3g094ykmjfff8v/node_modules/@tanstack/.router-cli-oeSlU3ny',
180 silly reify   '/home/gjugn/.local/share/trueforge/sandboxes/01m13pwnyffsvyyc9snj21949j/01m13pxq97ts3g094ykmjfff8v/node_modules/.bin/tsr': '/home/gjugn/.local/share/trueforge/sandboxes/01m13pwnyffsvyyc9snj21949j/01m13pxq97ts3g094ykmjfff8v/node_modules/.bin/.tsr-1r1iGXtV',
180 silly reify   '/home/gjugn/.local/share/trueforge/sandboxes/01m13pwnyffsvyyc9snj21949j/01m13pxq97ts3g094ykmjfff8v/node_modules/@typescript-eslint/typescript-estree/node_modules/semver': '/home/gjugn/.local/share/trueforge/sandboxes/01m13pwnyffsvyyc9snj21949j/01m13pxq97ts3g094ykmjfff8v/node_modules/@typescript-eslint/typescript-estree/node_modules/.semver-EZgo36kR',
180 silly reify   '/home/gjugn/.local/share/trueforge/sandboxes/01m13pwnyffsvyyc9snj21949j/01m13pxq97ts3g094ykmjfff8v/node_modules/@typescript-eslint/typescript-estree/node_modules/.bin/semver': '/home/gjugn/.local/share/trueforge/sandboxes/01m13pwnyffsvyyc9snj21949j/01m13pxq97ts3g094ykmjfff8v/node_modules/@typescript-eslint/typescript-estree/node_modules/.bin/.semver-Z89BvMR8'
180 silly reify }
181 verbose reify failed optional dependency /home/gjugn/.local/share/trueforge/sandboxes/01m13pwnyffsvyyc9snj21949j/01m13pxq97ts3g094ykmjfff8v/node_modules/@tailwindcss/oxide-wasm32-wasi
182 silly reify mark deleted [
182 silly reify   '/home/gjugn/.local/share/trueforge/sandboxes/01m13pwnyffsvyyc9snj21949j/01m13pxq97ts3g094ykmjfff8v/node_modules/@tailwindcss/oxide-wasm32-wasi'
182 silly reify ]
183 verbose reify failed optional dependency /home/gjugn/.local/share/trueforge/sandboxes/01m13pwnyffsvyyc9snj21949j/01m13pxq97ts3g094ykmjfff8v/node_modules/@emnapi/core
184 silly reify mark deleted [
184 silly reify   '/home/gjugn/.local/share/trueforge/sandboxes/01m13pwnyffsvyyc9snj21949j/01m13pxq97ts3g094ykmjfff8v/node_modules/@emnapi/core'
184 silly reify ]
185 verbose reify failed optional dependency /home/gjugn/.local/share/trueforge/sandboxes/01m13pwnyffsvyyc9snj21949j/01m13pxq97ts3g094ykmjfff8v/node_modules/@emnapi/runtime
186 silly reify mark deleted [
186 silly reify   '/home/gjugn/.local/share/trueforge/sandboxes/01m13pwnyffsvyyc9snj21949j/01m13pxq97ts3g094ykmjfff8v/node_modules/@emnapi/runtime'
186 silly reify ]
187 verbose reify failed optional dependency /home/gjugn/.local/share/trueforge/sandboxes/01m13pwnyffsvyyc9snj21949j/01m13pxq97ts3g094ykmjfff8v/node_modules/@emnapi/wasi-threads
188 silly reify mark deleted [
188 silly reify   '/home/gjugn/.local/share/trueforge/sandboxes/01m13pwnyffsvyyc9snj21949j/01m13pxq97ts3g094ykmjfff8v/node_modules/@emnapi/wasi-threads'
188 silly reify ]
189 silly audit bulk request {
189 silly audit   '@acemir/cssom': [ '0.9.31' ],
189 silly audit   '@adobe/react-spectrum': [ '3.47.3' ],
189 silly audit   '@adobe/react-spectrum-ui': [ '1.2.1' ],
189 silly audit   '@adobe/react-spectrum-workflow': [ '2.3.5' ],
189 silly audit   '@apm-js-collab/code-transformer': [ '0.18.1' ],
189 silly audit   '@apm-js-collab/code-transformer-bundler-plugins': [ '0.7.4' ],
189 silly audit   '@apm-js-collab/tracing-hooks': [ '0.13.0' ],
189 silly audit   '@asamuzakjp/css-color': [ '5.1.11' ],
189 silly audit   '@asamuzakjp/dom-selector': [ '6.8.1' ],
189 silly audit   'lru-cache': [ '11.5.2', '5.1.1' ],
189 silly audit   '@asamuzakjp/generational-cache': [ '1.0.1' ],
189 silly audit   '@asamuzakjp/nwsapi': [ '2.3.9' ],
189 silly audit   '@babel/code-frame': [ '7.29.7', '7.27.1' ],
189 silly audit   '@babel/compat-data': [ '7.29.7' ],
189 silly audit   '@babel/core': [ '7.29.7' ],
189 silly audit   '@babel/generator': [ '7.29.8' ],
189 silly audit   '@babel/helper-compilation-targets': [ '7.29.7' ],
189 silly audit   '@babel/helper-globals': [ '7.29.7' ],
189 silly audit   '@babel/helper-module-imports': [ '7.29.7' ],
189 silly audit   '@babel/helper-module-transforms': [ '7.29.7' ],
189 silly audit   '@babel/helper-string-parser': [ '7.29.7' ],
189 silly audit   '@babel/helper-validator-identifier': [ '7.29.7' ],
189 silly audit   '@babel/helper-validator-option': [ '7.29.7' ],
189 silly audit   '@babel/helpers': [ '7.29.7' ],
189 silly audit   '@babel/parser': [ '7.29.8' ],
189 silly audit   '@babel/runtime': [ '7.29.7' ],
189 silly audit   '@babel/template': [ '7.29.7' ],
189 silly audit   '@babel/traverse': [ '7.29.8' ],
189 silly audit   '@babel/types': [ '7.29.8' ],
189 silly audit   '@better-auth/core': [ '1.7.1' ],
189 silly audit   '@better-auth/drizzle-adapter': [ '1.7.1' ],
189 silly audit   '@better-auth/kysely-adapter': [ '1.7.1' ],
189 silly audit   '@better-auth/memory-adapter': [ '1.7.1' ],
189 silly audit   '@better-auth/mongo-adapter': [ '1.7.1' ],
189 silly audit   '@better-auth/prisma-adapter': [ '1.7.1' ],
189 silly audit   '@better-auth/telemetry': [ '1.7.1' ],
189 silly audit   '@better-auth/utils': [ '0.4.2', '0.5.0' ],
189 silly audit   '@better-fetch/fetch': [ '1.3.1' ],
189 silly audit   '@bramus/specificity': [ '2.4.2' ],
189 silly audit   '@csstools/color-helpers': [ '6.1.1' ],
189 silly audit   '@csstools/css-calc': [ '3.3.0' ],
189 silly audit   '@csstools/css-color-parser': [ '4.2.0' ],
189 silly audit   '@csstools/css-parser-algorithms': [ '4.0.0' ],
189 silly audit   '@csstools/css-syntax-patches-for-csstree': [ '1.1.8' ],
189 silly audit   '@csstools/css-tokenizer': [ '4.0.0' ],
189 silly audit   '@electric-sql/pglite': [ '0.4.3' ],
189 silly audit   '@electric-sql/pglite-socket': [ '0.1.3' ],
189 silly audit   '@electric-sql/pglite-tools': [ '0.3.3' ],
189 silly audit   '@emnapi/core': [ '1.11.3', '1.10.0' ],
189 silly audit   '@emnapi/runtime': [ '1.11.3', '1.10.0' ],
189 silly audit   '@emnapi/wasi-threads': [ '1.2.3', '1.2.1' ],
189 silly audit   '@esbuild/aix-ppc64': [ '0.28.2' ],
189 silly audit   '@esbuild/android-arm': [ '0.28.2' ],
189 silly audit   '@esbuild/android-arm64': [ '0.28.2' ],
189 silly audit   '@esbuild/android-x64': [ '0.28.2' ],
189 silly audit   '@esbuild/darwin-arm64': [ '0.28.2' ],
189 silly audit   '@esbuild/darwin-x64': [ '0.28.2' ],
189 silly audit   '@esbuild/freebsd-arm64': [ '0.28.2' ],
189 silly audit   '@esbuild/freebsd-x64': [ '0.28.2' ],
189 silly audit   '@esbuild/linux-arm': [ '0.28.2' ],
189 silly audit   '@esbuild/linux-arm64': [ '0.28.2' ],
189 silly audit   '@esbuild/linux-ia32': [ '0.28.2' ],
189 silly audit   '@esbuild/linux-loong64': [ '0.28.2' ],
189 silly audit   '@esbuild/linux-mips64el': [ '0.28.2' ],
189 silly audit   '@esbuild/linux-ppc64': [ '0.28.2' ],
189 silly audit   '@esbuild/linux-riscv64': [ '0.28.2' ],
189 silly audit   '@esbuild/linux-s390x': [ '0.28.2' ],
189 silly audit   '@esbuild/linux-x64': [ '0.28.2' ],
189 silly audit   '@esbuild/netbsd-arm64': [ '0.28.2' ],
189 silly audit   '@esbuild/netbsd-x64': [ '0.28.2' ],
189 silly audit   '@esbuild/openbsd-arm64': [ '0.28.2' ],
189 silly audit   '@esbuild/openbsd-x64': [ '0.28.2' ],
189 silly audit   '@esbuild/openharmony-arm64': [ '0.28.2' ],
189 silly audit   '@esbuild/sunos-x64': [ '0.28.2' ],
189 silly audit   '@esbuild/win32-arm64': [ '0.28.2' ],
189 silly audit   '@esbuild/win32-ia32': [ '0.28.2' ],
189 silly audit   '@esbuild/win32-x64': [ '0.28.2' ],
189 silly audit   '@eslint-community/eslint-utils': [ '4.10.1' ],
189 silly audit   'eslint-visitor-keys': [ '3.4.3', '5.0.1', '4.2.1' ],
189 silly audit   '@eslint-community/regexpp': [ '4.12.2' ],
189 silly audit   '@eslint/config-array': [ '0.21.2' ],
189 silly audit   '@eslint/config-helpers': [ '0.4.2' ],
189 silly audit   '@eslint/core': [ '0.17.0' ],
189 silly audit   '@eslint/eslintrc': [ '3.3.6' ],
189 silly audit   globals: [ '14.0.0', '15.15.0', '17.11.0' ],
189 silly audit   '@eslint/js': [ '9.39.5', '10.0.1' ],
189 silly audit   '@eslint/object-schema': [ '2.1.7' ],
189 silly audit   '@eslint/plugin-kit': [ '0.4.1' ],
189 silly audit   '@exodus/bytes': [ '1.15.1' ],
189 silly audit   '@heroui/react': [ '3.2.4' ],
189 silly audit   '@heroui/styles': [ '3.2.4' ],
189 silly audit   '@hookform/resolvers': [ '5.4.0' ],
189 silly audit   '@humanfs/core': [ '0.19.2' ],
189 silly audit   '@humanfs/node': [ '0.16.8' ],
189 silly audit   '@humanfs/types': [ '0.15.0' ],
189 silly audit   '@humanwhocodes/module-importer': [ '1.0.1' ],
189 silly audit   '@humanwhocodes/retry': [ '0.4.3' ],
189 silly audit   '@internationalized/date': [ '3.12.3' ],
189 silly audit   '@internationalized/number': [ '3.6.7' ],
189 silly audit   '@internationalized/string': [ '3.2.10' ],
189 silly audit   '@jridgewell/gen-mapping': [ '0.3.13' ],
189 silly audit   '@jridgewell/remapping': [ '2.3.5' ],
189 silly audit   '@jridgewell/resolve-uri': [ '3.1.2' ],
189 silly audit   '@jridgewell/sourcemap-codec': [ '1.5.5' ],
189 silly audit   '@jridgewell/trace-mapping': [ '0.3.31' ],
189 silly audit   '@napi-rs/wasm-runtime': [ '1.2.3' ],
189 silly audit   '@neodrag/core': [ '3.0.0-next.11' ],
189 silly audit   '@neodrag/solid': [ '3.0.0-next.11' ],
189 silly audit   '@noble/ciphers': [ '2.3.0' ],
189 silly audit   '@noble/hashes': [ '2.3.0' ],
189 silly audit   '@oozcitak/dom': [ '2.0.2' ],
189 silly audit   '@oozcitak/infra': [ '2.0.2' ],
189 silly audit   '@oozcitak/url': [ '3.0.0' ],
189 silly audit   '@oozcitak/util': [ '10.0.0' ],
189 silly audit   '@opentelemetry/api': [ '1.9.1' ],
189 silly audit   '@opentelemetry/api-logs': [ '0.220.0' ],
189 silly audit   '@opentelemetry/core': [ '2.10.0' ],
189 silly audit   '@opentelemetry/instrumentation': [ '0.220.0' ],
189 silly audit   '@opentelemetry/resources': [ '2.10.0' ],
189 silly audit   '@opentelemetry/sdk-trace': [ '2.10.0' ],
189 silly audit   '@opentelemetry/sdk-trace-base': [ '2.10.0' ],
189 silly audit   '@opentelemetry/semantic-conventions': [ '1.43.0' ],
189 silly audit   '@orpc/client': [ '1.15.0' ],
189 silly audit   '@orpc/contract': [ '1.15.0' ],
189 silly audit   '@orpc/interop': [ '1.15.0' ],
189 silly audit   '@orpc/json-schema': [ '1.15.0' ],
189 silly audit   '@orpc/openapi': [ '1.15.0' ],
189 silly audit   '@orpc/openapi-client': [ '1.15.0' ],
189 silly audit   '@orpc/server': [ '1.15.0' ],
189 silly audit   '@orpc/shared': [ '1.15.0' ],
189 silly audit   '@orpc/standard-server': [ '1.15.0' ],
189 silly audit   '@orpc/standard-server-aws-lambda': [ '1.15.0' ],
189 silly audit   '@orpc/standard-server-fastify': [ '1.15.0' ],
189 silly audit   '@orpc/standard-server-fetch': [ '1.15.0' ],
189 silly audit   '@orpc/standard-server-node': [ '1.15.0' ],
189 silly audit   '@orpc/standard-server-peer': [ '1.15.0' ],
189 silly audit   '@orpc/tanstack-query': [ '1.15.0' ],
189 silly audit   '@orpc/zod': [ '1.15.0' ],
189 silly audit   '@oxc-parser/binding-android-arm-eabi': [ '0.120.0' ],
189 silly audit   '@oxc-parser/binding-android-arm64': [ '0.120.0' ],
189 silly audit   '@oxc-parser/binding-darwin-arm64': [ '0.120.0' ],
189 silly audit   '@oxc-parser/binding-darwin-x64': [ '0.120.0' ],
189 silly audit   '@oxc-parser/binding-freebsd-x64': [ '0.120.0' ],
189 silly audit   '@oxc-parser/binding-linux-arm-gnueabihf': [ '0.120.0' ],
189 silly audit   '@oxc-parser/binding-linux-arm-musleabihf': [ '0.120.0' ],
189 silly audit   '@oxc-parser/binding-linux-arm64-gnu': [ '0.120.0' ],
189 silly audit   '@oxc-parser/binding-linux-arm64-musl': [ '0.120.0' ],
189 silly audit   '@oxc-parser/binding-linux-ppc64-gnu': [ '0.120.0' ],
189 silly audit   '@oxc-parser/binding-linux-riscv64-gnu': [ '0.120.0' ],
189 silly audit   '@oxc-parser/binding-linux-riscv64-musl': [ '0.120.0' ],
189 silly audit   '@oxc-parser/binding-linux-s390x-gnu': [ '0.120.0' ],
189 silly audit   '@oxc-parser/binding-linux-x64-gnu': [ '0.120.0' ],
189 silly audit   '@oxc-parser/binding-linux-x64-musl': [ '0.120.0' ],
189 silly audit   '@oxc-parser/binding-openharmony-arm64': [ '0.120.0' ],
189 silly audit   '@oxc-parser/binding-wasm32-wasi': [ '0.120.0' ],
189 silly audit   '@oxc-parser/binding-win32-arm64-msvc': [ '0.120.0' ],
189 silly audit   '@oxc-parser/binding-win32-ia32-msvc': [ '0.120.0' ],
189 silly audit   '@oxc-parser/binding-win32-x64-msvc': [ '0.120.0' ],
189 silly audit   '@oxc-project/types': [ '0.120.0', '0.146.0' ],
189 silly audit   '@prisma/adapter-pg': [ '7.9.1' ],
189 silly audit   '@prisma/client': [ '7.9.1' ],
189 silly audit   '@prisma/client-runtime-utils': [ '7.9.1' ],
189 silly audit   '@prisma/config': [ '7.9.1' ],
189 silly audit   '@prisma/debug': [ '7.9.1', '7.2.0' ],
189 silly audit   '@prisma/dev': [ '0.24.17' ],
189 silly audit   '@prisma/driver-adapter-utils': [ '7.9.1' ],
189 silly audit   '@prisma/engines': [ '7.9.1' ],
189 silly audit   '@prisma/engines-version': [ '7.9.0-1.e922089b7d7502aff4249d5da3420f6fa55fc6ad' ],
189 silly audit   '@prisma/get-platform': [ '7.9.1', '7.2.0' ],
189 silly audit   '@prisma/fetch-engine': [ '7.9.1' ],
189 silly audit   '@prisma/query-plan-executor': [ '7.2.0' ],
189 silly audit   '@prisma/streams-local': [ '0.1.11' ],
189 silly audit   ajv: [ '8.20.0', '6.15.0' ],
189 silly audit   'json-schema-traverse': [ '1.0.0', '0.4.1' ],
189 silly audit   '@prisma/studio-core': [ '0.33.0' ],
189 silly audit   '@radix-ui/primitive': [ '1.1.3' ],
189 silly audit   '@radix-ui/react-avatar': [ '1.1.11' ],
189 silly audit   '@radix-ui/react-compose-refs': [ '1.1.2' ],
189 silly audit   '@radix-ui/react-context': [ '1.1.3' ],
189 silly audit   '@radix-ui/react-primitive': [ '2.1.4', '2.1.3' ],
189 silly audit   '@radix-ui/react-slot': [ '1.2.4', '1.2.3' ],
189 silly audit   '@radix-ui/react-toggle': [ '1.1.10' ],
189 silly audit   '@radix-ui/react-use-callback-ref': [ '1.1.1' ],
189 silly audit   '@radix-ui/react-use-controllable-state': [ '1.2.2' ],
189 silly audit   '@radix-ui/react-use-effect-event': [ '0.0.2' ],
189 silly audit   '@radix-ui/react-use-is-hydrated': [ '0.1.0' ],
189 silly audit   '@radix-ui/react-use-layout-effect': [ '1.1.1' ],
189 silly audit   '@react-aria/color': [ '3.2.1' ],
189 silly audit   '@react-spectrum/color': [ '3.2.1' ],
189 silly audit   '@react-stately/color': [ '3.10.1' ],
189 silly audit   '@react-stately/utils': [ '3.12.1' ],
189 silly audit   '@react-types/color': [ '3.2.0' ],
189 silly audit   '@react-types/shared': [ '3.36.1' ],
189 silly audit   '@rolldown/binding-android-arm-eabi': [ '1.2.5' ],
189 silly audit   '@rolldown/binding-android-arm64': [ '1.2.5' ],
189 silly audit   '@rolldown/binding-darwin-arm64': [ '1.2.5' ],
189 silly audit   '@rolldown/binding-darwin-x64': [ '1.2.5' ],
189 silly audit   '@rolldown/binding-freebsd-x64': [ '1.2.5' ],
189 silly audit   '@rolldown/binding-linux-arm-gnueabihf': [ '1.2.5' ],
189 silly audit   '@rolldown/binding-linux-arm64-gnu': [ '1.2.5' ],
189 silly audit   '@rolldown/binding-linux-arm64-musl': [ '1.2.5' ],
189 silly audit   '@rolldown/binding-linux-ppc64-gnu': [ '1.2.5' ],
189 silly audit   '@rolldown/binding-linux-s390x-gnu': [ '1.2.5' ],
189 silly audit   '@rolldown/binding-linux-x64-gnu': [ '1.2.5' ],
189 silly audit   '@rolldown/binding-linux-x64-musl': [ '1.2.5' ],
189 silly audit   '@rolldown/binding-openharmony-arm64': [ '1.2.5' ],
189 silly audit   '@rolldown/binding-win32-arm64-msvc': [ '1.2.5' ],
189 silly audit   '@rolldown/binding-win32-x64-msvc': [ '1.2.5' ],
189 silly audit   '@rolldown/pluginutils': [ '1.0.1' ],
189 silly audit   '@sentry/browser': [ '10.70.0' ],
189 silly audit   '@sentry/browser-utils': [ '10.70.0' ],
189 silly audit   '@sentry/bundler-plugins': [ '10.70.0' ],
189 silly audit   '@sentry/cli': [ '2.58.6' ],
189 silly audit   '@sentry/cli-darwin': [ '2.58.6' ],
189 silly audit   '@sentry/cli-linux-arm': [ '2.58.6' ],
189 silly audit   '@sentry/cli-linux-arm64': [ '2.58.6' ],
189 silly audit   '@sentry/cli-linux-i686': [ '2.58.6' ],
189 silly audit   '@sentry/cli-linux-x64': [ '2.58.6' ],
189 silly audit   '@sentry/cli-win32-arm64': [ '2.58.6' ],
189 silly audit   '@sentry/cli-win32-i686': [ '2.58.6' ],
189 silly audit   '@sentry/cli-win32-x64': [ '2.58.6' ],
189 silly audit   '@sentry/conventions': [ '0.16.0' ],
189 silly audit   '@sentry/core': [ '10.70.0' ],
189 silly audit   '@sentry/feedback': [ '10.70.0' ],
189 silly audit   '@sentry/node': [ '10.70.0' ],
189 silly audit   '@sentry/node-core': [ '10.70.0' ],
189 silly audit   '@sentry/opentelemetry': [ '10.70.0' ],
189 silly audit   '@sentry/react': [ '10.70.0' ],
189 silly audit   '@sentry/replay': [ '10.70.0' ],
189 silly audit   '@sentry/replay-canvas': [ '10.70.0' ],
189 silly audit   '@sentry/server-utils': [ '10.70.0' ],
189 silly audit   '@sentry/tanstackstart-react': [ '10.70.0' ],
189 silly audit   '@sentry/vite-plugin': [ '5.4.0' ],
189 silly audit   '@solid-primitives/event-listener': [ '2.4.6' ],
189 silly audit   '@solid-primitives/keyboard': [ '1.3.7' ],
189 silly audit   '@solid-primitives/resize-observer': [ '2.2.0' ],
189 silly audit   '@solid-primitives/rootless': [ '1.5.4' ],
189 silly audit   '@solid-primitives/static-store': [ '0.1.4' ],
189 silly audit   '@solid-primitives/utils': [ '6.4.1' ],
189 silly audit   '@spectrum-icons/ui': [ '3.7.1' ],
189 silly audit   '@spectrum-icons/workflow': [ '4.3.1' ],
189 silly audit   '@stablelib/base64': [ '1.0.1' ],
189 silly audit   '@standard-schema/spec': [ '1.1.0' ],
189 silly audit   '@standard-schema/utils': [ '0.3.0' ],
189 silly audit   '@stylistic/eslint-plugin': [ '5.10.0' ],
189 silly audit   '@swc/helpers': [ '0.5.23' ],
189 silly audit   '@t3-oss/env-core': [ '0.13.11' ],
189 silly audit   '@tailwindcss/node': [ '4.3.3' ],
189 silly audit   '@tailwindcss/oxide': [ '4.3.3' ],
189 silly audit   '@tailwindcss/oxide-android-arm64': [ '4.3.3' ],
189 silly audit   '@tailwindcss/oxide-darwin-arm64': [ '4.3.3' ],
189 silly audit   '@tailwindcss/oxide-darwin-x64': [ '4.3.3' ],
189 silly audit   '@tailwindcss/oxide-freebsd-x64': [ '4.3.3' ],
189 silly audit   '@tailwindcss/oxide-linux-arm-gnueabihf': [ '4.3.3' ],
189 silly audit   '@tailwindcss/oxide-linux-arm64-gnu': [ '4.3.3' ],
189 silly audit   '@tailwindcss/oxide-linux-arm64-musl': [ '4.3.3' ],
189 silly audit   '@tailwindcss/oxide-linux-x64-gnu': [ '4.3.3' ],
189 silly audit   '@tailwindcss/oxide-linux-x64-musl': [ '4.3.3' ],
189 silly audit   '@tailwindcss/oxide-win32-arm64-msvc': [ '4.3.3' ],
189 silly audit   '@tailwindcss/oxide-win32-x64-msvc': [ '4.3.3' ],
189 silly audit   '@tailwindcss/typography': [ '0.5.20' ],
189 silly audit   '@tailwindcss/vite': [ '4.3.3' ],
189 silly audit   '@tanstack/devtools': [ '0.14.2' ],
189 silly audit   '@tanstack/devtools-bundler-core': [ '0.1.3' ],
189 silly audit   '@tanstack/devtools-client': [ '0.0.8' ],
189 silly audit   '@tanstack/devtools-event-bus': [ '0.4.3' ],
189 silly audit   '@tanstack/devtools-event-client': [ '0.5.0' ],
189 silly audit   '@tanstack/devtools-ui': [ '0.7.1' ],
189 silly audit   '@tanstack/devtools-vite': [ '0.8.5' ],
189 silly audit   '@tanstack/eslint-config': [ '0.4.0' ],
189 silly audit   '@tanstack/history': [ '1.162.1' ],
189 silly audit   '@tanstack/query-core': [ '5.102.0' ],
189 silly audit   '@tanstack/query-devtools': [ '5.102.0' ],
189 silly audit   '@tanstack/react-devtools': [ '0.10.12' ],
189 silly audit   '@tanstack/react-query': [ '5.102.0' ],
189 silly audit   '@tanstack/react-query-devtools': [ '5.102.0' ],
189 silly audit   '@tanstack/react-router': [ '1.170.31' ],
189 silly audit   '@tanstack/react-router-devtools': [ '1.167.1' ],
189 silly audit   '@tanstack/react-router-ssr-query': [ '1.167.1' ],
189 silly audit   '@tanstack/react-start': [ '1.168.48' ],
189 silly audit   '@tanstack/react-start-client': [ '1.168.29' ],
189 silly audit   '@tanstack/react-start-rsc': [ '0.1.47' ],
189 silly audit   '@tanstack/react-start-server': [ '1.167.36' ],
189 silly audit   '@tanstack/react-store': [ '0.9.3' ],
189 silly audit   '@tanstack/router-cli': [ '1.167.32' ],
189 silly audit   '@tanstack/router-core': [ '1.171.26' ],
189 silly audit   '@tanstack/router-devtools-core': [ '1.168.1' ],
189 silly audit   '@tanstack/router-generator': [ '1.167.32' ],
189 silly audit   '@tanstack/router-plugin': [ '1.168.34' ],
189 silly audit   '@tanstack/router-ssr-query-core': [ '1.169.1' ],
189 silly audit   '@tanstack/router-utils': [ '1.162.2' ],
189 silly audit   '@tanstack/start-client-core': [ '1.170.26' ],
189 silly audit   '@tanstack/start-fn-stubs': [ '1.162.0' ],
189 silly audit   '@tanstack/start-plugin-core': [ '1.171.38' ],
189 silly audit   'source-map': [ '0.7.6', '0.6.1' ],
189 silly audit   '@tanstack/start-server-core': [ '1.169.30' ],
189 silly audit   '@tanstack/start-storage-context': [ '1.167.28' ],
189 silly audit   '@tanstack/store': [ '0.9.3' ],
189 silly audit   '@tanstack/virtual-file-routes': [ '1.162.0' ],
189 silly audit   '@testing-library/dom': [ '10.4.1' ],
189 silly audit   '@testing-library/react': [ '16.3.2' ],
189 silly audit   '@tybys/wasm-util': [ '0.10.3' ],
189 silly audit   '@types/aria-query': [ '5.0.4' ],
189 silly audit   '@types/chai': [ '5.2.3' ],
189 silly audit   '@types/d3-array': [ '3.0.3' ],
189 silly audit   '@types/d3-color': [ '3.1.0' ],
189 silly audit   '@types/d3-delaunay': [ '6.0.1' ],
189 silly audit   '@types/d3-format': [ '3.0.1' ],
189 silly audit   '@types/d3-geo': [ '3.1.0' ],
189 silly audit   '@types/d3-interpolate': [ '3.0.1' ],
189 silly audit   '@types/d3-path': [ '3.1.1' ],
189 silly audit   '@types/d3-scale': [ '4.0.2' ],
189 silly audit   '@types/d3-shape': [ '3.1.7' ],
189 silly audit   '@types/d3-time': [ '3.0.0' ],
189 silly audit   '@types/d3-time-format': [ '2.1.0' ],
189 silly audit   '@types/deep-eql': [ '4.0.2' ],
189 silly audit   '@types/estree': [ '1.0.9' ],
189 silly audit   '@types/geojson': [ '7946.0.16' ],
189 silly audit   '@types/json-schema': [ '7.0.15' ],
189 silly audit   '@types/lodash': [ '4.17.25' ],
189 silly audit   '@types/node': [ '22.20.1' ],
189 silly audit   '@types/pg': [ '8.23.1' ],
189 silly audit   '@types/react': [ '19.2.18' ],
189 silly audit   '@types/react-dom': [ '19.2.4' ],
189 silly audit   '@typescript-eslint/eslint-plugin': [ '8.67.0' ],
189 silly audit   ignore: [ '7.0.6', '5.3.2' ],
189 silly audit   '@typescript-eslint/parser': [ '8.67.0' ],
189 silly audit   '@typescript-eslint/project-service': [ '8.67.0' ],
189 silly audit   '@typescript-eslint/scope-manager': [ '8.67.0' ],
189 silly audit   '@typescript-eslint/tsconfig-utils': [ '8.67.0' ],
189 silly audit   '@typescript-eslint/type-utils': [ '8.67.0' ],
189 silly audit   '@typescript-eslint/types': [ '8.67.0' ],
189 silly audit   '@typescript-eslint/typescript-estree': [ '8.67.0' ],
189 silly audit   'balanced-match': [ '4.0.4', '1.0.2' ],
189 silly audit   'brace-expansion': [ '5.0.9', '1.1.18' ],
189 silly audit   minimatch: [ '10.2.6', '3.1.5' ],
189 silly audit   semver: [ '7.8.5', '6.3.1' ],
189 silly audit   '@typescript-eslint/utils': [ '8.67.0' ],
189 silly audit   '@typescript-eslint/visitor-keys': [ '8.67.0' ],
189 silly audit   '@unrs/resolver-binding-android-arm-eabi': [ '1.12.2' ],
189 silly audit   '@unrs/resolver-binding-android-arm64': [ '1.12.2' ],
189 silly audit   '@unrs/resolver-binding-darwin-arm64': [ '1.12.2' ],
189 silly audit   '@unrs/resolver-binding-darwin-x64': [ '1.12.2' ],
189 silly audit   '@unrs/resolver-binding-freebsd-x64': [ '1.12.2' ],
189 silly audit   '@unrs/resolver-binding-linux-arm-gnueabihf': [ '1.12.2' ],
189 silly audit   '@unrs/resolver-binding-linux-arm-musleabihf': [ '1.12.2' ],
189 silly audit   '@unrs/resolver-binding-linux-arm64-gnu': [ '1.12.2' ],
189 silly audit   '@unrs/resolver-binding-linux-arm64-musl': [ '1.12.2' ],
189 silly audit   '@unrs/resolver-binding-linux-loong64-gnu': [ '1.12.2' ],
189 silly audit   '@unrs/resolver-binding-linux-loong64-musl': [ '1.12.2' ],
189 silly audit   '@unrs/resolver-binding-linux-ppc64-gnu': [ '1.12.2' ],
189 silly audit   '@unrs/resolver-binding-linux-riscv64-gnu': [ '1.12.2' ],
189 silly audit   '@unrs/resolver-binding-linux-riscv64-musl': [ '1.12.2' ],
189 silly audit   '@unrs/resolver-binding-linux-s390x-gnu': [ '1.12.2' ],
189 silly audit   '@unrs/resolver-binding-linux-x64-gnu': [ '1.12.2' ],
189 silly audit   '@unrs/resolver-binding-linux-x64-musl': [ '1.12.2' ],
189 silly audit   '@unrs/resolver-binding-openharmony-arm64': [ '1.12.2' ],
189 silly audit   '@unrs/resolver-binding-wasm32-wasi': [ '1.12.2' ],
189 silly audit   '@unrs/resolver-binding-win32-arm64-msvc': [ '1.12.2' ],
189 silly audit   '@unrs/resolver-binding-win32-ia32-msvc': [ '1.12.2' ],
189 silly audit   '@unrs/resolver-binding-win32-x64-msvc': [ '1.12.2' ],
189 silly audit   '@visx/curve': [ '4.0.1-alpha.0' ],
189 silly audit   '@visx/event': [ '4.0.1-alpha.0' ],
189 silly audit   '@visx/grid': [ '4.0.1-alpha.0' ],
189 silly audit   '@visx/group': [ '4.0.1-alpha.0' ],
189 silly audit   '@visx/point': [ '4.0.1-alpha.0' ],
189 silly audit   '@visx/responsive': [ '4.0.1-alpha.0' ],
189 silly audit   '@visx/scale': [ '4.0.1-alpha.0' ],
189 silly audit   '@visx/shape': [ '4.0.1-alpha.0' ],
189 silly audit   '@visx/vendor': [ '4.0.0-alpha.0' ],
189 silly audit   'd3-array': [ '3.2.1', '3.2.4' ],
189 silly audit   '@vitejs/plugin-react': [ '6.1.0' ],
189 silly audit   '@vitest/expect': [ '4.1.11' ],
189 silly audit   '@vitest/mocker': [ '4.1.11' ],
189 silly audit   '@vitest/pretty-format': [ '4.1.11' ],
189 silly audit   '@vitest/runner': [ '4.1.11' ],
189 silly audit   '@vitest/snapshot': [ '4.1.11' ],
189 silly audit   '@vitest/spy': [ '4.1.11' ],
189 silly audit   '@vitest/utils': [ '4.1.11' ],
189 silly audit   acorn: [ '8.18.0' ],
189 silly audit   'acorn-jsx': [ '5.3.2' ],
189 silly audit   'agent-base': [ '6.0.2', '7.1.4' ],
189 silly audit   'ansi-regex': [ '5.0.1' ],
189 silly audit   'ansi-styles': [ '5.2.0', '4.3.0' ],
189 silly audit   ansis: [ '4.3.1' ],
189 silly audit   argparse: [ '2.0.1' ],
189 silly audit   'aria-hidden': [ '1.2.6' ],
189 silly audit   'aria-query': [ '5.3.0' ],
189 silly audit   'assertion-error': [ '2.0.1' ],
189 silly audit   astring: [ '1.9.0' ],
189 silly audit   'aws-ssl-profiles': [ '1.1.2' ],
189 silly audit   'babel-dead-code-elimination': [ '1.0.12' ],
189 silly audit   'baseline-browser-mapping': [ '2.11.18' ],
189 silly audit   'better-auth': [ '1.7.1' ],
189 silly audit   'better-call': [ '1.4.0' ],
189 silly audit   rou3: [ '0.9.2', '0.8.1', '0.7.12' ],
189 silly audit   'better-result': [ '2.10.0' ],
189 silly audit   'bidi-js': [ '1.0.3' ],
189 silly audit   browserslist: [ '4.28.8' ],
189 silly audit   c12: [ '3.3.4' ],
189 silly audit   callsites: [ '3.1.0' ],
189 silly audit   'caniuse-lite': [ '1.0.30001809' ],
189 silly audit   chai: [ '6.2.2' ],
189 silly audit   chalk: [ '5.6.2', '4.1.2' ],
189 silly audit   chokidar: [ '5.0.0' ],
189 silly audit   'cjs-module-lexer': [ '2.2.1' ],
189 silly audit   classnames: [ '2.5.1' ],
189 silly audit   'client-only': [ '0.0.1' ],
189 silly audit   cliui: [ '8.0.1' ],
189 silly audit   clsx: [ '2.1.1' ],
189 silly audit   'color-convert': [ '2.0.1' ],
189 silly audit   'color-name': [ '1.1.4' ],
189 silly audit   'comment-parser': [ '1.4.8' ],
189 silly audit   'concat-map': [ '0.0.1' ],
189 silly audit   confbox: [ '0.2.4' ],
189 silly audit   'convert-source-map': [ '2.0.0' ],
189 silly audit   cookie: [ '1.1.1' ],
189 silly audit   'cookie-es': [ '3.1.1' ],
189 silly audit   'cross-spawn': [ '7.0.6' ],
189 silly audit   'css-tree': [ '3.2.1' ],
189 silly audit   cssesc: [ '3.0.0' ],
189 silly audit   cssstyle: [ '6.2.0' ],
189 silly audit   csstype: [ '3.2.3' ],
189 silly audit   'd3-color': [ '3.1.0' ],
189 silly audit   'd3-delaunay': [ '6.0.2' ],
189 silly audit   'd3-format': [ '3.1.0' ],
189 silly audit   'd3-geo': [ '3.1.0' ],
189 silly audit   'd3-interpolate': [ '3.0.1' ],
189 silly audit   'd3-path': [ '3.1.0' ],
189 silly audit   'd3-scale': [ '4.0.2' ],
189 silly audit   'd3-shape': [ '3.2.0' ],
189 silly audit   'd3-time': [ '3.1.0' ],
189 silly audit   'd3-time-format': [ '4.1.0' ],
189 silly audit   'data-urls': [ '7.0.0' ],
189 silly audit   dayjs: [ '1.11.23' ],
189 silly audit   debug: [ '4.4.3' ],
189 silly audit   'decimal.js': [ '10.6.0' ],
189 silly audit   'deep-is': [ '0.1.4' ],
189 silly audit   'deepmerge-ts': [ '7.1.5' ],
189 silly audit   defu: [ '6.1.7' ],
189 silly audit   delaunator: [ '5.1.0' ],
189 silly audit   denque: [ '2.1.0' ],
189 silly audit   dequal: [ '2.0.3' ],
189 silly audit   destr: [ '2.0.5' ],
189 silly audit   'detect-libc': [ '2.1.2' ],
189 silly audit   diff: [ '8.0.4' ],
189 silly audit   dodopayments: [ '2.44.0' ],
189 silly audit   'dom-accessibility-api': [ '0.5.16' ],
189 silly audit   'dom-helpers': [ '5.2.1' ],
189 silly audit   dotenv: [ '17.4.2', '16.6.1' ],
189 silly audit   'dotenv-cli': [ '11.0.0' ],
189 silly audit   'dotenv-expand': [ '12.0.3' ],
189 silly audit   effect: [ '3.20.0' ],
189 silly audit   'electron-to-chromium': [ '1.5.412' ],
189 silly audit   elkjs: [ '0.11.1' ],
189 silly audit   'emoji-regex': [ '8.0.0' ],
189 silly audit   empathic: [ '2.0.0' ],
189 silly audit   'enhanced-resolve': [ '5.24.5' ],
189 silly audit   entities: [ '8.0.0' ],
189 silly audit   'env-paths': [ '3.0.0' ],
189 silly audit   'es-module-lexer': [ '2.3.2' ],
189 silly audit   esbuild: [ '0.28.2' ],
189 silly audit   escalade: [ '3.2.0' ],
189 silly audit   'escape-string-regexp': [ '5.0.0', '4.0.0' ],
189 silly audit   eslint: [ '9.39.5' ],
189 silly audit   'eslint-compat-utils': [ '0.5.1' ],
189 silly audit   'eslint-import-context': [ '0.1.9' ],
189 silly audit   'eslint-plugin-es-x': [ '7.8.0' ],
189 silly audit   'eslint-plugin-import-x': [ '4.17.1' ],
189 silly audit   'eslint-plugin-n': [ '17.24.0' ],
189 silly audit   'eslint-scope': [ '8.4.0' ],
189 silly audit   espree: [ '10.4.0' ],
189 silly audit   esquery: [ '1.7.0' ],
189 silly audit   esrecurse: [ '4.3.0' ],
189 silly audit   estraverse: [ '5.3.0' ],
189 silly audit   'estree-walker': [ '3.0.3' ],
189 silly audit   esutils: [ '2.0.3' ],
189 silly audit   'expect-type': [ '1.4.0' ],
189 silly audit   exsolve: [ '1.1.1' ],
189 silly audit   'fast-check': [ '3.23.2' ],
189 silly audit   'fast-decode-uri-component': [ '1.0.1' ],
189 silly audit   'fast-deep-equal': [ '3.1.3' ],
189 silly audit   'fast-json-stable-stringify': [ '2.1.0' ],
189 silly audit   'fast-levenshtein': [ '2.0.6' ],
189 silly audit   'fast-querystring': [ '1.1.2' ],
189 silly audit   'fast-sha256': [ '1.3.0' ],
189 silly audit   'fast-uri': [ '3.1.5' ],
189 silly audit   fdir: [ '6.5.0' ],
189 silly audit   fetchdts: [ '0.1.7' ],
189 silly audit   'file-entry-cache': [ '8.0.0' ],
189 silly audit   'find-my-way': [ '9.7.0' ],
189 silly audit   'find-up': [ '5.0.0' ],
189 silly audit   'flat-cache': [ '4.0.1' ],
189 silly audit   flatted: [ '3.4.4' ],
189 silly audit   'foreground-child': [ '3.3.1' ],
189 silly audit   fsevents: [ '2.3.3' ],
189 silly audit   'generate-function': [ '2.3.1' ],
189 silly audit   gensync: [ '1.0.0-beta.2' ],
189 silly audit   'get-caller-file': [ '2.0.5' ],
189 silly audit   'get-port-please': [ '3.2.0' ],
189 silly audit   'get-tsconfig': [ '4.14.3' ],
189 silly audit   giget: [ '3.3.1' ],
189 silly audit   glob: [ '13.0.6' ],
189 silly audit   'glob-parent': [ '6.0.2' ],
189 silly audit   globrex: [ '0.1.2' ],
189 silly audit   goober: [ '2.1.19' ],
189 silly audit   'graceful-fs': [ '4.2.11' ],
189 silly audit   grammex: [ '3.1.13' ],
189 silly audit   graphmatch: [ '1.1.1' ],
189 silly audit   h3: [ '2.0.1-rc.20' ],
189 silly audit   'has-flag': [ '4.0.0' ],
189 silly audit   'html-encoding-sniffer': [ '6.0.0' ],
189 silly audit   'http-proxy-agent': [ '7.0.2' ],
189 silly audit   'https-proxy-agent': [ '5.0.1', '7.0.6' ],
189 silly audit   'iconv-lite': [ '0.7.3' ],
189 silly audit   'import-fresh': [ '3.3.1' ],
189 silly audit   'import-in-the-middle': [ '3.3.3' ],
189 silly audit   imurmurhash: [ '0.1.4' ],
189 silly audit   'input-otp': [ '1.4.2' ],
189 silly audit   internmap: [ '2.0.3' ],
189 silly audit   'is-extglob': [ '2.1.1' ],
189 silly audit   'is-fullwidth-code-point': [ '3.0.0' ],
189 silly audit   'is-glob': [ '4.0.3' ],
189 silly audit   'is-potential-custom-element-name': [ '1.0.1' ],
189 silly audit   'is-property': [ '1.0.2' ],
189 silly audit   isbot: [ '5.2.1' ],
189 silly audit   isexe: [ '2.0.0' ],
189 silly audit   jiti: [ '2.7.0' ],
189 silly audit   jose: [ '6.2.10' ],
189 silly audit   'js-tokens': [ '4.0.0' ],
189 silly audit   'js-yaml': [ '4.3.1' ],
189 silly audit   jsdom: [ '28.1.0' ],
189 silly audit   jsesc: [ '3.1.0' ],
189 silly audit   'json-buffer': [ '3.0.1' ],
189 silly audit   'json-schema-typed': [ '8.0.2' ],
189 silly audit   'json-stable-stringify-without-jsonify': [ '1.0.1' ],
189 silly audit   json5: [ '2.2.3' ],
189 silly audit   keyv: [ '4.5.4' ],
189 silly audit   kysely: [ '0.29.5' ],
189 silly audit   'launch-editor': [ '2.14.1' ],
189 silly audit   levn: [ '0.4.1' ],
189 silly audit   lightningcss: [ '1.32.0', '1.33.0' ],
189 silly audit   'lightningcss-android-arm64': [ '1.32.0', '1.33.0' ],
189 silly audit   'lightningcss-darwin-arm64': [ '1.32.0', '1.33.0' ],
189 silly audit   'lightningcss-darwin-x64': [ '1.32.0', '1.33.0' ],
189 silly audit   'lightningcss-freebsd-x64': [ '1.32.0', '1.33.0' ],
189 silly audit   'lightningcss-linux-arm-gnueabihf': [ '1.32.0', '1.33.0' ],
189 silly audit   'lightningcss-linux-arm64-gnu': [ '1.32.0', '1.33.0' ],
189 silly audit   'lightningcss-linux-arm64-musl': [ '1.32.0', '1.33.0' ],
189 silly audit   'lightningcss-linux-x64-gnu': [ '1.32.0', '1.33.0' ],
189 silly audit   'lightningcss-linux-x64-musl': [ '1.32.0', '1.33.0' ],
189 silly audit   'lightningcss-win32-arm64-msvc': [ '1.32.0', '1.33.0' ],
189 silly audit   'lightningcss-win32-x64-msvc': [ '1.32.0', '1.33.0' ],
189 silly audit   'locate-path': [ '6.0.0' ],
189 silly audit   lodash: [ '4.18.1' ],
189 silly audit   'lodash.merge': [ '4.6.2' ],
189 silly audit   long: [ '5.3.2' ],
189 silly audit   'loose-envify': [ '1.4.0' ],
189 silly audit   'lru.min': [ '1.1.4' ],
189 silly audit   'lucide-react': [ '0.545.0' ],
189 silly audit   'lz-string': [ '1.5.0' ],
189 silly audit   'magic-string': [ '0.30.21' ],
189 silly audit   'mdn-data': [ '2.27.1' ],
189 silly audit   meriyah: [ '6.1.4' ],
189 silly audit   minimist: [ '1.2.8' ],
189 silly audit   minipass: [ '7.1.3' ],
189 silly audit   'module-details-from-path': [ '1.0.4' ],
189 silly audit   ms: [ '2.1.3' ],
189 silly audit   mysql2: [ '3.15.3' ],
189 silly audit   'named-placeholders': [ '1.1.6' ],
189 silly audit   nanoid: [ '3.3.18' ],
189 silly audit   nanostores: [ '1.5.2' ],
189 silly audit   'napi-postinstall': [ '0.3.4' ],
189 silly audit   'natural-compare': [ '1.4.0' ],
189 silly audit   'node-fetch': [ '2.7.0' ],
189 silly audit   tr46: [ '0.0.3', '6.0.0' ],
189 silly audit   'webidl-conversions': [ '3.0.1', '8.0.1' ],
189 silly audit   'whatwg-url': [ '5.0.0', '16.0.1' ],
189 silly audit   'node-releases': [ '2.0.53' ],
189 silly audit   'object-assign': [ '4.1.1' ],
189 silly audit   obug: [ '2.1.4' ],
189 silly audit   ohash: [ '2.0.12' ],
189 silly audit   'openapi-types': [ '12.1.3' ],
189 silly audit   optionator: [ '0.9.4' ],
189 silly audit   'oxc-parser': [ '0.120.0' ],
189 silly audit   'p-limit': [ '3.1.0' ],
189 silly audit   'p-locate': [ '5.0.0' ],
189 silly audit   'parent-module': [ '1.0.1' ],
189 silly audit   parse5: [ '8.0.1' ],
189 silly audit   'path-exists': [ '4.0.0' ],
189 silly audit   'path-key': [ '3.1.1' ],
189 silly audit   'path-scurry': [ '2.0.2' ],
189 silly audit   pathe: [ '2.0.3' ],
189 silly audit   'perfect-debounce': [ '2.1.0' ],
189 silly audit   pg: [ '8.23.0' ],
189 silly audit   'pg-cloudflare': [ '1.4.0' ],
189 silly audit   'pg-connection-string': [ '2.14.0' ],
189 silly audit   'pg-int8': [ '1.0.1' ],
189 silly audit   'pg-pool': [ '3.14.0' ],
189 silly audit   'pg-protocol': [ '1.16.0' ],
189 silly audit   'pg-types': [ '2.2.0' ],
189 silly audit   'postgres-array': [ '2.0.0', '3.0.4' ],
189 silly audit   pgpass: [ '1.0.5' ],
189 silly audit   picocolors: [ '1.1.1' ],
189 silly audit   picomatch: [ '4.0.5' ],
189 silly audit   'pkg-types': [ '2.3.1' ],
189 silly audit   'postal-mime': [ '2.7.4' ],
189 silly audit   postcss: [ '8.5.26' ],
189 silly audit   'postcss-selector-parser': [ '6.0.10' ],
189 silly audit   postgres: [ '3.4.7' ],
189 silly audit   'postgres-bytea': [ '1.0.1' ],
189 silly audit   'postgres-date': [ '1.0.7' ],
189 silly audit   'postgres-interval': [ '1.2.0' ],
189 silly audit   'prelude-ls': [ '1.2.1' ],
189 silly audit   prettier: [ '3.9.6' ],
189 silly audit   'pretty-format': [ '27.5.1' ],
189 silly audit   prisma: [ '7.9.1' ],
189 silly audit   progress: [ '2.0.3' ],
189 silly audit   'prop-types': [ '15.8.1' ],
189 silly audit   'react-is': [ '16.13.1', '17.0.2' ],
189 silly audit   'proper-lockfile': [ '4.1.2' ],
189 silly audit   'signal-exit': [ '3.0.7', '4.1.0' ],
189 silly audit   'proxy-from-env': [ '1.1.0' ],
189 silly audit   punycode: [ '2.3.1' ],
189 silly audit   'pure-rand': [ '6.1.0' ],
189 silly audit   radash: [ '12.1.1' ],
189 silly audit   rc9: [ '3.0.1' ],
189 silly audit   react: [ '19.2.8' ],
189 silly audit   'react-aria': [ '3.51.0' ],
189 silly audit   'react-aria-components': [ '1.20.0' ],
189 silly audit   'react-dom': [ '19.2.8' ],
189 silly audit   'react-hook-form': [ '7.79.0' ],
189 silly audit   'react-icons': [ '5.6.0' ],
189 silly audit   'react-stately': [ '3.49.0' ],
189 silly audit   'react-transition-group': [ '4.4.5' ],
189 silly audit   readdirp: [ '5.1.1' ],
189 silly audit   remeda: [ '2.33.4' ],
189 silly audit   'require-directory': [ '2.1.1' ],
189 silly audit   'require-from-string': [ '2.0.2' ],
189 silly audit   'require-in-the-middle': [ '8.0.1' ],
189 silly audit   resend: [ '6.13.0' ],
189 silly audit   'resolve-from': [ '4.0.0' ],
189 silly audit   'resolve-pkg-maps': [ '1.0.0' ],
189 silly audit   ret: [ '0.5.0' ],
189 silly audit   retry: [ '0.12.0' ],
189 silly audit   'robust-predicates': [ '3.0.3' ],
189 silly audit   rolldown: [ '1.2.5' ],
189 silly audit   'safe-regex2': [ '5.1.1' ],
189 silly audit   'safer-buffer': [ '2.1.2' ],
189 silly audit   saxes: [ '6.0.0' ],
189 silly audit   scheduler: [ '0.27.0' ],
189 silly audit   semifies: [ '1.0.0' ],
189 silly audit   'seq-queue': [ '0.0.5' ],
189 silly audit   seroval: [ '1.6.3', '1.5.6' ],
189 silly audit   'seroval-plugins': [ '1.6.3', '1.5.6' ],
189 silly audit   'set-cookie-parser': [ '3.1.2' ],
189 silly audit   'shebang-command': [ '2.0.0' ],
189 silly audit   'shebang-regex': [ '3.0.0' ],
189 silly audit   'shell-quote': [ '1.10.0' ],
189 silly audit   siginfo: [ '2.0.0' ],
189 silly audit   'solid-js': [ '1.9.15' ],
189 silly audit   'source-map-js': [ '1.2.1' ],
189 silly audit   split2: [ '4.2.0' ],
189 silly audit   sqlstring: [ '2.3.3' ],
189 silly audit   srvx: [ '0.11.22' ],
189 silly audit   'stable-hash-x': [ '0.2.0' ],
189 silly audit   stackback: [ '0.0.2' ],
189 silly audit   standardwebhooks: [ '1.0.0' ],
189 silly audit   'std-env': [ '3.10.0', '4.2.0' ],
189 silly audit   'string-width': [ '4.2.3' ],
189 silly audit   'strip-ansi': [ '6.0.1' ],
189 silly audit   'strip-json-comments': [ '3.1.1' ],
189 silly audit   'supports-color': [ '7.2.0' ],
189 silly audit   'symbol-tree': [ '3.2.4' ],
189 silly audit   'tagged-tag': [ '1.0.0' ],
189 silly audit   'tailwind-merge': [ '3.4.0' ],
189 silly audit   'tailwind-variants': [ '3.3.1' ],
189 silly audit   tailwindcss: [ '4.3.3' ],
189 silly audit   tapable: [ '2.3.3' ],
189 silly audit   tinybench: [ '2.9.0' ],
189 silly audit   tinyexec: [ '1.3.0' ],
189 silly audit   tinyglobby: [ '0.2.17' ],
189 silly audit   tinyrainbow: [ '3.1.1' ],
189 silly audit   tldts: [ '7.4.10' ],
189 silly audit   'tldts-core': [ '7.4.10' ],
189 silly audit   'tough-cookie': [ '6.0.2' ],
189 silly audit   'ts-api-utils': [ '2.5.0' ],
189 silly audit   'ts-declaration-location': [ '1.0.7' ],
189 silly audit   tslib: [ '2.8.1' ],
189 silly audit   tsx: [ '4.23.12' ],
189 silly audit   'tw-animate-css': [ '1.4.0' ],
189 silly audit   'type-check': [ '0.4.0' ],
189 silly audit   'type-fest': [ '5.8.0' ],
189 silly audit   typescript: [ '6.0.3' ],
189 silly audit   'typescript-eslint': [ '8.67.0' ],
189 silly audit   ufo: [ '1.6.4' ],
189 silly audit   undici: [ '7.29.0' ],
189 silly audit   'undici-types': [ '6.21.0' ],
189 silly audit   unplugin: [ '3.3.0' ],
189 silly audit   'unrs-resolver': [ '1.12.2' ],
189 silly audit   'update-browserslist-db': [ '1.3.1' ],
189 silly audit   'uri-js': [ '4.4.1' ],
189 silly audit   'use-sync-external-store': [ '1.6.0' ],
189 silly audit   'util-deprecate': [ '1.0.2' ],
189 silly audit   valibot: [ '1.4.2' ],
189 silly audit   vite: [ '8.2.2' ],
189 silly audit   vitefu: [ '1.1.3' ],
189 silly audit   vitest: [ '4.1.11' ],
189 silly audit   'vue-eslint-parser': [ '10.4.1' ],
189 silly audit   'w3c-xmlserializer': [ '5.0.0' ],
189 silly audit   'webpack-virtual-modules': [ '0.6.2' ],
189 silly audit   'whatwg-mimetype': [ '5.0.0' ],
189 silly audit   which: [ '2.0.2' ],
189 silly audit   'why-is-node-running': [ '2.3.0' ],
189 silly audit   'wildcard-match': [ '5.1.4' ],
189 silly audit   'word-wrap': [ '1.2.5' ],
189 silly audit   'wrap-ansi': [ '7.0.0' ],
189 silly audit   ws: [ '8.21.3' ],
189 silly audit   'xml-name-validator': [ '5.0.0' ],
189 silly audit   xmlbuilder2: [ '4.0.3' ],
189 silly audit   xmlchars: [ '2.2.0' ],
189 silly audit   xtend: [ '4.0.2' ],
189 silly audit   y18n: [ '5.0.8' ],
189 silly audit   yallist: [ '3.1.1' ],
189 silly audit   yargs: [ '17.7.3' ],
189 silly audit   'yargs-parser': [ '21.1.1' ],
189 silly audit   'yocto-queue': [ '0.1.0' ],
189 silly audit   zeptomatch: [ '2.1.0' ],
189 silly audit   zod: [ '4.4.3' ],
189 silly audit   '@tailwindcss/oxide-wasm32-wasi': [ '4.3.3' ]
189 silly audit }
190 verbose reify failed optional dependency /home/gjugn/.local/share/trueforge/sandboxes/01m13pwnyffsvyyc9snj21949j/01m13pxq97ts3g094ykmjfff8v/node_modules/vite/node_modules/lightningcss-win32-x64-msvc
191 silly reify mark deleted [
191 silly reify   '/home/gjugn/.local/share/trueforge/sandboxes/01m13pwnyffsvyyc9snj21949j/01m13pxq97ts3g094ykmjfff8v/node_modules/vite/node_modules/lightningcss-win32-x64-msvc'
191 silly reify ]
192 verbose reify failed optional dependency /home/gjugn/.local/share/trueforge/sandboxes/01m13pwnyffsvyyc9snj21949j/01m13pxq97ts3g094ykmjfff8v/node_modules/vite/node_modules/lightningcss-win32-arm64-msvc
193 silly reify mark deleted [
193 silly reify   '/home/gjugn/.local/share/trueforge/sandboxes/01m13pwnyffsvyyc9snj21949j/01m13pxq97ts3g094ykmjfff8v/node_modules/vite/node_modules/lightningcss-win32-arm64-msvc'
193 silly reify ]
194 verbose reify failed optional dependency /home/gjugn/.local/share/trueforge/sandboxes/01m13pwnyffsvyyc9snj21949j/01m13pxq97ts3g094ykmjfff8v/node_modules/vite/node_modules/lightningcss-linux-x64-musl
195 silly reify mark deleted [
195 silly reify   '/home/gjugn/.local/share/trueforge/sandboxes/01m13pwnyffsvyyc9snj21949j/01m13pxq97ts3g094ykmjfff8v/node_modules/vite/node_modules/lightningcss-linux-x64-musl'
195 silly reify ]
196 verbose reify failed optional dependency /home/gjugn/.local/share/trueforge/sandboxes/01m13pwnyffsvyyc9snj21949j/01m13pxq97ts3g094ykmjfff8v/node_modules/vite/node_modules/lightningcss-linux-arm64-musl
197 silly reify mark deleted [
197 silly reify   '/home/gjugn/.local/share/trueforge/sandboxes/01m13pwnyffsvyyc9snj21949j/01m13pxq97ts3g094ykmjfff8v/node_modules/vite/node_modules/lightningcss-linux-arm64-musl'
197 silly reify ]
198 verbose reify failed optional dependency /home/gjugn/.local/share/trueforge/sandboxes/01m13pwnyffsvyyc9snj21949j/01m13pxq97ts3g094ykmjfff8v/node_modules/vite/node_modules/lightningcss-linux-arm64-gnu
199 silly reify mark deleted [
199 silly reify   '/home/gjugn/.local/share/trueforge/sandboxes/01m13pwnyffsvyyc9snj21949j/01m13pxq97ts3g094ykmjfff8v/node_modules/vite/node_modules/lightningcss-linux-arm64-gnu'
199 silly reify ]
200 verbose reify failed optional dependency /home/gjugn/.local/share/trueforge/sandboxes/01m13pwnyffsvyyc9snj21949j/01m13pxq97ts3g094ykmjfff8v/node_modules/vite/node_modules/lightningcss-linux-arm-gnueabihf
201 silly reify mark deleted [
201 silly reify   '/home/gjugn/.local/share/trueforge/sandboxes/01m13pwnyffsvyyc9snj21949j/01m13pxq97ts3g094ykmjfff8v/node_modules/vite/node_modules/lightningcss-linux-arm-gnueabihf'
201 silly reify ]
202 verbose reify failed optional dependency /home/gjugn/.local/share/trueforge/sandboxes/01m13pwnyffsvyyc9snj21949j/01m13pxq97ts3g094ykmjfff8v/node_modules/vite/node_modules/lightningcss-darwin-x64
203 silly reify mark deleted [
203 silly reify   '/home/gjugn/.local/share/trueforge/sandboxes/01m13pwnyffsvyyc9snj21949j/01m13pxq97ts3g094ykmjfff8v/node_modules/vite/node_modules/lightningcss-darwin-x64'
203 silly reify ]
204 verbose reify failed optional dependency /home/gjugn/.local/share/trueforge/sandboxes/01m13pwnyffsvyyc9snj21949j/01m13pxq97ts3g094ykmjfff8v/node_modules/vite/node_modules/lightningcss-freebsd-x64
205 silly reify mark deleted [
205 silly reify   '/home/gjugn/.local/share/trueforge/sandboxes/01m13pwnyffsvyyc9snj21949j/01m13pxq97ts3g094ykmjfff8v/node_modules/vite/node_modules/lightningcss-freebsd-x64'
205 silly reify ]
206 verbose reify failed optional dependency /home/gjugn/.local/share/trueforge/sandboxes/01m13pwnyffsvyyc9snj21949j/01m13pxq97ts3g094ykmjfff8v/node_modules/vite/node_modules/lightningcss-darwin-arm64
207 silly reify mark deleted [
207 silly reify   '/home/gjugn/.local/share/trueforge/sandboxes/01m13pwnyffsvyyc9snj21949j/01m13pxq97ts3g094ykmjfff8v/node_modules/vite/node_modules/lightningcss-darwin-arm64'
207 silly reify ]
208 verbose reify failed optional dependency /home/gjugn/.local/share/trueforge/sandboxes/01m13pwnyffsvyyc9snj21949j/01m13pxq97ts3g094ykmjfff8v/node_modules/vite/node_modules/lightningcss-android-arm64
209 silly reify mark deleted [
209 silly reify   '/home/gjugn/.local/share/trueforge/sandboxes/01m13pwnyffsvyyc9snj21949j/01m13pxq97ts3g094ykmjfff8v/node_modules/vite/node_modules/lightningcss-android-arm64'
209 silly reify ]
210 verbose reify failed optional dependency /home/gjugn/.local/share/trueforge/sandboxes/01m13pwnyffsvyyc9snj21949j/01m13pxq97ts3g094ykmjfff8v/node_modules/@unrs/resolver-binding-win32-x64-msvc
211 silly reify mark deleted [
211 silly reify   '/home/gjugn/.local/share/trueforge/sandboxes/01m13pwnyffsvyyc9snj21949j/01m13pxq97ts3g094ykmjfff8v/node_modules/@unrs/resolver-binding-win32-x64-msvc'
211 silly reify ]
212 verbose reify failed optional dependency /home/gjugn/.local/share/trueforge/sandboxes/01m13pwnyffsvyyc9snj21949j/01m13pxq97ts3g094ykmjfff8v/node_modules/@unrs/resolver-binding-win32-ia32-msvc
213 silly reify mark deleted [
213 silly reify   '/home/gjugn/.local/share/trueforge/sandboxes/01m13pwnyffsvyyc9snj21949j/01m13pxq97ts3g094ykmjfff8v/node_modules/@unrs/resolver-binding-win32-ia32-msvc'
213 silly reify ]
214 verbose reify failed optional dependency /home/gjugn/.local/share/trueforge/sandboxes/01m13pwnyffsvyyc9snj21949j/01m13pxq97ts3g094ykmjfff8v/node_modules/@unrs/resolver-binding-win32-arm64-msvc
215 silly reify mark deleted [
215 silly reify   '/home/gjugn/.local/share/trueforge/sandboxes/01m13pwnyffsvyyc9snj21949j/01m13pxq97ts3g094ykmjfff8v/node_modules/@unrs/resolver-binding-win32-arm64-msvc'
215 silly reify ]
216 verbose reify failed optional dependency /home/gjugn/.local/share/trueforge/sandboxes/01m13pwnyffsvyyc9snj21949j/01m13pxq97ts3g094ykmjfff8v/node_modules/@unrs/resolver-binding-wasm32-wasi
217 silly reify mark deleted [
217 silly reify   '/home/gjugn/.local/share/trueforge/sandboxes/01m13pwnyffsvyyc9snj21949j/01m13pxq97ts3g094ykmjfff8v/node_modules/@unrs/resolver-binding-wasm32-wasi'
217 silly reify ]
218 verbose reify failed optional dependency /home/gjugn/.local/share/trueforge/sandboxes/01m13pwnyffsvyyc9snj21949j/01m13pxq97ts3g094ykmjfff8v/node_modules/@unrs/resolver-binding-wasm32-wasi/node_modules/@emnapi/core
219 silly reify mark deleted [
219 silly reify   '/home/gjugn/.local/share/trueforge/sandboxes/01m13pwnyffsvyyc9snj21949j/01m13pxq97ts3g094ykmjfff8v/node_modules/@unrs/resolver-binding-wasm32-wasi/node_modules/@emnapi/core'
219 silly reify ]
220 verbose reify failed optional dependency /home/gjugn/.local/share/trueforge/sandboxes/01m13pwnyffsvyyc9snj21949j/01m13pxq97ts3g094ykmjfff8v/node_modules/@unrs/resolver-binding-wasm32-wasi/node_modules/@emnapi/runtime
221 silly reify mark deleted [
221 silly reify   '/home/gjugn/.local/share/trueforge/sandboxes/01m13pwnyffsvyyc9snj21949j/01m13pxq97ts3g094ykmjfff8v/node_modules/@unrs/resolver-binding-wasm32-wasi/node_modules/@emnapi/runtime'
221 silly reify ]
222 verbose reify failed optional dependency /home/gjugn/.local/share/trueforge/sandboxes/01m13pwnyffsvyyc9snj21949j/01m13pxq97ts3g094ykmjfff8v/node_modules/@unrs/resolver-binding-wasm32-wasi/node_modules/@emnapi/wasi-threads
223 silly reify mark deleted [
223 silly reify   '/home/gjugn/.local/share/trueforge/sandboxes/01m13pwnyffsvyyc9snj21949j/01m13pxq97ts3g094ykmjfff8v/node_modules/@unrs/resolver-binding-wasm32-wasi/node_modules/@emnapi/wasi-threads'
223 silly reify ]
224 verbose reify failed optional dependency /home/gjugn/.local/share/trueforge/sandboxes/01m13pwnyffsvyyc9snj21949j/01m13pxq97ts3g094ykmjfff8v/node_modules/@unrs/resolver-binding-openharmony-arm64
225 silly reify mark deleted [
225 silly reify   '/home/gjugn/.local/share/trueforge/sandboxes/01m13pwnyffsvyyc9snj21949j/01m13pxq97ts3g094ykmjfff8v/node_modules/@unrs/resolver-binding-openharmony-arm64'
225 silly reify ]
226 verbose reify failed optional dependency /home/gjugn/.local/share/trueforge/sandboxes/01m13pwnyffsvyyc9snj21949j/01m13pxq97ts3g094ykmjfff8v/node_modules/@unrs/resolver-binding-linux-x64-musl
227 silly reify mark deleted [
227 silly reify   '/home/gjugn/.local/share/trueforge/sandboxes/01m13pwnyffsvyyc9snj21949j/01m13pxq97ts3g094ykmjfff8v/node_modules/@unrs/resolver-binding-linux-x64-musl'
227 silly reify ]
228 verbose reify failed optional dependency /home/gjugn/.local/share/trueforge/sandboxes/01m13pwnyffsvyyc9snj21949j/01m13pxq97ts3g094ykmjfff8v/node_modules/@unrs/resolver-binding-linux-s390x-gnu
229 silly reify mark deleted [
229 silly reify   '/home/gjugn/.local/share/trueforge/sandboxes/01m13pwnyffsvyyc9snj21949j/01m13pxq97ts3g094ykmjfff8v/node_modules/@unrs/resolver-binding-linux-s390x-gnu'
229 silly reify ]
230 verbose reify failed optional dependency /home/gjugn/.local/share/trueforge/sandboxes/01m13pwnyffsvyyc9snj21949j/01m13pxq97ts3g094ykmjfff8v/node_modules/@unrs/resolver-binding-linux-riscv64-musl
231 silly reify mark deleted [
231 silly reify   '/home/gjugn/.local/share/trueforge/sandboxes/01m13pwnyffsvyyc9snj21949j/01m13pxq97ts3g094ykmjfff8v/node_modules/@unrs/resolver-binding-linux-riscv64-musl'
231 silly reify ]
232 verbose reify failed optional dependency /home/gjugn/.local/share/trueforge/sandboxes/01m13pwnyffsvyyc9snj21949j/01m13pxq97ts3g094ykmjfff8v/node_modules/@unrs/resolver-binding-linux-riscv64-gnu
233 silly reify mark deleted [
233 silly reify   '/home/gjugn/.local/share/trueforge/sandboxes/01m13pwnyffsvyyc9snj21949j/01m13pxq97ts3g094ykmjfff8v/node_modules/@unrs/resolver-binding-linux-riscv64-gnu'
233 silly reify ]
234 verbose reify failed optional dependency /home/gjugn/.local/share/trueforge/sandboxes/01m13pwnyffsvyyc9snj21949j/01m13pxq97ts3g094ykmjfff8v/node_modules/@unrs/resolver-binding-linux-ppc64-gnu
235 silly reify mark deleted [
235 silly reify   '/home/gjugn/.local/share/trueforge/sandboxes/01m13pwnyffsvyyc9snj21949j/01m13pxq97ts3g094ykmjfff8v/node_modules/@unrs/resolver-binding-linux-ppc64-gnu'
235 silly reify ]
236 verbose reify failed optional dependency /home/gjugn/.local/share/trueforge/sandboxes/01m13pwnyffsvyyc9snj21949j/01m13pxq97ts3g094ykmjfff8v/node_modules/@unrs/resolver-binding-linux-loong64-musl
237 silly reify mark deleted [
237 silly reify   '/home/gjugn/.local/share/trueforge/sandboxes/01m13pwnyffsvyyc9snj21949j/01m13pxq97ts3g094ykmjfff8v/node_modules/@unrs/resolver-binding-linux-loong64-musl'
237 silly reify ]
238 verbose reify failed optional dependency /home/gjugn/.local/share/trueforge/sandboxes/01m13pwnyffsvyyc9snj21949j/01m13pxq97ts3g094ykmjfff8v/node_modules/@unrs/resolver-binding-linux-loong64-gnu
239 silly reify mark deleted [
239 silly reify   '/home/gjugn/.local/share/trueforge/sandboxes/01m13pwnyffsvyyc9snj21949j/01m13pxq97ts3g094ykmjfff8v/node_modules/@unrs/resolver-binding-linux-loong64-gnu'
239 silly reify ]
240 verbose reify failed optional dependency /home/gjugn/.local/share/trueforge/sandboxes/01m13pwnyffsvyyc9snj21949j/01m13pxq97ts3g094ykmjfff8v/node_modules/@unrs/resolver-binding-linux-arm64-musl
241 silly reify mark deleted [
241 silly reify   '/home/gjugn/.local/share/trueforge/sandboxes/01m13pwnyffsvyyc9snj21949j/01m13pxq97ts3g094ykmjfff8v/node_modules/@unrs/resolver-binding-linux-arm64-musl'
241 silly reify ]
242 verbose reify failed optional dependency /home/gjugn/.local/share/trueforge/sandboxes/01m13pwnyffsvyyc9snj21949j/01m13pxq97ts3g094ykmjfff8v/node_modules/@unrs/resolver-binding-linux-arm64-gnu
243 silly reify mark deleted [
243 silly reify   '/home/gjugn/.local/share/trueforge/sandboxes/01m13pwnyffsvyyc9snj21949j/01m13pxq97ts3g094ykmjfff8v/node_modules/@unrs/resolver-binding-linux-arm64-gnu'
243 silly reify ]
244 verbose reify failed optional dependency /home/gjugn/.local/share/trueforge/sandboxes/01m13pwnyffsvyyc9snj21949j/01m13pxq97ts3g094ykmjfff8v/node_modules/@unrs/resolver-binding-linux-arm-gnueabihf
245 silly reify mark deleted [
245 silly reify   '/home/gjugn/.local/share/trueforge/sandboxes/01m13pwnyffsvyyc9snj21949j/01m13pxq97ts3g094ykmjfff8v/node_modules/@unrs/resolver-binding-linux-arm-gnueabihf'
245 silly reify ]
246 verbose reify failed optional dependency /home/gjugn/.local/share/trueforge/sandboxes/01m13pwnyffsvyyc9snj21949j/01m13pxq97ts3g094ykmjfff8v/node_modules/@unrs/resolver-binding-linux-arm-musleabihf
247 silly reify mark deleted [
247 silly reify   '/home/gjugn/.local/share/trueforge/sandboxes/01m13pwnyffsvyyc9snj21949j/01m13pxq97ts3g094ykmjfff8v/node_modules/@unrs/resolver-binding-linux-arm-musleabihf'
247 silly reify ]
248 verbose reify failed optional dependency /home/gjugn/.local/share/trueforge/sandboxes/01m13pwnyffsvyyc9snj21949j/01m13pxq97ts3g094ykmjfff8v/node_modules/@unrs/resolver-binding-freebsd-x64
249 silly reify mark deleted [
249 silly reify   '/home/gjugn/.local/share/trueforge/sandboxes/01m13pwnyffsvyyc9snj21949j/01m13pxq97ts3g094ykmjfff8v/node_modules/@unrs/resolver-binding-freebsd-x64'
249 silly reify ]
250 verbose reify failed optional dependency /home/gjugn/.local/share/trueforge/sandboxes/01m13pwnyffsvyyc9snj21949j/01m13pxq97ts3g094ykmjfff8v/node_modules/@unrs/resolver-binding-darwin-x64
251 silly reify mark deleted [
251 silly reify   '/home/gjugn/.local/share/trueforge/sandboxes/01m13pwnyffsvyyc9snj21949j/01m13pxq97ts3g094ykmjfff8v/node_modules/@unrs/resolver-binding-darwin-x64'
251 silly reify ]
252 verbose reify failed optional dependency /home/gjugn/.local/share/trueforge/sandboxes/01m13pwnyffsvyyc9snj21949j/01m13pxq97ts3g094ykmjfff8v/node_modules/@unrs/resolver-binding-android-arm64
253 silly reify mark deleted [
253 silly reify   '/home/gjugn/.local/share/trueforge/sandboxes/01m13pwnyffsvyyc9snj21949j/01m13pxq97ts3g094ykmjfff8v/node_modules/@unrs/resolver-binding-android-arm64'
253 silly reify ]
254 verbose reify failed optional dependency /home/gjugn/.local/share/trueforge/sandboxes/01m13pwnyffsvyyc9snj21949j/01m13pxq97ts3g094ykmjfff8v/node_modules/@unrs/resolver-binding-darwin-arm64
255 silly reify mark deleted [
255 silly reify   '/home/gjugn/.local/share/trueforge/sandboxes/01m13pwnyffsvyyc9snj21949j/01m13pxq97ts3g094ykmjfff8v/node_modules/@unrs/resolver-binding-darwin-arm64'
255 silly reify ]
256 verbose reify failed optional dependency /home/gjugn/.local/share/trueforge/sandboxes/01m13pwnyffsvyyc9snj21949j/01m13pxq97ts3g094ykmjfff8v/node_modules/@unrs/resolver-binding-android-arm-eabi
257 silly reify mark deleted [
257 silly reify   '/home/gjugn/.local/share/trueforge/sandboxes/01m13pwnyffsvyyc9snj21949j/01m13pxq97ts3g094ykmjfff8v/node_modules/@unrs/resolver-binding-android-arm-eabi'
257 silly reify ]
258 verbose reify failed optional dependency /home/gjugn/.local/share/trueforge/sandboxes/01m13pwnyffsvyyc9snj21949j/01m13pxq97ts3g094ykmjfff8v/node_modules/@tailwindcss/oxide-win32-x64-msvc
259 silly reify mark deleted [
259 silly reify   '/home/gjugn/.local/share/trueforge/sandboxes/01m13pwnyffsvyyc9snj21949j/01m13pxq97ts3g094ykmjfff8v/node_modules/@tailwindcss/oxide-win32-x64-msvc'
259 silly reify ]
260 verbose reify failed optional dependency /home/gjugn/.local/share/trueforge/sandboxes/01m13pwnyffsvyyc9snj21949j/01m13pxq97ts3g094ykmjfff8v/node_modules/@tailwindcss/oxide-win32-arm64-msvc
261 silly reify mark deleted [
261 silly reify   '/home/gjugn/.local/share/trueforge/sandboxes/01m13pwnyffsvyyc9snj21949j/01m13pxq97ts3g094ykmjfff8v/node_modules/@tailwindcss/oxide-win32-arm64-msvc'
261 silly reify ]
262 verbose reify failed optional dependency /home/gjugn/.local/share/trueforge/sandboxes/01m13pwnyffsvyyc9snj21949j/01m13pxq97ts3g094ykmjfff8v/node_modules/@tailwindcss/oxide-linux-x64-musl
263 silly reify mark deleted [
263 silly reify   '/home/gjugn/.local/share/trueforge/sandboxes/01m13pwnyffsvyyc9snj21949j/01m13pxq97ts3g094ykmjfff8v/node_modules/@tailwindcss/oxide-linux-x64-musl'
263 silly reify ]
264 verbose reify failed optional dependency /home/gjugn/.local/share/trueforge/sandboxes/01m13pwnyffsvyyc9snj21949j/01m13pxq97ts3g094ykmjfff8v/node_modules/@tailwindcss/oxide-linux-arm64-gnu
265 silly reify mark deleted [
265 silly reify   '/home/gjugn/.local/share/trueforge/sandboxes/01m13pwnyffsvyyc9snj21949j/01m13pxq97ts3g094ykmjfff8v/node_modules/@tailwindcss/oxide-linux-arm64-gnu'
265 silly reify ]
266 verbose reify failed optional dependency /home/gjugn/.local/share/trueforge/sandboxes/01m13pwnyffsvyyc9snj21949j/01m13pxq97ts3g094ykmjfff8v/node_modules/@tailwindcss/oxide-linux-arm64-musl
267 silly reify mark deleted [
267 silly reify   '/home/gjugn/.local/share/trueforge/sandboxes/01m13pwnyffsvyyc9snj21949j/01m13pxq97ts3g094ykmjfff8v/node_modules/@tailwindcss/oxide-linux-arm64-musl'
267 silly reify ]
268 verbose reify failed optional dependency /home/gjugn/.local/share/trueforge/sandboxes/01m13pwnyffsvyyc9snj21949j/01m13pxq97ts3g094ykmjfff8v/node_modules/@tailwindcss/oxide-linux-arm-gnueabihf
269 silly reify mark deleted [
269 silly reify   '/home/gjugn/.local/share/trueforge/sandboxes/01m13pwnyffsvyyc9snj21949j/01m13pxq97ts3g094ykmjfff8v/node_modules/@tailwindcss/oxide-linux-arm-gnueabihf'
269 silly reify ]
270 verbose reify failed optional dependency /home/gjugn/.local/share/trueforge/sandboxes/01m13pwnyffsvyyc9snj21949j/01m13pxq97ts3g094ykmjfff8v/node_modules/@tailwindcss/oxide-darwin-x64
271 silly reify mark deleted [
271 silly reify   '/home/gjugn/.local/share/trueforge/sandboxes/01m13pwnyffsvyyc9snj21949j/01m13pxq97ts3g094ykmjfff8v/node_modules/@tailwindcss/oxide-darwin-x64'
271 silly reify ]
272 verbose reify failed optional dependency /home/gjugn/.local/share/trueforge/sandboxes/01m13pwnyffsvyyc9snj21949j/01m13pxq97ts3g094ykmjfff8v/node_modules/@tailwindcss/oxide-freebsd-x64
273 silly reify mark deleted [
273 silly reify   '/home/gjugn/.local/share/trueforge/sandboxes/01m13pwnyffsvyyc9snj21949j/01m13pxq97ts3g094ykmjfff8v/node_modules/@tailwindcss/oxide-freebsd-x64'
273 silly reify ]
274 verbose reify failed optional dependency /home/gjugn/.local/share/trueforge/sandboxes/01m13pwnyffsvyyc9snj21949j/01m13pxq97ts3g094ykmjfff8v/node_modules/@tailwindcss/oxide-darwin-arm64
275 silly reify mark deleted [
275 silly reify   '/home/gjugn/.local/share/trueforge/sandboxes/01m13pwnyffsvyyc9snj21949j/01m13pxq97ts3g094ykmjfff8v/node_modules/@tailwindcss/oxide-darwin-arm64'
275 silly reify ]
276 verbose reify failed optional dependency /home/gjugn/.local/share/trueforge/sandboxes/01m13pwnyffsvyyc9snj21949j/01m13pxq97ts3g094ykmjfff8v/node_modules/@tailwindcss/oxide-android-arm64
277 silly reify mark deleted [
277 silly reify   '/home/gjugn/.local/share/trueforge/sandboxes/01m13pwnyffsvyyc9snj21949j/01m13pxq97ts3g094ykmjfff8v/node_modules/@tailwindcss/oxide-android-arm64'
277 silly reify ]
278 verbose reify failed optional dependency /home/gjugn/.local/share/trueforge/sandboxes/01m13pwnyffsvyyc9snj21949j/01m13pxq97ts3g094ykmjfff8v/node_modules/@rolldown/binding-freebsd-x64
279 silly reify mark deleted [
279 silly reify   '/home/gjugn/.local/share/trueforge/sandboxes/01m13pwnyffsvyyc9snj21949j/01m13pxq97ts3g094ykmjfff8v/node_modules/@rolldown/binding-freebsd-x64'
279 silly reify ]
280 verbose reify failed optional dependency /home/gjugn/.local/share/trueforge/sandboxes/01m13pwnyffsvyyc9snj21949j/01m13pxq97ts3g094ykmjfff8v/node_modules/@sentry/cli-win32-x64
281 silly reify mark deleted [
281 silly reify   '/home/gjugn/.local/share/trueforge/sandboxes/01m13pwnyffsvyyc9snj21949j/01m13pxq97ts3g094ykmjfff8v/node_modules/@sentry/cli-win32-x64'
281 silly reify ]
282 verbose reify failed optional dependency /home/gjugn/.local/share/trueforge/sandboxes/01m13pwnyffsvyyc9snj21949j/01m13pxq97ts3g094ykmjfff8v/node_modules/@sentry/cli-win32-i686
283 silly reify mark deleted [
283 silly reify   '/home/gjugn/.local/share/trueforge/sandboxes/01m13pwnyffsvyyc9snj21949j/01m13pxq97ts3g094ykmjfff8v/node_modules/@sentry/cli-win32-i686'
283 silly reify ]
284 verbose reify failed optional dependency /home/gjugn/.local/share/trueforge/sandboxes/01m13pwnyffsvyyc9snj21949j/01m13pxq97ts3g094ykmjfff8v/node_modules/@sentry/cli-win32-arm64
285 silly reify mark deleted [
285 silly reify   '/home/gjugn/.local/share/trueforge/sandboxes/01m13pwnyffsvyyc9snj21949j/01m13pxq97ts3g094ykmjfff8v/node_modules/@sentry/cli-win32-arm64'
285 silly reify ]
286 verbose reify failed optional dependency /home/gjugn/.local/share/trueforge/sandboxes/01m13pwnyffsvyyc9snj21949j/01m13pxq97ts3g094ykmjfff8v/node_modules/@sentry/cli-linux-i686
287 silly reify mark deleted [
287 silly reify   '/home/gjugn/.local/share/trueforge/sandboxes/01m13pwnyffsvyyc9snj21949j/01m13pxq97ts3g094ykmjfff8v/node_modules/@sentry/cli-linux-i686'
287 silly reify ]
288 verbose reify failed optional dependency /home/gjugn/.local/share/trueforge/sandboxes/01m13pwnyffsvyyc9snj21949j/01m13pxq97ts3g094ykmjfff8v/node_modules/@sentry/cli-linux-arm64
289 silly reify mark deleted [
289 silly reify   '/home/gjugn/.local/share/trueforge/sandboxes/01m13pwnyffsvyyc9snj21949j/01m13pxq97ts3g094ykmjfff8v/node_modules/@sentry/cli-linux-arm64'
289 silly reify ]
290 verbose reify failed optional dependency /home/gjugn/.local/share/trueforge/sandboxes/01m13pwnyffsvyyc9snj21949j/01m13pxq97ts3g094ykmjfff8v/node_modules/@sentry/cli-linux-arm
291 silly reify mark deleted [
291 silly reify   '/home/gjugn/.local/share/trueforge/sandboxes/01m13pwnyffsvyyc9snj21949j/01m13pxq97ts3g094ykmjfff8v/node_modules/@sentry/cli-linux-arm'
291 silly reify ]
292 verbose reify failed optional dependency /home/gjugn/.local/share/trueforge/sandboxes/01m13pwnyffsvyyc9snj21949j/01m13pxq97ts3g094ykmjfff8v/node_modules/@sentry/cli-darwin
293 silly reify mark deleted [
293 silly reify   '/home/gjugn/.local/share/trueforge/sandboxes/01m13pwnyffsvyyc9snj21949j/01m13pxq97ts3g094ykmjfff8v/node_modules/@sentry/cli-darwin'
293 silly reify ]
294 verbose reify failed optional dependency /home/gjugn/.local/share/trueforge/sandboxes/01m13pwnyffsvyyc9snj21949j/01m13pxq97ts3g094ykmjfff8v/node_modules/@rolldown/binding-win32-x64-msvc
295 silly reify mark deleted [
295 silly reify   '/home/gjugn/.local/share/trueforge/sandboxes/01m13pwnyffsvyyc9snj21949j/01m13pxq97ts3g094ykmjfff8v/node_modules/@rolldown/binding-win32-x64-msvc'
295 silly reify ]
296 verbose reify failed optional dependency /home/gjugn/.local/share/trueforge/sandboxes/01m13pwnyffsvyyc9snj21949j/01m13pxq97ts3g094ykmjfff8v/node_modules/@rolldown/binding-win32-arm64-msvc
297 silly reify mark deleted [
297 silly reify   '/home/gjugn/.local/share/trueforge/sandboxes/01m13pwnyffsvyyc9snj21949j/01m13pxq97ts3g094ykmjfff8v/node_modules/@rolldown/binding-win32-arm64-msvc'
297 silly reify ]
298 verbose reify failed optional dependency /home/gjugn/.local/share/trueforge/sandboxes/01m13pwnyffsvyyc9snj21949j/01m13pxq97ts3g094ykmjfff8v/node_modules/@rolldown/binding-openharmony-arm64
299 silly reify mark deleted [
299 silly reify   '/home/gjugn/.local/share/trueforge/sandboxes/01m13pwnyffsvyyc9snj21949j/01m13pxq97ts3g094ykmjfff8v/node_modules/@rolldown/binding-openharmony-arm64'
299 silly reify ]
300 verbose reify failed optional dependency /home/gjugn/.local/share/trueforge/sandboxes/01m13pwnyffsvyyc9snj21949j/01m13pxq97ts3g094ykmjfff8v/node_modules/@rolldown/binding-linux-x64-musl
301 silly reify mark deleted [
301 silly reify   '/home/gjugn/.local/share/trueforge/sandboxes/01m13pwnyffsvyyc9snj21949j/01m13pxq97ts3g094ykmjfff8v/node_modules/@rolldown/binding-linux-x64-musl'
301 silly reify ]
302 verbose reify failed optional dependency /home/gjugn/.local/share/trueforge/sandboxes/01m13pwnyffsvyyc9snj21949j/01m13pxq97ts3g094ykmjfff8v/node_modules/@rolldown/binding-linux-s390x-gnu
303 silly reify mark deleted [
303 silly reify   '/home/gjugn/.local/share/trueforge/sandboxes/01m13pwnyffsvyyc9snj21949j/01m13pxq97ts3g094ykmjfff8v/node_modules/@rolldown/binding-linux-s390x-gnu'
303 silly reify ]
304 verbose reify failed optional dependency /home/gjugn/.local/share/trueforge/sandboxes/01m13pwnyffsvyyc9snj21949j/01m13pxq97ts3g094ykmjfff8v/node_modules/@rolldown/binding-linux-ppc64-gnu
305 silly reify mark deleted [
305 silly reify   '/home/gjugn/.local/share/trueforge/sandboxes/01m13pwnyffsvyyc9snj21949j/01m13pxq97ts3g094ykmjfff8v/node_modules/@rolldown/binding-linux-ppc64-gnu'
305 silly reify ]
306 verbose reify failed optional dependency /home/gjugn/.local/share/trueforge/sandboxes/01m13pwnyffsvyyc9snj21949j/01m13pxq97ts3g094ykmjfff8v/node_modules/@rolldown/binding-linux-arm64-musl
307 silly reify mark deleted [
307 silly reify   '/home/gjugn/.local/share/trueforge/sandboxes/01m13pwnyffsvyyc9snj21949j/01m13pxq97ts3g094ykmjfff8v/node_modules/@rolldown/binding-linux-arm64-musl'
307 silly reify ]
308 verbose reify failed optional dependency /home/gjugn/.local/share/trueforge/sandboxes/01m13pwnyffsvyyc9snj21949j/01m13pxq97ts3g094ykmjfff8v/node_modules/@rolldown/binding-linux-arm64-gnu
309 silly reify mark deleted [
309 silly reify   '/home/gjugn/.local/share/trueforge/sandboxes/01m13pwnyffsvyyc9snj21949j/01m13pxq97ts3g094ykmjfff8v/node_modules/@rolldown/binding-linux-arm64-gnu'
309 silly reify ]
310 verbose reify failed optional dependency /home/gjugn/.local/share/trueforge/sandboxes/01m13pwnyffsvyyc9snj21949j/01m13pxq97ts3g094ykmjfff8v/node_modules/@rolldown/binding-linux-arm-gnueabihf
311 silly reify mark deleted [
311 silly reify   '/home/gjugn/.local/share/trueforge/sandboxes/01m13pwnyffsvyyc9snj21949j/01m13pxq97ts3g094ykmjfff8v/node_modules/@rolldown/binding-linux-arm-gnueabihf'
311 silly reify ]
312 verbose reify failed optional dependency /home/gjugn/.local/share/trueforge/sandboxes/01m13pwnyffsvyyc9snj21949j/01m13pxq97ts3g094ykmjfff8v/node_modules/@rolldown/binding-darwin-x64
313 silly reify mark deleted [
313 silly reify   '/home/gjugn/.local/share/trueforge/sandboxes/01m13pwnyffsvyyc9snj21949j/01m13pxq97ts3g094ykmjfff8v/node_modules/@rolldown/binding-darwin-x64'
313 silly reify ]
314 verbose reify failed optional dependency /home/gjugn/.local/share/trueforge/sandboxes/01m13pwnyffsvyyc9snj21949j/01m13pxq97ts3g094ykmjfff8v/node_modules/@rolldown/binding-darwin-arm64
315 silly reify mark deleted [
315 silly reify   '/home/gjugn/.local/share/trueforge/sandboxes/01m13pwnyffsvyyc9snj21949j/01m13pxq97ts3g094ykmjfff8v/node_modules/@rolldown/binding-darwin-arm64'
315 silly reify ]
316 verbose reify failed optional dependency /home/gjugn/.local/share/trueforge/sandboxes/01m13pwnyffsvyyc9snj21949j/01m13pxq97ts3g094ykmjfff8v/node_modules/@rolldown/binding-android-arm64
317 silly reify mark deleted [
317 silly reify   '/home/gjugn/.local/share/trueforge/sandboxes/01m13pwnyffsvyyc9snj21949j/01m13pxq97ts3g094ykmjfff8v/node_modules/@rolldown/binding-android-arm64'
317 silly reify ]
318 verbose reify failed optional dependency /home/gjugn/.local/share/trueforge/sandboxes/01m13pwnyffsvyyc9snj21949j/01m13pxq97ts3g094ykmjfff8v/node_modules/@rolldown/binding-android-arm-eabi
319 silly reify mark deleted [
319 silly reify   '/home/gjugn/.local/share/trueforge/sandboxes/01m13pwnyffsvyyc9snj21949j/01m13pxq97ts3g094ykmjfff8v/node_modules/@rolldown/binding-android-arm-eabi'
319 silly reify ]
320 verbose reify failed optional dependency /home/gjugn/.local/share/trueforge/sandboxes/01m13pwnyffsvyyc9snj21949j/01m13pxq97ts3g094ykmjfff8v/node_modules/@oxc-parser/binding-win32-x64-msvc
321 silly reify mark deleted [
321 silly reify   '/home/gjugn/.local/share/trueforge/sandboxes/01m13pwnyffsvyyc9snj21949j/01m13pxq97ts3g094ykmjfff8v/node_modules/@oxc-parser/binding-win32-x64-msvc'
321 silly reify ]
322 verbose reify failed optional dependency /home/gjugn/.local/share/trueforge/sandboxes/01m13pwnyffsvyyc9snj21949j/01m13pxq97ts3g094ykmjfff8v/node_modules/@oxc-parser/binding-win32-ia32-msvc
323 silly reify mark deleted [
323 silly reify   '/home/gjugn/.local/share/trueforge/sandboxes/01m13pwnyffsvyyc9snj21949j/01m13pxq97ts3g094ykmjfff8v/node_modules/@oxc-parser/binding-win32-ia32-msvc'
323 silly reify ]
324 verbose reify failed optional dependency /home/gjugn/.local/share/trueforge/sandboxes/01m13pwnyffsvyyc9snj21949j/01m13pxq97ts3g094ykmjfff8v/node_modules/@oxc-parser/binding-win32-arm64-msvc
325 silly reify mark deleted [
325 silly reify   '/home/gjugn/.local/share/trueforge/sandboxes/01m13pwnyffsvyyc9snj21949j/01m13pxq97ts3g094ykmjfff8v/node_modules/@oxc-parser/binding-win32-arm64-msvc'
325 silly reify ]
326 verbose reify failed optional dependency /home/gjugn/.local/share/trueforge/sandboxes/01m13pwnyffsvyyc9snj21949j/01m13pxq97ts3g094ykmjfff8v/node_modules/@oxc-parser/binding-wasm32-wasi
327 silly reify mark deleted [
327 silly reify   '/home/gjugn/.local/share/trueforge/sandboxes/01m13pwnyffsvyyc9snj21949j/01m13pxq97ts3g094ykmjfff8v/node_modules/@oxc-parser/binding-wasm32-wasi'
327 silly reify ]
328 verbose reify failed optional dependency /home/gjugn/.local/share/trueforge/sandboxes/01m13pwnyffsvyyc9snj21949j/01m13pxq97ts3g094ykmjfff8v/node_modules/@oxc-parser/binding-openharmony-arm64
329 silly reify mark deleted [
329 silly reify   '/home/gjugn/.local/share/trueforge/sandboxes/01m13pwnyffsvyyc9snj21949j/01m13pxq97ts3g094ykmjfff8v/node_modules/@oxc-parser/binding-openharmony-arm64'
329 silly reify ]
330 verbose reify failed optional dependency /home/gjugn/.local/share/trueforge/sandboxes/01m13pwnyffsvyyc9snj21949j/01m13pxq97ts3g094ykmjfff8v/node_modules/@oxc-parser/binding-linux-x64-musl
331 silly reify mark deleted [
331 silly reify   '/home/gjugn/.local/share/trueforge/sandboxes/01m13pwnyffsvyyc9snj21949j/01m13pxq97ts3g094ykmjfff8v/node_modules/@oxc-parser/binding-linux-x64-musl'
331 silly reify ]
332 verbose reify failed optional dependency /home/gjugn/.local/share/trueforge/sandboxes/01m13pwnyffsvyyc9snj21949j/01m13pxq97ts3g094ykmjfff8v/node_modules/@oxc-parser/binding-linux-riscv64-musl
333 silly reify mark deleted [
333 silly reify   '/home/gjugn/.local/share/trueforge/sandboxes/01m13pwnyffsvyyc9snj21949j/01m13pxq97ts3g094ykmjfff8v/node_modules/@oxc-parser/binding-linux-riscv64-musl'
333 silly reify ]
334 verbose reify failed optional dependency /home/gjugn/.local/share/trueforge/sandboxes/01m13pwnyffsvyyc9snj21949j/01m13pxq97ts3g094ykmjfff8v/node_modules/@oxc-parser/binding-linux-s390x-gnu
335 silly reify mark deleted [
335 silly reify   '/home/gjugn/.local/share/trueforge/sandboxes/01m13pwnyffsvyyc9snj21949j/01m13pxq97ts3g094ykmjfff8v/node_modules/@oxc-parser/binding-linux-s390x-gnu'
335 silly reify ]
336 verbose reify failed optional dependency /home/gjugn/.local/share/trueforge/sandboxes/01m13pwnyffsvyyc9snj21949j/01m13pxq97ts3g094ykmjfff8v/node_modules/@oxc-parser/binding-linux-riscv64-gnu
337 silly reify mark deleted [
337 silly reify   '/home/gjugn/.local/share/trueforge/sandboxes/01m13pwnyffsvyyc9snj21949j/01m13pxq97ts3g094ykmjfff8v/node_modules/@oxc-parser/binding-linux-riscv64-gnu'
337 silly reify ]
338 verbose reify failed optional dependency /home/gjugn/.local/share/trueforge/sandboxes/01m13pwnyffsvyyc9snj21949j/01m13pxq97ts3g094ykmjfff8v/node_modules/@oxc-parser/binding-linux-ppc64-gnu
339 silly reify mark deleted [
339 silly reify   '/home/gjugn/.local/share/trueforge/sandboxes/01m13pwnyffsvyyc9snj21949j/01m13pxq97ts3g094ykmjfff8v/node_modules/@oxc-parser/binding-linux-ppc64-gnu'
339 silly reify ]
340 verbose reify failed optional dependency /home/gjugn/.local/share/trueforge/sandboxes/01m13pwnyffsvyyc9snj21949j/01m13pxq97ts3g094ykmjfff8v/node_modules/@oxc-parser/binding-linux-arm64-musl
341 silly reify mark deleted [
341 silly reify   '/home/gjugn/.local/share/trueforge/sandboxes/01m13pwnyffsvyyc9snj21949j/01m13pxq97ts3g094ykmjfff8v/node_modules/@oxc-parser/binding-linux-arm64-musl'
341 silly reify ]
342 verbose reify failed optional dependency /home/gjugn/.local/share/trueforge/sandboxes/01m13pwnyffsvyyc9snj21949j/01m13pxq97ts3g094ykmjfff8v/node_modules/@oxc-parser/binding-linux-arm64-gnu
343 silly reify mark deleted [
343 silly reify   '/home/gjugn/.local/share/trueforge/sandboxes/01m13pwnyffsvyyc9snj21949j/01m13pxq97ts3g094ykmjfff8v/node_modules/@oxc-parser/binding-linux-arm64-gnu'
343 silly reify ]
344 verbose reify failed optional dependency /home/gjugn/.local/share/trueforge/sandboxes/01m13pwnyffsvyyc9snj21949j/01m13pxq97ts3g094ykmjfff8v/node_modules/@oxc-parser/binding-linux-arm-musleabihf
345 silly reify mark deleted [
345 silly reify   '/home/gjugn/.local/share/trueforge/sandboxes/01m13pwnyffsvyyc9snj21949j/01m13pxq97ts3g094ykmjfff8v/node_modules/@oxc-parser/binding-linux-arm-musleabihf'
345 silly reify ]
346 verbose reify failed optional dependency /home/gjugn/.local/share/trueforge/sandboxes/01m13pwnyffsvyyc9snj21949j/01m13pxq97ts3g094ykmjfff8v/node_modules/@oxc-parser/binding-linux-arm-gnueabihf
347 silly reify mark deleted [
347 silly reify   '/home/gjugn/.local/share/trueforge/sandboxes/01m13pwnyffsvyyc9snj21949j/01m13pxq97ts3g094ykmjfff8v/node_modules/@oxc-parser/binding-linux-arm-gnueabihf'
347 silly reify ]
348 verbose reify failed optional dependency /home/gjugn/.local/share/trueforge/sandboxes/01m13pwnyffsvyyc9snj21949j/01m13pxq97ts3g094ykmjfff8v/node_modules/@oxc-parser/binding-freebsd-x64
349 silly reify mark deleted [
349 silly reify   '/home/gjugn/.local/share/trueforge/sandboxes/01m13pwnyffsvyyc9snj21949j/01m13pxq97ts3g094ykmjfff8v/node_modules/@oxc-parser/binding-freebsd-x64'
349 silly reify ]
350 verbose reify failed optional dependency /home/gjugn/.local/share/trueforge/sandboxes/01m13pwnyffsvyyc9snj21949j/01m13pxq97ts3g094ykmjfff8v/node_modules/@oxc-parser/binding-darwin-x64
351 silly reify mark deleted [
351 silly reify   '/home/gjugn/.local/share/trueforge/sandboxes/01m13pwnyffsvyyc9snj21949j/01m13pxq97ts3g094ykmjfff8v/node_modules/@oxc-parser/binding-darwin-x64'
351 silly reify ]
352 verbose reify failed optional dependency /home/gjugn/.local/share/trueforge/sandboxes/01m13pwnyffsvyyc9snj21949j/01m13pxq97ts3g094ykmjfff8v/node_modules/@oxc-parser/binding-darwin-arm64
353 silly reify mark deleted [
353 silly reify   '/home/gjugn/.local/share/trueforge/sandboxes/01m13pwnyffsvyyc9snj21949j/01m13pxq97ts3g094ykmjfff8v/node_modules/@oxc-parser/binding-darwin-arm64'
353 silly reify ]
354 verbose reify failed optional dependency /home/gjugn/.local/share/trueforge/sandboxes/01m13pwnyffsvyyc9snj21949j/01m13pxq97ts3g094ykmjfff8v/node_modules/@oxc-parser/binding-android-arm64
355 silly reify mark deleted [
355 silly reify   '/home/gjugn/.local/share/trueforge/sandboxes/01m13pwnyffsvyyc9snj21949j/01m13pxq97ts3g094ykmjfff8v/node_modules/@oxc-parser/binding-android-arm64'
355 silly reify ]
356 verbose reify failed optional dependency /home/gjugn/.local/share/trueforge/sandboxes/01m13pwnyffsvyyc9snj21949j/01m13pxq97ts3g094ykmjfff8v/node_modules/@oxc-parser/binding-android-arm-eabi
357 silly reify mark deleted [
357 silly reify   '/home/gjugn/.local/share/trueforge/sandboxes/01m13pwnyffsvyyc9snj21949j/01m13pxq97ts3g094ykmjfff8v/node_modules/@oxc-parser/binding-android-arm-eabi'
357 silly reify ]
358 verbose reify failed optional dependency /home/gjugn/.local/share/trueforge/sandboxes/01m13pwnyffsvyyc9snj21949j/01m13pxq97ts3g094ykmjfff8v/node_modules/@esbuild/win32-x64
359 silly reify mark deleted [
359 silly reify   '/home/gjugn/.local/share/trueforge/sandboxes/01m13pwnyffsvyyc9snj21949j/01m13pxq97ts3g094ykmjfff8v/node_modules/@esbuild/win32-x64'
359 silly reify ]
360 verbose reify failed optional dependency /home/gjugn/.local/share/trueforge/sandboxes/01m13pwnyffsvyyc9snj21949j/01m13pxq97ts3g094ykmjfff8v/node_modules/@esbuild/win32-arm64
361 silly reify mark deleted [
361 silly reify   '/home/gjugn/.local/share/trueforge/sandboxes/01m13pwnyffsvyyc9snj21949j/01m13pxq97ts3g094ykmjfff8v/node_modules/@esbuild/win32-arm64'
361 silly reify ]
362 verbose reify failed optional dependency /home/gjugn/.local/share/trueforge/sandboxes/01m13pwnyffsvyyc9snj21949j/01m13pxq97ts3g094ykmjfff8v/node_modules/@esbuild/win32-ia32
363 silly reify mark deleted [
363 silly reify   '/home/gjugn/.local/share/trueforge/sandboxes/01m13pwnyffsvyyc9snj21949j/01m13pxq97ts3g094ykmjfff8v/node_modules/@esbuild/win32-ia32'
363 silly reify ]
364 verbose reify failed optional dependency /home/gjugn/.local/share/trueforge/sandboxes/01m13pwnyffsvyyc9snj21949j/01m13pxq97ts3g094ykmjfff8v/node_modules/@esbuild/sunos-x64
365 silly reify mark deleted [
365 silly reify   '/home/gjugn/.local/share/trueforge/sandboxes/01m13pwnyffsvyyc9snj21949j/01m13pxq97ts3g094ykmjfff8v/node_modules/@esbuild/sunos-x64'
365 silly reify ]
366 verbose reify failed optional dependency /home/gjugn/.local/share/trueforge/sandboxes/01m13pwnyffsvyyc9snj21949j/01m13pxq97ts3g094ykmjfff8v/node_modules/@esbuild/openharmony-arm64
367 silly reify mark deleted [
367 silly reify   '/home/gjugn/.local/share/trueforge/sandboxes/01m13pwnyffsvyyc9snj21949j/01m13pxq97ts3g094ykmjfff8v/node_modules/@esbuild/openharmony-arm64'
367 silly reify ]
368 verbose reify failed optional dependency /home/gjugn/.local/share/trueforge/sandboxes/01m13pwnyffsvyyc9snj21949j/01m13pxq97ts3g094ykmjfff8v/node_modules/@esbuild/openbsd-x64
369 silly reify mark deleted [
369 silly reify   '/home/gjugn/.local/share/trueforge/sandboxes/01m13pwnyffsvyyc9snj21949j/01m13pxq97ts3g094ykmjfff8v/node_modules/@esbuild/openbsd-x64'
369 silly reify ]
370 verbose reify failed optional dependency /home/gjugn/.local/share/trueforge/sandboxes/01m13pwnyffsvyyc9snj21949j/01m13pxq97ts3g094ykmjfff8v/node_modules/@esbuild/netbsd-x64
371 silly reify mark deleted [
371 silly reify   '/home/gjugn/.local/share/trueforge/sandboxes/01m13pwnyffsvyyc9snj21949j/01m13pxq97ts3g094ykmjfff8v/node_modules/@esbuild/netbsd-x64'
371 silly reify ]
372 verbose reify failed optional dependency /home/gjugn/.local/share/trueforge/sandboxes/01m13pwnyffsvyyc9snj21949j/01m13pxq97ts3g094ykmjfff8v/node_modules/@esbuild/openbsd-arm64
373 silly reify mark deleted [
373 silly reify   '/home/gjugn/.local/share/trueforge/sandboxes/01m13pwnyffsvyyc9snj21949j/01m13pxq97ts3g094ykmjfff8v/node_modules/@esbuild/openbsd-arm64'
373 silly reify ]
374 verbose reify failed optional dependency /home/gjugn/.local/share/trueforge/sandboxes/01m13pwnyffsvyyc9snj21949j/01m13pxq97ts3g094ykmjfff8v/node_modules/@esbuild/netbsd-arm64
375 silly reify mark deleted [
375 silly reify   '/home/gjugn/.local/share/trueforge/sandboxes/01m13pwnyffsvyyc9snj21949j/01m13pxq97ts3g094ykmjfff8v/node_modules/@esbuild/netbsd-arm64'
375 silly reify ]
376 verbose reify failed optional dependency /home/gjugn/.local/share/trueforge/sandboxes/01m13pwnyffsvyyc9snj21949j/01m13pxq97ts3g094ykmjfff8v/node_modules/@esbuild/linux-riscv64
377 silly reify mark deleted [
377 silly reify   '/home/gjugn/.local/share/trueforge/sandboxes/01m13pwnyffsvyyc9snj21949j/01m13pxq97ts3g094ykmjfff8v/node_modules/@esbuild/linux-riscv64'
377 silly reify ]
378 verbose reify failed optional dependency /home/gjugn/.local/share/trueforge/sandboxes/01m13pwnyffsvyyc9snj21949j/01m13pxq97ts3g094ykmjfff8v/node_modules/@esbuild/linux-s390x
379 silly reify mark deleted [
379 silly reify   '/home/gjugn/.local/share/trueforge/sandboxes/01m13pwnyffsvyyc9snj21949j/01m13pxq97ts3g094ykmjfff8v/node_modules/@esbuild/linux-s390x'
379 silly reify ]
380 verbose reify failed optional dependency /home/gjugn/.local/share/trueforge/sandboxes/01m13pwnyffsvyyc9snj21949j/01m13pxq97ts3g094ykmjfff8v/node_modules/@esbuild/linux-mips64el
381 silly reify mark deleted [
381 silly reify   '/home/gjugn/.local/share/trueforge/sandboxes/01m13pwnyffsvyyc9snj21949j/01m13pxq97ts3g094ykmjfff8v/node_modules/@esbuild/linux-mips64el'
381 silly reify ]
382 verbose reify failed optional dependency /home/gjugn/.local/share/trueforge/sandboxes/01m13pwnyffsvyyc9snj21949j/01m13pxq97ts3g094ykmjfff8v/node_modules/@esbuild/linux-ppc64
383 silly reify mark deleted [
383 silly reify   '/home/gjugn/.local/share/trueforge/sandboxes/01m13pwnyffsvyyc9snj21949j/01m13pxq97ts3g094ykmjfff8v/node_modules/@esbuild/linux-ppc64'
383 silly reify ]
384 verbose reify failed optional dependency /home/gjugn/.local/share/trueforge/sandboxes/01m13pwnyffsvyyc9snj21949j/01m13pxq97ts3g094ykmjfff8v/node_modules/@esbuild/linux-loong64
385 silly reify mark deleted [
385 silly reify   '/home/gjugn/.local/share/trueforge/sandboxes/01m13pwnyffsvyyc9snj21949j/01m13pxq97ts3g094ykmjfff8v/node_modules/@esbuild/linux-loong64'
385 silly reify ]
386 verbose reify failed optional dependency /home/gjugn/.local/share/trueforge/sandboxes/01m13pwnyffsvyyc9snj21949j/01m13pxq97ts3g094ykmjfff8v/node_modules/@esbuild/linux-ia32
387 silly reify mark deleted [
387 silly reify   '/home/gjugn/.local/share/trueforge/sandboxes/01m13pwnyffsvyyc9snj21949j/01m13pxq97ts3g094ykmjfff8v/node_modules/@esbuild/linux-ia32'
387 silly reify ]
388 verbose reify failed optional dependency /home/gjugn/.local/share/trueforge/sandboxes/01m13pwnyffsvyyc9snj21949j/01m13pxq97ts3g094ykmjfff8v/node_modules/@esbuild/linux-arm
389 silly reify mark deleted [
389 silly reify   '/home/gjugn/.local/share/trueforge/sandboxes/01m13pwnyffsvyyc9snj21949j/01m13pxq97ts3g094ykmjfff8v/node_modules/@esbuild/linux-arm'
389 silly reify ]
390 verbose reify failed optional dependency /home/gjugn/.local/share/trueforge/sandboxes/01m13pwnyffsvyyc9snj21949j/01m13pxq97ts3g094ykmjfff8v/node_modules/@esbuild/freebsd-x64
391 silly reify mark deleted [
391 silly reify   '/home/gjugn/.local/share/trueforge/sandboxes/01m13pwnyffsvyyc9snj21949j/01m13pxq97ts3g094ykmjfff8v/node_modules/@esbuild/freebsd-x64'
391 silly reify ]
392 verbose reify failed optional dependency /home/gjugn/.local/share/trueforge/sandboxes/01m13pwnyffsvyyc9snj21949j/01m13pxq97ts3g094ykmjfff8v/node_modules/@esbuild/linux-arm64
393 silly reify mark deleted [
393 silly reify   '/home/gjugn/.local/share/trueforge/sandboxes/01m13pwnyffsvyyc9snj21949j/01m13pxq97ts3g094ykmjfff8v/node_modules/@esbuild/linux-arm64'
393 silly reify ]
394 verbose reify failed optional dependency /home/gjugn/.local/share/trueforge/sandboxes/01m13pwnyffsvyyc9snj21949j/01m13pxq97ts3g094ykmjfff8v/node_modules/@esbuild/freebsd-arm64
395 silly reify mark deleted [
395 silly reify   '/home/gjugn/.local/share/trueforge/sandboxes/01m13pwnyffsvyyc9snj21949j/01m13pxq97ts3g094ykmjfff8v/node_modules/@esbuild/freebsd-arm64'
395 silly reify ]
396 verbose reify failed optional dependency /home/gjugn/.local/share/trueforge/sandboxes/01m13pwnyffsvyyc9snj21949j/01m13pxq97ts3g094ykmjfff8v/node_modules/@esbuild/darwin-x64
397 silly reify mark deleted [
397 silly reify   '/home/gjugn/.local/share/trueforge/sandboxes/01m13pwnyffsvyyc9snj21949j/01m13pxq97ts3g094ykmjfff8v/node_modules/@esbuild/darwin-x64'
397 silly reify ]
398 verbose reify failed optional dependency /home/gjugn/.local/share/trueforge/sandboxes/01m13pwnyffsvyyc9snj21949j/01m13pxq97ts3g094ykmjfff8v/node_modules/@esbuild/darwin-arm64
399 silly reify mark deleted [
399 silly reify   '/home/gjugn/.local/share/trueforge/sandboxes/01m13pwnyffsvyyc9snj21949j/01m13pxq97ts3g094ykmjfff8v/node_modules/@esbuild/darwin-arm64'
399 silly reify ]
400 verbose reify failed optional dependency /home/gjugn/.local/share/trueforge/sandboxes/01m13pwnyffsvyyc9snj21949j/01m13pxq97ts3g094ykmjfff8v/node_modules/@esbuild/android-x64
401 silly reify mark deleted [
401 silly reify   '/home/gjugn/.local/share/trueforge/sandboxes/01m13pwnyffsvyyc9snj21949j/01m13pxq97ts3g094ykmjfff8v/node_modules/@esbuild/android-x64'
401 silly reify ]
402 verbose reify failed optional dependency /home/gjugn/.local/share/trueforge/sandboxes/01m13pwnyffsvyyc9snj21949j/01m13pxq97ts3g094ykmjfff8v/node_modules/@esbuild/aix-ppc64
403 silly reify mark deleted [
403 silly reify   '/home/gjugn/.local/share/trueforge/sandboxes/01m13pwnyffsvyyc9snj21949j/01m13pxq97ts3g094ykmjfff8v/node_modules/@esbuild/aix-ppc64'
403 silly reify ]
404 verbose reify failed optional dependency /home/gjugn/.local/share/trueforge/sandboxes/01m13pwnyffsvyyc9snj21949j/01m13pxq97ts3g094ykmjfff8v/node_modules/@esbuild/android-arm64
405 silly reify mark deleted [
405 silly reify   '/home/gjugn/.local/share/trueforge/sandboxes/01m13pwnyffsvyyc9snj21949j/01m13pxq97ts3g094ykmjfff8v/node_modules/@esbuild/android-arm64'
405 silly reify ]
406 verbose reify failed optional dependency /home/gjugn/.local/share/trueforge/sandboxes/01m13pwnyffsvyyc9snj21949j/01m13pxq97ts3g094ykmjfff8v/node_modules/@esbuild/android-arm
407 silly reify mark deleted [
407 silly reify   '/home/gjugn/.local/share/trueforge/sandboxes/01m13pwnyffsvyyc9snj21949j/01m13pxq97ts3g094ykmjfff8v/node_modules/@esbuild/android-arm'
407 silly reify ]
408 verbose reify failed optional dependency /home/gjugn/.local/share/trueforge/sandboxes/01m13pwnyffsvyyc9snj21949j/01m13pxq97ts3g094ykmjfff8v/node_modules/lightningcss-win32-x64-msvc
409 silly reify mark deleted [
409 silly reify   '/home/gjugn/.local/share/trueforge/sandboxes/01m13pwnyffsvyyc9snj21949j/01m13pxq97ts3g094ykmjfff8v/node_modules/lightningcss-win32-x64-msvc'
409 silly reify ]
410 verbose reify failed optional dependency /home/gjugn/.local/share/trueforge/sandboxes/01m13pwnyffsvyyc9snj21949j/01m13pxq97ts3g094ykmjfff8v/node_modules/lightningcss-win32-arm64-msvc
411 silly reify mark deleted [
411 silly reify   '/home/gjugn/.local/share/trueforge/sandboxes/01m13pwnyffsvyyc9snj21949j/01m13pxq97ts3g094ykmjfff8v/node_modules/lightningcss-win32-arm64-msvc'
411 silly reify ]
412 verbose reify failed optional dependency /home/gjugn/.local/share/trueforge/sandboxes/01m13pwnyffsvyyc9snj21949j/01m13pxq97ts3g094ykmjfff8v/node_modules/lightningcss-linux-x64-musl
413 silly reify mark deleted [
413 silly reify   '/home/gjugn/.local/share/trueforge/sandboxes/01m13pwnyffsvyyc9snj21949j/01m13pxq97ts3g094ykmjfff8v/node_modules/lightningcss-linux-x64-musl'
413 silly reify ]
414 verbose reify failed optional dependency /home/gjugn/.local/share/trueforge/sandboxes/01m13pwnyffsvyyc9snj21949j/01m13pxq97ts3g094ykmjfff8v/node_modules/lightningcss-linux-arm64-gnu
415 silly reify mark deleted [
415 silly reify   '/home/gjugn/.local/share/trueforge/sandboxes/01m13pwnyffsvyyc9snj21949j/01m13pxq97ts3g094ykmjfff8v/node_modules/lightningcss-linux-arm64-gnu'
415 silly reify ]
416 verbose reify failed optional dependency /home/gjugn/.local/share/trueforge/sandboxes/01m13pwnyffsvyyc9snj21949j/01m13pxq97ts3g094ykmjfff8v/node_modules/lightningcss-linux-arm64-musl
417 silly reify mark deleted [
417 silly reify   '/home/gjugn/.local/share/trueforge/sandboxes/01m13pwnyffsvyyc9snj21949j/01m13pxq97ts3g094ykmjfff8v/node_modules/lightningcss-linux-arm64-musl'
417 silly reify ]
418 verbose reify failed optional dependency /home/gjugn/.local/share/trueforge/sandboxes/01m13pwnyffsvyyc9snj21949j/01m13pxq97ts3g094ykmjfff8v/node_modules/lightningcss-darwin-x64
419 silly reify mark deleted [
419 silly reify   '/home/gjugn/.local/share/trueforge/sandboxes/01m13pwnyffsvyyc9snj21949j/01m13pxq97ts3g094ykmjfff8v/node_modules/lightningcss-darwin-x64'
419 silly reify ]
420 verbose reify failed optional dependency /home/gjugn/.local/share/trueforge/sandboxes/01m13pwnyffsvyyc9snj21949j/01m13pxq97ts3g094ykmjfff8v/node_modules/lightningcss-freebsd-x64
421 silly reify mark deleted [
421 silly reify   '/home/gjugn/.local/share/trueforge/sandboxes/01m13pwnyffsvyyc9snj21949j/01m13pxq97ts3g094ykmjfff8v/node_modules/lightningcss-freebsd-x64'
421 silly reify ]
422 verbose reify failed optional dependency /home/gjugn/.local/share/trueforge/sandboxes/01m13pwnyffsvyyc9snj21949j/01m13pxq97ts3g094ykmjfff8v/node_modules/lightningcss-linux-arm-gnueabihf
423 silly reify mark deleted [
423 silly reify   '/home/gjugn/.local/share/trueforge/sandboxes/01m13pwnyffsvyyc9snj21949j/01m13pxq97ts3g094ykmjfff8v/node_modules/lightningcss-linux-arm-gnueabihf'
423 silly reify ]
424 verbose reify failed optional dependency /home/gjugn/.local/share/trueforge/sandboxes/01m13pwnyffsvyyc9snj21949j/01m13pxq97ts3g094ykmjfff8v/node_modules/lightningcss-darwin-arm64
425 silly reify mark deleted [
425 silly reify   '/home/gjugn/.local/share/trueforge/sandboxes/01m13pwnyffsvyyc9snj21949j/01m13pxq97ts3g094ykmjfff8v/node_modules/lightningcss-darwin-arm64'
425 silly reify ]
426 verbose reify failed optional dependency /home/gjugn/.local/share/trueforge/sandboxes/01m13pwnyffsvyyc9snj21949j/01m13pxq97ts3g094ykmjfff8v/node_modules/lightningcss-android-arm64
427 silly reify mark deleted [
427 silly reify   '/home/gjugn/.local/share/trueforge/sandboxes/01m13pwnyffsvyyc9snj21949j/01m13pxq97ts3g094ykmjfff8v/node_modules/lightningcss-android-arm64'
427 silly reify ]
428 verbose reify failed optional dependency /home/gjugn/.local/share/trueforge/sandboxes/01m13pwnyffsvyyc9snj21949j/01m13pxq97ts3g094ykmjfff8v/node_modules/fsevents
429 silly reify mark deleted [
429 silly reify   '/home/gjugn/.local/share/trueforge/sandboxes/01m13pwnyffsvyyc9snj21949j/01m13pxq97ts3g094ykmjfff8v/node_modules/fsevents'
429 silly reify ]
430 http cache @tanstack/router-cli@https://registry.npmjs.org/@tanstack/router-cli/-/router-cli-1.167.32.tgz 0ms (cache hit)
431 http cache @tanstack/devtools@https://registry.npmjs.org/@tanstack/devtools/-/devtools-0.14.2.tgz 0ms (cache hit)
432 http cache @tanstack/devtools-event-client@https://registry.npmjs.org/@tanstack/devtools-event-client/-/devtools-event-client-0.5.0.tgz 0ms (cache hit)
433 http cache @tanstack/devtools-vite@https://registry.npmjs.org/@tanstack/devtools-vite/-/devtools-vite-0.8.5.tgz 0ms (cache hit)
434 http cache @bramus/specificity@https://registry.npmjs.org/@bramus/specificity/-/specificity-2.4.2.tgz 0ms (cache hit)
435 http cache @sentry/cli@https://registry.npmjs.org/@sentry/cli/-/cli-2.58.6.tgz 0ms (cache hit)
436 http cache @electric-sql/pglite-socket@https://registry.npmjs.org/@electric-sql/pglite-socket/-/pglite-socket-0.1.3.tgz 0ms (cache hit)
437 http cache @babel/parser@https://registry.npmjs.org/@babel/parser/-/parser-7.29.8.tgz 0ms (cache hit)
438 http cache @apm-js-collab/code-transformer@https://registry.npmjs.org/@apm-js-collab/code-transformer/-/code-transformer-0.18.1.tgz 0ms (cache hit)
439 http cache why-is-node-running@https://registry.npmjs.org/why-is-node-running/-/why-is-node-running-2.3.0.tgz 0ms (cache hit)
440 http cache which@https://registry.npmjs.org/which/-/which-2.0.2.tgz 0ms (cache hit)
441 http cache vite@https://registry.npmjs.org/vite/-/vite-8.2.2.tgz 0ms (cache hit)
442 http cache update-browserslist-db@https://registry.npmjs.org/update-browserslist-db/-/update-browserslist-db-1.3.1.tgz 0ms (cache hit)
443 http cache vitest@https://registry.npmjs.org/vitest/-/vitest-4.1.11.tgz 0ms (cache hit)
444 http cache typescript@https://registry.npmjs.org/typescript/-/typescript-6.0.3.tgz 0ms (cache hit)
445 http cache tsx@https://registry.npmjs.org/tsx/-/tsx-4.23.12.tgz 0ms (cache hit)
446 http cache tldts@https://registry.npmjs.org/tldts/-/tldts-7.4.10.tgz 0ms (cache hit)
447 http cache srvx@https://registry.npmjs.org/srvx/-/srvx-0.11.22.tgz 0ms (cache hit)
448 http cache safe-regex2@https://registry.npmjs.org/safe-regex2/-/safe-regex2-5.1.1.tgz 0ms (cache hit)
449 http cache semver@https://registry.npmjs.org/semver/-/semver-6.3.1.tgz 0ms (cache hit)
450 http cache rolldown@https://registry.npmjs.org/rolldown/-/rolldown-1.2.5.tgz 0ms (cache hit)
451 http cache prisma@https://registry.npmjs.org/prisma/-/prisma-7.9.1.tgz 0ms (cache hit)
452 http cache napi-postinstall@https://registry.npmjs.org/napi-postinstall/-/napi-postinstall-0.3.4.tgz 0ms (cache hit)
453 http cache nanoid@https://registry.npmjs.org/nanoid/-/nanoid-3.3.18.tgz 0ms (cache hit)
454 http cache lz-string@https://registry.npmjs.org/lz-string/-/lz-string-1.5.0.tgz 0ms (cache hit)
455 http cache loose-envify@https://registry.npmjs.org/loose-envify/-/loose-envify-1.4.0.tgz 0ms (cache hit)
456 http cache json5@https://registry.npmjs.org/json5/-/json5-2.2.3.tgz 0ms (cache hit)
457 http cache jiti@https://registry.npmjs.org/jiti/-/jiti-2.7.0.tgz 0ms (cache hit)
458 http cache jsesc@https://registry.npmjs.org/jsesc/-/jsesc-3.1.0.tgz 0ms (cache hit)
459 http cache js-yaml@https://registry.npmjs.org/js-yaml/-/js-yaml-4.3.1.tgz 0ms (cache hit)
460 http cache h3-v2@https://registry.npmjs.org/h3/-/h3-2.0.1-rc.20.tgz 0ms (cache hit)
461 http cache giget@https://registry.npmjs.org/giget/-/giget-3.3.1.tgz 0ms (cache hit)
462 http cache eslint@https://registry.npmjs.org/eslint/-/eslint-9.39.5.tgz 0ms (cache hit)
463 http cache prettier@https://registry.npmjs.org/prettier/-/prettier-3.9.6.tgz 0ms (cache hit)
464 http cache dotenv-cli@https://registry.npmjs.org/dotenv-cli/-/dotenv-cli-11.0.0.tgz 0ms (cache hit)
465 http cache esbuild@https://registry.npmjs.org/esbuild/-/esbuild-0.28.2.tgz 0ms (cache hit)
466 http cache dodopayments@https://registry.npmjs.org/dodopayments/-/dodopayments-2.44.0.tgz 0ms (cache hit)
467 http cache cssesc@https://registry.npmjs.org/cssesc/-/cssesc-3.0.0.tgz 0ms (cache hit)
468 http cache baseline-browser-mapping@https://registry.npmjs.org/baseline-browser-mapping/-/baseline-browser-mapping-2.11.18.tgz 0ms (cache hit)
469 http cache browserslist@https://registry.npmjs.org/browserslist/-/browserslist-4.28.8.tgz 0ms (cache hit)
470 http cache astring@https://registry.npmjs.org/astring/-/astring-1.9.0.tgz 0ms (cache hit)
471 http cache acorn@https://registry.npmjs.org/acorn/-/acorn-8.18.0.tgz 0ms (cache hit)
472 http cache semver@https://registry.npmjs.org/semver/-/semver-7.8.5.tgz 0ms (cache hit)
473 http cache semver@https://registry.npmjs.org/semver/-/semver-7.8.5.tgz 0ms (cache hit)
474 http cache semver@https://registry.npmjs.org/semver/-/semver-7.8.5.tgz 0ms (cache hit)
475 http cache semver@https://registry.npmjs.org/semver/-/semver-7.8.5.tgz 0ms (cache hit)
476 http cache semver@https://registry.npmjs.org/semver/-/semver-7.8.5.tgz 0ms (cache hit)
477 http fetch POST 200 https://registry.npmjs.org/-/npm/v1/security/advisories/bulk 991ms
478 silly audit report {
478 silly audit report   'deepmerge-ts': [
478 silly audit report     {
478 silly audit report       id: 1145093,
478 silly audit report       url: 'https://github.com/advisories/GHSA-ggr8-5vv4-36mx',
478 silly audit report       title: 'DeepmergeTS has stack exhaustion when merging recursive object graphs',
478 silly audit report       severity: 'high',
478 silly audit report       vulnerable_versions: '<8.0.0',
478 silly audit report       cwe: [Array],
478 silly audit report       cvss: [Object]
478 silly audit report     }
478 silly audit report   ]
478 silly audit report }
479 silly packumentCache corgi:https://registry.npmjs.org/deepmerge-ts cache-miss
480 http cache https://registry.npmjs.org/deepmerge-ts 41ms (cache hit)
481 silly packumentCache corgi:https://registry.npmjs.org/deepmerge-ts set size:183304 disposed:false
482 silly packumentCache corgi:https://registry.npmjs.org/@prisma%2fconfig cache-miss
483 http cache https://registry.npmjs.org/@prisma%2fconfig 26ms (cache hit)
484 silly packumentCache corgi:https://registry.npmjs.org/@prisma%2fconfig set size:1515795 disposed:false
485 silly packumentCache corgi:https://registry.npmjs.org/prisma cache-miss
486 http cache https://registry.npmjs.org/prisma 233ms (cache hit)
487 silly packumentCache corgi:https://registry.npmjs.org/prisma set size:23105447 disposed:false
488 warn deprecated eslint@9.39.5: This version is no longer supported. Please see https://eslint.org/version-support for other options.
489 info run prisma@7.9.1 preinstall node_modules/prisma node scripts/preinstall-entry.js
490 info run prisma@7.9.1 preinstall { code: 0, signal: null }
491 info run @sentry/cli@2.58.6 postinstall node_modules/@sentry/cli node ./scripts/install.js
492 info run esbuild@0.28.2 postinstall node_modules/esbuild node install.js
493 info run @sentry/cli@2.58.6 postinstall { code: 0, signal: null }
494 info run esbuild@0.28.2 postinstall { code: 0, signal: null }
495 silly CHANGE node_modules/@typescript-eslint/typescript-estree/node_modules/semver
496 silly CHANGE node_modules/@tanstack/router-cli
497 silly CHANGE node_modules/@tanstack/devtools
498 silly CHANGE node_modules/@tanstack/devtools-event-client
499 silly CHANGE node_modules/@tanstack/devtools-vite
500 silly CHANGE node_modules/@sentry/cli
501 silly REMOVE node_modules/@react-spectrum/provider
502 silly REMOVE node_modules/@react-aria/utils
503 silly REMOVE node_modules/@react-aria/ssr
504 silly REMOVE node_modules/@react-aria/i18n
505 silly CHANGE node_modules/@bramus/specificity
506 silly REMOVE node_modules/@internationalized/message
507 silly REMOVE node_modules/@formatjs/intl-localematcher
508 silly REMOVE node_modules/@formatjs/icu-messageformat-parser
509 silly REMOVE node_modules/@formatjs/icu-skeleton-parser
510 silly REMOVE node_modules/@formatjs/fast-memoize
511 silly REMOVE node_modules/@formatjs/ecma402-abstract
512 silly CHANGE node_modules/@electric-sql/pglite-socket
513 silly CHANGE node_modules/@babel/parser
514 silly CHANGE node_modules/@apm-js-collab/code-transformer
515 silly CHANGE node_modules/why-is-node-running
516 silly CHANGE node_modules/which
517 silly CHANGE node_modules/vue-eslint-parser/node_modules/semver
518 silly CHANGE node_modules/vite
519 silly CHANGE node_modules/vite/node_modules/lightningcss-win32-x64-msvc
520 silly CHANGE node_modules/vite/node_modules/lightningcss-win32-arm64-msvc
521 silly CHANGE node_modules/vite/node_modules/lightningcss-linux-x64-musl
522 silly CHANGE node_modules/vite/node_modules/lightningcss-linux-arm64-musl
523 silly CHANGE node_modules/vite/node_modules/lightningcss-linux-arm64-gnu
524 silly CHANGE node_modules/vite/node_modules/lightningcss-linux-arm-gnueabihf
525 silly CHANGE node_modules/vite/node_modules/lightningcss-darwin-x64
526 silly CHANGE node_modules/vite/node_modules/lightningcss-freebsd-x64
527 silly CHANGE node_modules/vite/node_modules/lightningcss-darwin-arm64
528 silly CHANGE node_modules/vite/node_modules/lightningcss-android-arm64
529 silly CHANGE node_modules/vitest
530 silly CHANGE node_modules/update-browserslist-db
531 silly CHANGE node_modules/typescript
532 silly CHANGE node_modules/tsx
533 silly CHANGE node_modules/tldts
534 silly CHANGE node_modules/srvx
535 silly CHANGE node_modules/semver
536 silly CHANGE node_modules/safe-regex2
537 silly CHANGE node_modules/rolldown
538 silly CHANGE node_modules/prisma
539 silly CHANGE node_modules/prettier
540 silly CHANGE node_modules/napi-postinstall
541 silly CHANGE node_modules/nanoid
542 silly CHANGE node_modules/lz-string
543 silly CHANGE node_modules/loose-envify
544 silly CHANGE node_modules/json5
545 silly CHANGE node_modules/jiti
546 silly CHANGE node_modules/jsesc
547 silly CHANGE node_modules/js-yaml
548 silly CHANGE node_modules/eslint-plugin-import-x/node_modules/semver
549 silly REMOVE node_modules/intl-messageformat
550 silly CHANGE node_modules/h3-v2
551 silly CHANGE node_modules/giget
552 silly CHANGE node_modules/eslint-plugin-n/node_modules/semver
553 silly CHANGE node_modules/eslint
554 silly CHANGE node_modules/esbuild
555 silly CHANGE node_modules/eslint-compat-utils/node_modules/semver
556 silly CHANGE node_modules/dotenv-cli
557 silly CHANGE node_modules/dodopayments
558 silly CHANGE node_modules/cssesc
559 silly CHANGE node_modules/browserslist
560 silly CHANGE node_modules/baseline-browser-mapping
561 silly CHANGE node_modules/astring
562 silly CHANGE node_modules/acorn
563 silly CHANGE node_modules/@unrs/resolver-binding-win32-x64-msvc
564 silly CHANGE node_modules/@unrs/resolver-binding-win32-ia32-msvc
565 silly CHANGE node_modules/@unrs/resolver-binding-win32-arm64-msvc
566 silly CHANGE node_modules/@unrs/resolver-binding-wasm32-wasi
567 silly CHANGE node_modules/@unrs/resolver-binding-openharmony-arm64
568 silly CHANGE node_modules/@unrs/resolver-binding-linux-x64-musl
569 silly CHANGE node_modules/@unrs/resolver-binding-linux-s390x-gnu
570 silly CHANGE node_modules/@unrs/resolver-binding-linux-riscv64-musl
571 silly CHANGE node_modules/@unrs/resolver-binding-linux-riscv64-gnu
572 silly CHANGE node_modules/@unrs/resolver-binding-linux-ppc64-gnu
573 silly CHANGE node_modules/@unrs/resolver-binding-linux-loong64-musl
574 silly CHANGE node_modules/@unrs/resolver-binding-linux-loong64-gnu
575 silly CHANGE node_modules/@unrs/resolver-binding-linux-arm64-musl
576 silly CHANGE node_modules/@unrs/resolver-binding-linux-arm64-gnu
577 silly CHANGE node_modules/@unrs/resolver-binding-linux-arm-gnueabihf
578 silly CHANGE node_modules/@unrs/resolver-binding-linux-arm-musleabihf
579 silly CHANGE node_modules/@unrs/resolver-binding-freebsd-x64
580 silly CHANGE node_modules/@unrs/resolver-binding-darwin-x64
581 silly CHANGE node_modules/@unrs/resolver-binding-android-arm64
582 silly CHANGE node_modules/@unrs/resolver-binding-darwin-arm64
583 silly CHANGE node_modules/@unrs/resolver-binding-android-arm-eabi
584 silly CHANGE node_modules/@tailwindcss/oxide-win32-x64-msvc
585 silly CHANGE node_modules/@tailwindcss/oxide-wasm32-wasi
586 silly CHANGE node_modules/@tailwindcss/oxide-win32-arm64-msvc
587 silly CHANGE node_modules/@tailwindcss/oxide-linux-x64-musl
588 silly CHANGE node_modules/@tailwindcss/oxide-linux-arm64-gnu
589 silly CHANGE node_modules/@tailwindcss/oxide-linux-arm64-musl
590 silly CHANGE node_modules/@tailwindcss/oxide-linux-arm-gnueabihf
591 silly CHANGE node_modules/@tailwindcss/oxide-darwin-x64
592 silly CHANGE node_modules/@tailwindcss/oxide-freebsd-x64
593 silly CHANGE node_modules/@tailwindcss/oxide-darwin-arm64
594 silly CHANGE node_modules/@tailwindcss/oxide-android-arm64
595 silly CHANGE node_modules/@rolldown/binding-freebsd-x64
596 silly CHANGE node_modules/@sentry/cli-win32-x64
597 silly CHANGE node_modules/@sentry/cli-win32-i686
598 silly CHANGE node_modules/@sentry/cli-win32-arm64
599 silly CHANGE node_modules/@sentry/cli-linux-i686
600 silly CHANGE node_modules/@sentry/cli-linux-arm64
601 silly CHANGE node_modules/@sentry/cli-linux-arm
602 silly CHANGE node_modules/@sentry/cli-darwin
603 silly CHANGE node_modules/@rolldown/binding-win32-x64-msvc
604 silly CHANGE node_modules/@rolldown/binding-win32-arm64-msvc
605 silly CHANGE node_modules/@rolldown/binding-openharmony-arm64
606 silly CHANGE node_modules/@rolldown/binding-linux-x64-musl
607 silly CHANGE node_modules/@rolldown/binding-linux-s390x-gnu
608 silly CHANGE node_modules/@rolldown/binding-linux-ppc64-gnu
609 silly CHANGE node_modules/@rolldown/binding-linux-arm64-musl
610 silly CHANGE node_modules/@rolldown/binding-linux-arm64-gnu
611 silly CHANGE node_modules/@rolldown/binding-linux-arm-gnueabihf
612 silly CHANGE node_modules/@rolldown/binding-darwin-x64
613 silly CHANGE node_modules/@rolldown/binding-darwin-arm64
614 silly CHANGE node_modules/@rolldown/binding-android-arm64
615 silly CHANGE node_modules/@rolldown/binding-android-arm-eabi
616 silly CHANGE node_modules/@oxc-parser/binding-win32-x64-msvc
617 silly CHANGE node_modules/@oxc-parser/binding-win32-ia32-msvc
618 silly CHANGE node_modules/@oxc-parser/binding-win32-arm64-msvc
619 silly CHANGE node_modules/@oxc-parser/binding-wasm32-wasi
620 silly CHANGE node_modules/@oxc-parser/binding-openharmony-arm64
621 silly CHANGE node_modules/@oxc-parser/binding-linux-x64-musl
622 silly CHANGE node_modules/@oxc-parser/binding-linux-riscv64-musl
623 silly CHANGE node_modules/@oxc-parser/binding-linux-s390x-gnu
624 silly CHANGE node_modules/@oxc-parser/binding-linux-riscv64-gnu
625 silly CHANGE node_modules/@oxc-parser/binding-linux-ppc64-gnu
626 silly CHANGE node_modules/@oxc-parser/binding-linux-arm64-musl
627 silly CHANGE node_modules/@oxc-parser/binding-linux-arm64-gnu
628 silly CHANGE node_modules/@oxc-parser/binding-linux-arm-musleabihf
629 silly CHANGE node_modules/@oxc-parser/binding-linux-arm-gnueabihf
630 silly CHANGE node_modules/@oxc-parser/binding-freebsd-x64
631 silly CHANGE node_modules/@oxc-parser/binding-darwin-x64
632 silly CHANGE node_modules/@oxc-parser/binding-darwin-arm64
633 silly CHANGE node_modules/@oxc-parser/binding-android-arm64
634 silly CHANGE node_modules/@oxc-parser/binding-android-arm-eabi
635 silly CHANGE node_modules/@esbuild/win32-x64
636 silly CHANGE node_modules/@esbuild/win32-arm64
637 silly CHANGE node_modules/@esbuild/win32-ia32
638 silly CHANGE node_modules/@esbuild/sunos-x64
639 silly CHANGE node_modules/@esbuild/openharmony-arm64
640 silly CHANGE node_modules/@esbuild/openbsd-x64
641 silly CHANGE node_modules/@esbuild/netbsd-x64
642 silly CHANGE node_modules/@esbuild/openbsd-arm64
643 silly CHANGE node_modules/@esbuild/netbsd-arm64
644 silly CHANGE node_modules/@esbuild/linux-riscv64
645 silly CHANGE node_modules/@esbuild/linux-s390x
646 silly CHANGE node_modules/@esbuild/linux-mips64el
647 silly CHANGE node_modules/@esbuild/linux-ppc64
648 silly CHANGE node_modules/@esbuild/linux-loong64
649 silly CHANGE node_modules/@esbuild/linux-ia32
650 silly CHANGE node_modules/@esbuild/linux-arm
651 silly CHANGE node_modules/@esbuild/freebsd-x64
652 silly CHANGE node_modules/@esbuild/linux-arm64
653 silly CHANGE node_modules/@esbuild/freebsd-arm64
654 silly CHANGE node_modules/@esbuild/darwin-x64
655 silly CHANGE node_modules/@esbuild/darwin-arm64
656 silly CHANGE node_modules/@esbuild/android-x64
657 silly CHANGE node_modules/@esbuild/aix-ppc64
658 silly CHANGE node_modules/@esbuild/android-arm64
659 silly CHANGE node_modules/@esbuild/android-arm
660 silly CHANGE node_modules/lightningcss-win32-x64-msvc
661 silly CHANGE node_modules/lightningcss-win32-arm64-msvc
662 silly CHANGE node_modules/lightningcss-linux-x64-musl
663 silly CHANGE node_modules/lightningcss-linux-arm64-gnu
664 silly CHANGE node_modules/lightningcss-linux-arm64-musl
665 silly CHANGE node_modules/lightningcss-darwin-x64
666 silly CHANGE node_modules/lightningcss-freebsd-x64
667 silly CHANGE node_modules/lightningcss-linux-arm-gnueabihf
668 silly CHANGE node_modules/lightningcss-darwin-arm64
669 silly CHANGE node_modules/lightningcss-android-arm64
670 silly CHANGE node_modules/fsevents
671 verbose cwd /home/gjugn/.local/share/trueforge/sandboxes/01m13pwnyffsvyyc9snj21949j/01m13pxq97ts3g094ykmjfff8v
672 verbose os Linux 6.6.87.2-microsoft-standard-WSL2
673 verbose node v22.22.0
674 verbose npm  v10.9.4
675 verbose exit 0
676 info ok
